{"type": "FeatureCollection", "features": [{"type": "Feature", "properties": {"name": "", "fclass": "residential"}, "geometry": {"type": "LineString", "coordinates": [[106.6521709, 10.9595299], [106.652298, 10.9595869]]}}, {"type": "Feature", "properties": {"name": "", "fclass": "residential"}, "geometry": {"type": "LineString", "coordinates": [[106.6519954, 10.9599883], [106.6521709, 10.9595299]]}}, {"type": "Feature", "properties": {"name": "", "fclass": "residential"}, "geometry": {"type": "LineString", "coordinates": [[106.6520799, 10.961602], [106.6520734, 10.9615632], [106.652201, 10.9612276], [106.652203, 10.9612149], [106.652201, 10.9612016], [106.6521966, 10.9611871], [106.6521873, 10.9611785], [106.6512348, 10.9606965]]}}, {"type": "Feature", "properties": {"name": "Ngô Thị Lan", "fclass": "service"}, "geometry": {"type": "LineString", "coordinates": [[106.6520734, 10.9615632], [106.6515881, 10.961341]]}}, {"type": "Feature", "properties": {"name": "", "fclass": "residential"}, "geometry": {"type": "LineString", "coordinates": [[106.6509038, 10.9617561], [106.6509379, 10.9616575]]}}, {"type": "Feature", "properties": {"name": "", "fclass": "residential"}, "geometry": {"type": "LineString", "coordinates": [[106.6508482, 10.9619061], [106.6509038, 10.9617561]]}}, {"type": "Feature", "properties": {"name": "", "fclass": "residential"}, "geometry": {"type": "LineString", "coordinates": [[106.6530621, 10.9637048], [106.6526847, 10.9635245], [106.6524536, 10.9634362], [106.6518684, 10.9632159], [106.6513641, 10.9630342]]}}, {"type": "Feature", "properties": {"name": "", "fclass": "residential"}, "geometry": {"type": "LineString", "coordinates": [[106.6503076, 10.9633633], [106.6504562, 10.9634015], [106.6506332, 10.9634884], [106.65088, 10.9635674], [106.6510946, 10.963628], [106.651352, 10.9636964], [106.6516229, 10.9637886], [106.6518724, 10.9638755], [106.6520709, 10.9639519], [106.6522211, 10.9640045], [106.6523498, 10.9640756]]}}, {"type": "Feature", "properties": {"name": "", "fclass": "residential"}, "geometry": {"type": "LineString", "coordinates": [[106.6498905, 10.9645998], [106.6506301, 10.9647224], [106.6509545, 10.9648026], [106.6510266, 10.9648144], [106.6518725, 10.9648168]]}}, {"type": "Feature", "properties": {"name": "", "fclass": "residential"}, "geometry": {"type": "LineString", "coordinates": [[106.6526561, 10.9647494], [106.6525056, 10.9647114], [106.6523875, 10.9647066], [106.6520021, 10.9647394], [106.651992, 10.9647361], [106.6519724, 10.9647222], [106.651962, 10.9647192], [106.6511897, 10.9647347]]}}, {"type": "Feature", "properties": {"name": "", "fclass": "residential"}, "geometry": {"type": "LineString", "coordinates": [[106.651492, 10.9657287], [106.6514611, 10.965665], [106.6514685, 10.9654437]]}}, {"type": "Feature", "properties": {"name": "", "fclass": "residential"}, "geometry": {"type": "LineString", "coordinates": [[106.6522817, 10.9657008], [106.6515687, 10.9657388], [106.651492, 10.9657287]]}}, {"type": "Feature", "properties": {"name": "", "fclass": "service"}, "geometry": {"type": "LineString", "coordinates": [[106.6528809, 10.9657714], [106.6527428, 10.9656964], [106.6527039, 10.9656806], [106.6526673, 10.965677], [106.6526348, 10.9656776], [106.6522817, 10.9657008]]}}, {"type": "Feature", "properties": {"name": "", "fclass": "residential"}, "geometry": {"type": "LineString", "coordinates": [[106.6504787, 10.970713], [106.6504329, 10.9705516], [106.6503742, 10.9703383], [106.6503172, 10.9701115], [106.650019, 10.968925], [106.6499477, 10.9686312], [106.6499325, 10.9685339], [106.6498982, 10.9681073], [106.6499076, 10.9676095], [106.6498834, 10.9646487], [106.6498905, 10.9645998], [106.6499048, 10.9645016], [106.6499547, 10.9643148], [106.6503076, 10.9633633], [106.6508482, 10.9619061]]}}, {"type": "Feature", "properties": {"name": "", "fclass": "residential"}, "geometry": {"type": "LineString", "coordinates": [[106.6505085, 10.9664041], [106.6509899, 10.9663659], [106.6512079, 10.9663593], [106.6515747, 10.9663237]]}}, {"type": "Feature", "properties": {"name": "", "fclass": "residential"}, "geometry": {"type": "LineString", "coordinates": [[106.6511703, 10.9660604], [106.6512079, 10.9663593], [106.6512548, 10.966772]]}}, {"type": "Feature", "properties": {"name": "", "fclass": "service"}, "geometry": {"type": "LineString", "coordinates": [[106.6532598, 10.9666898], [106.6529138, 10.9666812], [106.6525248, 10.966699], [106.6521956, 10.9666977], [106.6521389, 10.966699], [106.6518879, 10.9667014]]}}, {"type": "Feature", "properties": {"name": "", "fclass": "residential"}, "geometry": {"type": "LineString", "coordinates": [[106.6573735, 10.9658003], [106.6574793, 10.9656138], [106.6575664, 10.9654414], [106.6576474, 10.965308], [106.6576595, 10.9652896]]}}, {"type": "Feature", "properties": {"name": "", "fclass": "residential"}, "geometry": {"type": "LineString", "coordinates": [[106.6568129, 10.9661967], [106.6570914, 10.9662403], [106.6571822, 10.9662419], [106.6572855, 10.9662357], [106.6573809, 10.9662311], [106.6574545, 10.9662375]]}}, {"type": "Feature", "properties": {"name": "", "fclass": "residential"}, "geometry": {"type": "LineString", "coordinates": [[106.6578875, 10.9675112], [106.6577257, 10.967566], [106.6575708, 10.9676871], [106.6575251, 10.9677061], [106.6574675, 10.9677068], [106.6574151, 10.9677088], [106.6573628, 10.9677101], [106.657281, 10.967743], [106.6571081, 10.9678089], [106.6570531, 10.9678247], [106.6569632, 10.9678313], [106.6568975, 10.967826], [106.6568271, 10.9677977], [106.656585, 10.967695], [106.6564355, 10.9677424], [106.6563235, 10.9677542], [106.6557723, 10.9677608], [106.6557448, 10.9677529], [106.655724, 10.9677319], [106.6557134, 10.9676838], [106.6556234, 10.9671828], [106.655606, 10.9669847], [106.6556181, 10.9669261], [106.6556536, 10.9668741], [106.6557723, 10.9667141], [106.6558327, 10.9665864], [106.65595, 10.9663369], [106.6559567, 10.9663119], [106.6559527, 10.9662849], [106.6559319, 10.9662164], [106.6558964, 10.9661309], [106.6558206, 10.9660045], [106.6557897, 10.9659504], [106.6557743, 10.9658945], [106.6557509, 10.9657734], [106.6557375, 10.9657372], [106.65571, 10.9656918], [106.6556878, 10.9656608], [106.6556275, 10.9655746], [106.6556141, 10.965541], [106.6556074, 10.9655061], [106.6556033, 10.9654126], [106.6556107, 10.9653172], [106.6556796, 10.9649725]]}}, {"type": "Feature", "properties": {"name": "", "fclass": "residential"}, "geometry": {"type": "LineString", "coordinates": [[106.6575556, 10.9659164], [106.6575184, 10.9660255], [106.6574545, 10.9662375], [106.657434, 10.9663916], [106.6574326, 10.966672], [106.6574125, 10.9669932]]}}, {"type": "Feature", "properties": {"name": "", "fclass": "residential"}, "geometry": {"type": "LineString", "coordinates": [[106.656581, 10.9677121], [106.656585, 10.967695], [106.6565921, 10.9676465], [106.6566128, 10.9674974], [106.6566934, 10.9669758], [106.6567097, 10.966852], [106.6567829, 10.9663412], [106.6568129, 10.9661967], [106.6569358, 10.9656046]]}}, {"type": "Feature", "properties": {"name": "", "fclass": "residential"}, "geometry": {"type": "LineString", "coordinates": [[106.6555017, 10.9678042], [106.6555127, 10.9677529], [106.6553838, 10.9671249], [106.6553862, 10.9668974], [106.6554357, 10.9668137], [106.6555952, 10.9666248], [106.6556996, 10.9664251], [106.6557409, 10.9663279], [106.6557299, 10.9662658], [106.6557134, 10.9661768], [106.6556749, 10.9660931], [106.655594, 10.965936]]}}, {"type": "Feature", "properties": {"name": "", "fclass": "residential"}, "geometry": {"type": "LineString", "coordinates": [[106.6580683, 10.9672321], [106.657906, 10.9671328], [106.6577317, 10.9670406], [106.6575707, 10.9670262], [106.6574125, 10.9669932], [106.6566934, 10.9669758]]}}, {"type": "Feature", "properties": {"name": "", "fclass": "residential"}, "geometry": {"type": "LineString", "coordinates": [[106.6566128, 10.9674974], [106.6563677, 10.9674921]]}}, {"type": "Feature", "properties": {"name": "Bùi Quốc Khánh", "fclass": "tertiary"}, "geometry": {"type": "LineString", "coordinates": [[106.6577884, 10.9676571], [106.6578875, 10.9675112]]}}, {"type": "Feature", "properties": {"name": "", "fclass": "service"}, "geometry": {"type": "LineString", "coordinates": [[106.6577154, 10.967755], [106.6577021, 10.9677551], [106.6576016, 10.9677556]]}}, {"type": "Feature", "properties": {"name": "", "fclass": "residential"}, "geometry": {"type": "LineString", "coordinates": [[106.6541054, 10.9643518], [106.6539347, 10.9646047], [106.6536616, 10.9650092], [106.6535054, 10.9652406], [106.6533872, 10.9654157]]}}, {"type": "Feature", "properties": {"name": "", "fclass": "residential"}, "geometry": {"type": "LineString", "coordinates": [[106.6546636, 10.9649686], [106.6552988, 10.9651633], [106.6554076, 10.9648585]]}}, {"type": "Feature", "properties": {"name": "", "fclass": "residential"}, "geometry": {"type": "LineString", "coordinates": [[106.6544666, 10.9654236], [106.6546282, 10.9650182], [106.6546636, 10.9649686]]}}, {"type": "Feature", "properties": {"name": "", "fclass": "residential"}, "geometry": {"type": "LineString", "coordinates": [[106.6538116, 10.9654133], [106.6535054, 10.9652406]]}}, {"type": "Feature", "properties": {"name": "", "fclass": "residential"}, "geometry": {"type": "LineString", "coordinates": [[106.6555859, 10.9649279], [106.6555578, 10.9650789], [106.6555081, 10.9652816], [106.6554759, 10.96552], [106.6554759, 10.9656042], [106.6554894, 10.9656556], [106.655535, 10.9657332], [106.6555765, 10.9657964], [106.6556007, 10.965857], [106.6556007, 10.9659057], [106.655594, 10.965936], [106.6545063, 10.9658662]]}}, {"type": "Feature", "properties": {"name": "", "fclass": "service"}, "geometry": {"type": "LineString", "coordinates": [[106.6538986, 10.9673728], [106.6539087, 10.9665905]]}}, {"type": "Feature", "properties": {"name": "", "fclass": "service"}, "geometry": {"type": "LineString", "coordinates": [[106.6536455, 10.9673991], [106.6536299, 10.9668142], [106.6536279, 10.9667391], [106.6536145, 10.9666911], [106.653585, 10.9666726], [106.6535059, 10.9666733]]}}, {"type": "Feature", "properties": {"name": "", "fclass": "service"}, "geometry": {"type": "LineString", "coordinates": [[106.6515514, 10.9675781], [106.6518065, 10.9675669], [106.6525249, 10.9675078], [106.6526665, 10.96748], [106.6529178, 10.9674731], [106.6531337, 10.9674522], [106.6532403, 10.9674411], [106.6536455, 10.9673991], [106.6538986, 10.9673728], [106.6540043, 10.9673619], [106.6543441, 10.9673341], [106.6553838, 10.9671249]]}}, {"type": "Feature", "properties": {"name": "", "fclass": "residential"}, "geometry": {"type": "LineString", "coordinates": [[106.654889, 10.9683098], [106.655006, 10.9682421], [106.655072, 10.96821], [106.6557887, 10.9679569], [106.6560185, 10.9679324], [106.6561438, 10.9679057]]}}, {"type": "Feature", "properties": {"name": "", "fclass": "residential"}, "geometry": {"type": "LineString", "coordinates": [[106.6541806, 10.9687287], [106.6543775, 10.9686436], [106.6544483, 10.968556], [106.6544798, 10.9683602], [106.6545665, 10.9682596], [106.6547003, 10.9681901], [106.6549235, 10.9680251], [106.6554588, 10.9678351], [106.6555017, 10.9678042]]}}, {"type": "Feature", "properties": {"name": "", "fclass": "residential"}, "geometry": {"type": "LineString", "coordinates": [[106.6565736, 10.9678063], [106.656581, 10.9677121]]}}, {"type": "Feature", "properties": {"name": "", "fclass": "residential"}, "geometry": {"type": "LineString", "coordinates": [[106.6565716, 10.9678372], [106.6565736, 10.9678063]]}}, {"type": "Feature", "properties": {"name": "", "fclass": "service"}, "geometry": {"type": "LineString", "coordinates": [[106.6576016, 10.9677556], [106.6573924, 10.9677852], [106.6571335, 10.9679122], [106.6570719, 10.9679386], [106.6569015, 10.967928], [106.656809, 10.9679386]]}}, {"type": "Feature", "properties": {"name": "", "fclass": "residential"}, "geometry": {"type": "LineString", "coordinates": [[106.656809, 10.9679386], [106.6566803, 10.9678754], [106.6565716, 10.9678372], [106.6565153, 10.9678438], [106.6564375, 10.9678662], [106.6561438, 10.9679057]]}}, {"type": "Feature", "properties": {"name": "", "fclass": "residential"}, "geometry": {"type": "LineString", "coordinates": [[106.656809, 10.9679386], [106.6567929, 10.967961], [106.6568264, 10.9680176], [106.6568586, 10.9681387], [106.6569458, 10.9682835], [106.6570343, 10.9683928], [106.6572007, 10.9685101]]}}, {"type": "Feature", "properties": {"name": "", "fclass": "residential"}, "geometry": {"type": "LineString", "coordinates": [[106.6557898, 10.9680926], [106.6558065, 10.9681861], [106.6558414, 10.9682835], [106.6558669, 10.9683342], [106.6558765, 10.9683673]]}}, {"type": "Feature", "properties": {"name": "", "fclass": "residential"}, "geometry": {"type": "LineString", "coordinates": [[106.6568586, 10.9681387], [106.6568211, 10.9681927], [106.6567393, 10.9682322], [106.656628, 10.968248], [106.6565421, 10.9682256], [106.6564845, 10.968244], [106.6564456, 10.9682941], [106.6562444, 10.9684349]]}}, {"type": "Feature", "properties": {"name": "", "fclass": "residential"}, "geometry": {"type": "LineString", "coordinates": [[106.6554132, 10.9684668], [106.6554406, 10.9684772], [106.6554604, 10.9684952], [106.6554771, 10.9685281], [106.6555106, 10.9686133], [106.6555335, 10.9687479], [106.6555518, 10.9687867], [106.6555822, 10.9688151], [106.6556706, 10.9688525], [106.6557376, 10.9688675], [106.6559084, 10.9688892]]}}, {"type": "Feature", "properties": {"name": "Bùi Quốc Khánh", "fclass": "tertiary"}, "geometry": {"type": "LineString", "coordinates": [[106.6562071, 10.969968], [106.6572007, 10.9685101], [106.6577154, 10.967755], [106.6577651, 10.9676885], [106.6577884, 10.9676571]]}}, {"type": "Feature", "properties": {"name": "", "fclass": "residential"}, "geometry": {"type": "LineString", "coordinates": [[106.6559088, 10.9689193], [106.6561343, 10.9689687], [106.6561982, 10.9689704], [106.6562958, 10.9689572], [106.6564371, 10.9689076], [106.6564943, 10.9689027], [106.6565667, 10.9689043], [106.6567635, 10.9689142]]}}, {"type": "Feature", "properties": {"name": "", "fclass": "service"}, "geometry": {"type": "LineString", "coordinates": [[106.6597672, 10.9673822], [106.6598672, 10.9680203], [106.659989, 10.9680243], [106.6600419, 10.9682564]]}}, {"type": "Feature", "properties": {"name": "", "fclass": "service"}, "geometry": {"type": "LineString", "coordinates": [[106.6602357, 10.9676118], [106.6602823, 10.9678632], [106.6602858, 10.9678821], [106.6602805, 10.9679366], [106.6602608, 10.9679699], [106.6602374, 10.9680058], [106.6602604, 10.968126]]}}, {"type": "Feature", "properties": {"name": "", "fclass": "service"}, "geometry": {"type": "LineString", "coordinates": [[106.6596978, 10.9683869], [106.6596696, 10.9681775], [106.6596615, 10.9679656], [106.6596106, 10.9676812], [106.6595911, 10.9674705], [106.6595828, 10.9673741]]}}, {"type": "Feature", "properties": {"name": "", "fclass": "service"}, "geometry": {"type": "LineString", "coordinates": [[106.6602823, 10.9678632], [106.6600613, 10.9679071]]}}, {"type": "Feature", "properties": {"name": "", "fclass": "service"}, "geometry": {"type": "LineString", "coordinates": [[106.659566, 10.9689822], [106.6596387, 10.9688167], [106.6596749, 10.9687048], [106.6596884, 10.9685863], [106.6596937, 10.9684613], [106.6596978, 10.9683869], [106.6597339, 10.968381], [106.6598292, 10.9683467], [106.6599338, 10.9683099], [106.6600419, 10.9682564], [106.6600934, 10.9682309], [106.6601966, 10.968169], [106.6602604, 10.968126], [106.6604447, 10.9680018], [106.6605896, 10.9679465], [106.6607503, 10.9678711]]}}, {"type": "Feature", "properties": {"name": "", "fclass": "residential"}, "geometry": {"type": "LineString", "coordinates": [[106.6578011, 10.9693445], [106.6577169, 10.9691485], [106.6576485, 10.9690485], [106.6575962, 10.9689142], [106.6575761, 10.9688115], [106.6575748, 10.9686864], [106.6576083, 10.9685811], [106.6577022, 10.9685113], [106.6577317, 10.9684797], [106.6577478, 10.9684586], [106.6577397, 10.9684204], [106.6577102, 10.9683204], [106.6577035, 10.9682651], [106.657729, 10.9682401], [106.6577545, 10.9682295], [106.6578296, 10.9682085], [106.6578899, 10.9682282], [106.6581045, 10.9682796], [106.6581756, 10.9682704], [106.6582158, 10.9682453], [106.6582614, 10.9682032], [106.6583338, 10.9681914], [106.6588287, 10.9682019], [106.6588595, 10.9682124], [106.6590138, 10.9685561], [106.6591249, 10.9689336]]}}, {"type": "Feature", "properties": {"name": "Hẻm 817 Đường Cách Mạng Tháng 8", "fclass": "residential"}, "geometry": {"type": "LineString", "coordinates": [[106.6602073, 10.9688893], [106.6603039, 10.9690261]]}}, {"type": "Feature", "properties": {"name": "Lò Chén", "fclass": "residential"}, "geometry": {"type": "LineString", "coordinates": [[106.6562071, 10.969968], [106.6564124, 10.9699061], [106.6564895, 10.9698829], [106.6570516, 10.9696445], [106.6573781, 10.9695122], [106.6578011, 10.9693445], [106.658, 10.9692656], [106.65844, 10.969082], [106.6586849, 10.9690222], [106.6590185, 10.9689408], [106.6591249, 10.9689336], [106.6593459, 10.9689187], [106.659566, 10.9689822], [106.6596109, 10.9689952], [106.659891, 10.9691696]]}}, {"type": "Feature", "properties": {"name": "", "fclass": "service"}, "geometry": {"type": "LineString", "coordinates": [[106.6597978, 10.9697506], [106.6596052, 10.9697423], [106.6594416, 10.9697423], [106.6592538, 10.9697871], [106.6590822, 10.9698503], [106.6590714, 10.9698924], [106.6590768, 10.970003], [106.6590527, 10.9700372], [106.6588381, 10.9700688], [106.6587764, 10.9700241], [106.6587362, 10.9699503], [106.6587496, 10.9698529], [106.6587147, 10.9696396], [106.6587093, 10.9694211], [106.6586849, 10.9690222]]}}, {"type": "Feature", "properties": {"name": "", "fclass": "residential"}, "geometry": {"type": "LineString", "coordinates": [[106.658, 10.9692656], [106.6580174, 10.9694639], [106.6580054, 10.9695939], [106.6579603, 10.9697298], [106.6579422, 10.9697889], [106.6580054, 10.969916], [106.6580355, 10.9699692], [106.6580265, 10.9700637], [106.6579874, 10.9701849], [106.6579452, 10.9703267]]}}, {"type": "Feature", "properties": {"name": "", "fclass": "residential"}, "geometry": {"type": "LineString", "coordinates": [[106.6548716, 10.9685831], [106.6549883, 10.9685164], [106.6550945, 10.9684832], [106.6552556, 10.9684717], [106.6553424, 10.9684638], [106.6554132, 10.9684668]]}}, {"type": "Feature", "properties": {"name": "", "fclass": "residential"}, "geometry": {"type": "LineString", "coordinates": [[106.6537318, 10.9694198], [106.6538257, 10.9692894], [106.6538968, 10.9692223], [106.6539417, 10.9691762], [106.6540182, 10.9691439], [106.6542341, 10.9690932], [106.6543843, 10.9690524], [106.6544554, 10.9690248], [106.6545144, 10.9689734], [106.6545901, 10.9688832], [106.6546411, 10.9687825], [106.654666, 10.9686504], [106.6546686, 10.9686364], [106.6546813, 10.9685126], [106.6547008, 10.9684501], [106.654741, 10.968402], [106.6548356, 10.9683408], [106.654889, 10.9683098]]}}, {"type": "Feature", "properties": {"name": "", "fclass": "residential"}, "geometry": {"type": "LineString", "coordinates": [[106.6549817, 10.9690886], [106.6549978, 10.9689925], [106.6550025, 10.9689194], [106.6549784, 10.9688615], [106.6549107, 10.9687226], [106.6549006, 10.9687078], [106.6548862, 10.9687048], [106.6548738, 10.9687068], [106.6548141, 10.9687575], [106.6548007, 10.9687605], [106.6547745, 10.9687489], [106.654666, 10.9686504]]}}, {"type": "Feature", "properties": {"name": "", "fclass": "residential"}, "geometry": {"type": "LineString", "coordinates": [[106.6528615, 10.9691084], [106.6528601, 10.9693065], [106.6528514, 10.9693368], [106.6528397, 10.9693473], [106.6528172, 10.9693514]]}}, {"type": "Feature", "properties": {"name": "", "fclass": "residential"}, "geometry": {"type": "LineString", "coordinates": [[106.6554865, 10.9695858], [106.6553646, 10.9695047], [106.6552151, 10.9694448], [106.6551447, 10.9694191], [106.655085, 10.9693763], [106.6550399, 10.9693284], [106.6550366, 10.9693171], [106.6550384, 10.9693032], [106.6550498, 10.9692667], [106.6550488, 10.9692354], [106.6550485, 10.969193], [106.6550324, 10.9691574]]}}, {"type": "Feature", "properties": {"name": "", "fclass": "residential"}, "geometry": {"type": "LineString", "coordinates": [[106.6557442, 10.9701886], [106.6556852, 10.9700241], [106.6556154, 10.969928], [106.6555685, 10.9695619], [106.6554865, 10.9695858], [106.654745, 10.9698016], [106.654387, 10.9699503], [106.6541362, 10.9700254]]}}, {"type": "Feature", "properties": {"name": "", "fclass": "residential"}, "geometry": {"type": "LineString", "coordinates": [[106.6512974, 10.97126], [106.6512763, 10.9713347], [106.6512984, 10.9713999], [106.6513507, 10.9714414], [106.6514479, 10.9714756], [106.6516136, 10.9714703], [106.6520548, 10.9713742], [106.6521433, 10.9713525], [106.6521674, 10.97134], [106.6521969, 10.9713084], [106.6522305, 10.9712452], [106.6523136, 10.9710583], [106.652439, 10.9707423], [106.6524725, 10.9705599], [106.6525087, 10.970473], [106.652549, 10.9704079], [106.6526878, 10.9702643], [106.6528112, 10.9700912], [106.6529312, 10.9699793], [106.6530257, 10.9699161], [106.6530613, 10.9699036], [106.6531136, 10.9699036], [106.6533295, 10.9699056], [106.6533808, 10.9699043], [106.6534043, 10.969896], [106.653423, 10.9698746], [106.6534314, 10.9698499], [106.6534254, 10.9698187], [106.6533929, 10.9697084], [106.6533758, 10.9696097], [106.6533778, 10.9694625], [106.6534033, 10.9693401], [106.6534636, 10.9692466], [106.6535501, 10.9691301], [106.6537218, 10.9689214], [106.6537962, 10.9688401], [106.6538197, 10.9688164], [106.6538448, 10.9688042], [106.6539766, 10.9687647], [106.6541301, 10.9687377], [106.6541806, 10.9687287]]}}, {"type": "Feature", "properties": {"name": "", "fclass": "residential"}, "geometry": {"type": "LineString", "coordinates": [[106.6541362, 10.9700254], [106.6541204, 10.9700349], [106.6541077, 10.9700468], [106.6541053, 10.9700655], [106.6541201, 10.9701274], [106.6541871, 10.9703157], [106.6542314, 10.9704072], [106.6542405, 10.9704136], [106.6542502, 10.9704154], [106.654267, 10.9704138]]}}, {"type": "Feature", "properties": {"name": "", "fclass": "residential"}, "geometry": {"type": "LineString", "coordinates": [[106.6559437, 10.9702812], [106.6557442, 10.9701886], [106.6555497, 10.9701162], [106.6552815, 10.9700952], [106.6548899, 10.97019], [106.654267, 10.9704138]]}}, {"type": "Feature", "properties": {"name": "", "fclass": "residential"}, "geometry": {"type": "LineString", "coordinates": [[106.6558489, 10.9707406], [106.655661, 10.9707087], [106.6555712, 10.9706626], [106.6555108, 10.9705981], [106.6554491, 10.9705481], [106.6553834, 10.9705204], [106.6553003, 10.9705573], [106.6551921, 10.9706608]]}}, {"type": "Feature", "properties": {"name": "", "fclass": "residential"}, "geometry": {"type": "LineString", "coordinates": [[106.6561553, 10.9700184], [106.6560295, 10.9698514], [106.6560029, 10.969773], [106.6559519, 10.969501], [106.6559452, 10.9693748], [106.6559486, 10.9691637], [106.6559342, 10.9691006], [106.6559098, 10.9689853], [106.6559088, 10.9689193], [106.6559084, 10.9688892], [106.6559319, 10.9687786], [106.6559275, 10.9686959], [106.6558943, 10.9685371], [106.6558765, 10.9683673]]}}, {"type": "Feature", "properties": {"name": "", "fclass": "residential"}, "geometry": {"type": "LineString", "coordinates": [[106.6564124, 10.9699061], [106.6564769, 10.9700962], [106.6564934, 10.9701306], [106.656507, 10.9701387]]}}, {"type": "Feature", "properties": {"name": "", "fclass": "residential"}, "geometry": {"type": "LineString", "coordinates": [[106.6573781, 10.9695122], [106.6574305, 10.9696353], [106.6574215, 10.9696973], [106.6574095, 10.9697564], [106.6573764, 10.9697948], [106.6573463, 10.9698539], [106.6573493, 10.9699603], [106.6573673, 10.9701908], [106.6573673, 10.9702381], [106.65732, 10.9703348], [106.6572931, 10.9704138], [106.6573092, 10.9704928], [106.6572636, 10.9705402], [106.6571242, 10.970656]]}}, {"type": "Feature", "properties": {"name": "", "fclass": "residential"}, "geometry": {"type": "LineString", "coordinates": [[106.656507, 10.9701387], [106.6567588, 10.9701208], [106.6567941, 10.9701284]]}}, {"type": "Feature", "properties": {"name": "", "fclass": "residential"}, "geometry": {"type": "LineString", "coordinates": [[106.6567941, 10.9701284], [106.6568111, 10.9701476], [106.6568566, 10.9702079], [106.6569044, 10.9702838], [106.656918, 10.9703418], [106.6569362, 10.9707213], [106.6569248, 10.9707459]]}}, {"type": "Feature", "properties": {"name": "Bùi Quốc Khánh", "fclass": "tertiary"}, "geometry": {"type": "LineString", "coordinates": [[106.655775, 10.9715105], [106.6557771, 10.9714903], [106.6558424, 10.9712199], [106.6558459, 10.9707808], [106.6558489, 10.9707406], [106.6558693, 10.9704696], [106.6559437, 10.9702812], [106.6559804, 10.9701882], [106.6561553, 10.9700184], [106.6562071, 10.969968]]}}, {"type": "Feature", "properties": {"name": "", "fclass": "residential"}, "geometry": {"type": "LineString", "coordinates": [[106.6577772, 10.9708707], [106.6577974, 10.970814], [106.657851, 10.9706299]]}}, {"type": "Feature", "properties": {"name": "", "fclass": "residential"}, "geometry": {"type": "LineString", "coordinates": [[106.6569248, 10.9707459], [106.6569021, 10.9707615], [106.6568272, 10.9707748], [106.6567634, 10.9707861], [106.6566156, 10.9707994]]}}, {"type": "Feature", "properties": {"name": "", "fclass": "residential"}, "geometry": {"type": "LineString", "coordinates": [[106.6597816, 10.9700623], [106.6596548, 10.9700952], [106.6594174, 10.9702334], [106.6591237, 10.9704177], [106.6588676, 10.9705915], [106.6588166, 10.9706784], [106.6586936, 10.9708363], [106.6586678, 10.9708693], [106.6585685, 10.9709747], [106.6584612, 10.9710668], [106.6583191, 10.9711353], [106.6581273, 10.9712182], [106.657894, 10.9712893], [106.6576485, 10.9713657], [106.6574326, 10.971421], [106.6570987, 10.9714526], [106.6569418, 10.9714643], [106.6568345, 10.9714723], [106.6565233, 10.9714427], [106.6564483, 10.9714403], [106.6563772, 10.9714381], [106.6562296, 10.9714513], [106.6557771, 10.9714903]]}}, {"type": "Feature", "properties": {"name": "", "fclass": "residential"}, "geometry": {"type": "LineString", "coordinates": [[106.6573092, 10.9704928], [106.6573709, 10.9705744], [106.657446, 10.9706771], [106.6574621, 10.9707877], [106.6575346, 10.9710839], [106.6575687, 10.9710731], [106.6576632, 10.9710432]]}}, {"type": "Feature", "properties": {"name": "", "fclass": "residential"}, "geometry": {"type": "LineString", "coordinates": [[106.6503172, 10.9701115], [106.6503572, 10.970127], [106.6503987, 10.970138], [106.6504412, 10.9701443], [106.6504872, 10.9701456], [106.650533, 10.9701415], [106.6505779, 10.9701319]]}}, {"type": "Feature", "properties": {"name": "", "fclass": "residential"}, "geometry": {"type": "LineString", "coordinates": [[106.6520629, 10.9698947], [106.6519683, 10.9698667], [106.6519307, 10.9698687], [106.651867, 10.969922], [106.6517316, 10.9700767], [106.6516243, 10.9702229], [106.6515391, 10.9703802], [106.6512944, 10.9708812], [106.6511871, 10.9710945], [106.6511093, 10.9712557]]}}, {"type": "Feature", "properties": {"name": "", "fclass": "residential"}, "geometry": {"type": "LineString", "coordinates": [[106.6514676, 10.9709199], [106.6517644, 10.9710079], [106.6518565, 10.9710314], [106.6518853, 10.9710334], [106.6518944, 10.9710295], [106.6519099, 10.9710095], [106.6519291, 10.9708845], [106.6519431, 10.970766], [106.6519612, 10.970709], [106.6519988, 10.9706495]]}}, {"type": "Feature", "properties": {"name": "", "fclass": "residential"}, "geometry": {"type": "LineString", "coordinates": [[106.6512974, 10.97126], [106.6513802, 10.9711261]]}}, {"type": "Feature", "properties": {"name": "", "fclass": "residential"}, "geometry": {"type": "LineString", "coordinates": [[106.651146, 10.9712597], [106.6512898, 10.9712602]]}}, {"type": "Feature", "properties": {"name": "", "fclass": "residential"}, "geometry": {"type": "LineString", "coordinates": [[106.6512898, 10.9712602], [106.6512974, 10.97126]]}}, {"type": "Feature", "properties": {"name": "", "fclass": "residential"}, "geometry": {"type": "LineString", "coordinates": [[106.6508762, 10.9713993], [106.6510127, 10.9713091], [106.6511093, 10.9712557], [106.651146, 10.9712597]]}}, {"type": "Feature", "properties": {"name": "Cầu Thủ Ngữ", "fclass": "tertiary"}, "geometry": {"type": "LineString", "coordinates": [[106.6508899, 10.971417], [106.6511531, 10.9717572]]}}, {"type": "Feature", "properties": {"name": "", "fclass": "service"}, "geometry": {"type": "LineString", "coordinates": [[106.6511833, 10.9717999], [106.6512857, 10.9717496], [106.651342, 10.9717345], [106.651434, 10.9717295], [106.6518723, 10.9717546], [106.6521076, 10.9717429], [106.6521673, 10.9717328], [106.6522372, 10.9717061], [106.652464, 10.971619], [106.6525816, 10.9715956], [106.6527283, 10.971609], [106.6528937, 10.9716475], [106.653071, 10.9716558], [106.6531869, 10.9716525], [106.6536657, 10.9714731]]}}, {"type": "Feature", "properties": {"name": "", "fclass": "residential"}, "geometry": {"type": "LineString", "coordinates": [[106.6521526, 10.9729608], [106.6522349, 10.9731661], [106.652268, 10.9733227], [106.652281, 10.9734753], [106.652287, 10.9737097], [106.6522349, 10.9741648]]}}, {"type": "Feature", "properties": {"name": "", "fclass": "residential"}, "geometry": {"type": "LineString", "coordinates": [[106.6568272, 10.9707748], [106.6568734, 10.9710497], [106.6569196, 10.9713143], [106.6569418, 10.9714643]]}}, {"type": "Feature", "properties": {"name": "", "fclass": "residential"}, "geometry": {"type": "LineString", "coordinates": [[106.6575346, 10.9710839], [106.6576485, 10.9713657]]}}, {"type": "Feature", "properties": {"name": "", "fclass": "residential"}, "geometry": {"type": "LineString", "coordinates": [[106.6564228, 10.9712241], [106.6564483, 10.9714403]]}}, {"type": "Feature", "properties": {"name": "", "fclass": "tertiary"}, "geometry": {"type": "LineString", "coordinates": [[106.6557578, 10.9716281], [106.655768, 10.9715737], [106.655774, 10.9715197], [106.655775, 10.9715105]]}}, {"type": "Feature", "properties": {"name": "", "fclass": "residential"}, "geometry": {"type": "LineString", "coordinates": [[106.6576624, 10.9725617], [106.6575721, 10.9722412], [106.6575654, 10.9721714]]}}, {"type": "Feature", "properties": {"name": "", "fclass": "service"}, "geometry": {"type": "LineString", "coordinates": [[106.6578055, 10.9725416], [106.6578698, 10.9729035]]}}, {"type": "Feature", "properties": {"name": "Bàu Bàng", "fclass": "tertiary"}, "geometry": {"type": "LineString", "coordinates": [[106.6548567, 10.9733502], [106.6549319, 10.9733554], [106.6558158, 10.9730035], [106.6563178, 10.9728103], [106.6564741, 10.9727634], [106.6565177, 10.972752], [106.6566235, 10.9727244], [106.6570947, 10.9726439], [106.6576624, 10.9725617], [106.6578055, 10.9725416], [106.6578644, 10.9725333], [106.6581127, 10.9724983], [106.6586481, 10.9724297], [106.6587736, 10.972415], [106.6588017, 10.972412], [106.658928, 10.9723985], [106.6591072, 10.9723876], [106.6591819, 10.9723849], [106.6593184, 10.9724038], [106.6593998, 10.972411], [106.6595193, 10.9724256], [106.6596385, 10.9724717]]}}, {"type": "Feature", "properties": {"name": "", "fclass": "service"}, "geometry": {"type": "LineString", "coordinates": [[106.6570947, 10.9726439], [106.6571, 10.9731747]]}}, {"type": "Feature", "properties": {"name": "", "fclass": "residential"}, "geometry": {"type": "LineString", "coordinates": [[106.6565177, 10.972752], [106.6564925, 10.973041], [106.6564617, 10.9732787], [106.6564258, 10.9734633], [106.6564194, 10.9734778], [106.656412, 10.9734834], [106.6563933, 10.973486], [106.6562193, 10.9734538]]}}, {"type": "Feature", "properties": {"name": "", "fclass": "service"}, "geometry": {"type": "LineString", "coordinates": [[106.6557254, 10.9736471], [106.6560434, 10.9737231], [106.6562893, 10.9737818], [106.6566893, 10.9738631], [106.6569065, 10.9738968]]}}, {"type": "Feature", "properties": {"name": "", "fclass": "residential"}, "geometry": {"type": "LineString", "coordinates": [[106.6551921, 10.9706608], [106.6550695, 10.9707286], [106.6549406, 10.9707644], [106.6549218, 10.9707627], [106.6548273, 10.970729], [106.65481, 10.9707259], [106.6543749, 10.9709231], [106.6541919, 10.9710834], [106.6541775, 10.9711052]]}}, {"type": "Feature", "properties": {"name": "", "fclass": "residential"}, "geometry": {"type": "LineString", "coordinates": [[106.6541775, 10.9711052], [106.6541728, 10.9711287], [106.6542873, 10.9714129], [106.6542953, 10.9714769], [106.6542829, 10.9717518], [106.6542826, 10.9717884], [106.6542894, 10.9718098], [106.6543021, 10.9718222]]}}, {"type": "Feature", "properties": {"name": "", "fclass": "residential"}, "geometry": {"type": "LineString", "coordinates": [[106.6543021, 10.9718222], [106.6543307, 10.9718289], [106.6546301, 10.9718278], [106.6547907, 10.9718064], [106.6549112, 10.9718075], [106.6549651, 10.9718109], [106.6550167, 10.9718267], [106.6551257, 10.9718931], [106.6551679, 10.971906], [106.6551987, 10.9719075], [106.6552203, 10.9718985], [106.6552557, 10.9718637], [106.6553197, 10.971751], [106.655342, 10.9716913], [106.6553756, 10.9716409], [106.6554177, 10.9715871], [106.6554598, 10.9715483], [106.6555197, 10.9715145], [106.6555848, 10.971507], [106.6557771, 10.9714903]]}}, {"type": "Feature", "properties": {"name": "", "fclass": "service"}, "geometry": {"type": "LineString", "coordinates": [[106.6557523, 10.9716437], [106.655716, 10.9716369], [106.6556241, 10.9716376], [106.6555651, 10.9716534], [106.6554954, 10.9717152], [106.655421, 10.9718377], [106.6553204, 10.9720095], [106.6552962, 10.9720717], [106.6552761, 10.9720993], [106.6552426, 10.9721105], [106.6551983, 10.9721072], [106.6550981, 10.9720648], [106.6550056, 10.9720174], [106.6549553, 10.9720009], [106.6548463, 10.9720032], [106.6547279, 10.9720052], [106.6544728, 10.9720213], [106.6542683, 10.9720227], [106.6541412, 10.9720184], [106.6541027, 10.9720039]]}}, {"type": "Feature", "properties": {"name": "Bùi Quốc Khánh", "fclass": "tertiary"}, "geometry": {"type": "LineString", "coordinates": [[106.6548567, 10.9733502], [106.6548626, 10.9733058], [106.6550891, 10.9729498], [106.6551318, 10.97282], [106.655227, 10.9726991], [106.6554799, 10.9722278], [106.6556612, 10.9718718], [106.6557523, 10.9716437], [106.6557578, 10.9716281]]}}, {"type": "Feature", "properties": {"name": "", "fclass": "residential"}, "geometry": {"type": "LineString", "coordinates": [[106.654083, 10.972482], [106.654237, 10.9725194], [106.6545215, 10.972635], [106.654882, 10.9727524], [106.6551318, 10.97282]]}}, {"type": "Feature", "properties": {"name": "", "fclass": "service"}, "geometry": {"type": "LineString", "coordinates": [[106.6548567, 10.9733502], [106.6547504, 10.9733361], [106.6544088, 10.9731519], [106.6541151, 10.9729939], [106.6539009, 10.9728827], [106.6538319, 10.9728497], [106.6537028, 10.9728167], [106.6535187, 10.9727784], [106.6532002, 10.9727298], [106.6529613, 10.9726951], [106.6528533, 10.9726812], [106.6527879, 10.9726759], [106.65271, 10.9726777], [106.6526321, 10.9726864], [106.6523773, 10.9727228], [106.6522234, 10.9727385], [106.6520995, 10.9727524], [106.651988, 10.9727524], [106.6515625, 10.9727343]]}}, {"type": "Feature", "properties": {"name": "", "fclass": "service"}, "geometry": {"type": "LineString", "coordinates": [[106.651566, 10.972895], [106.6516394, 10.9729105], [106.6517438, 10.9729226], [106.6519066, 10.9729313], [106.6520057, 10.9729278], [106.6520906, 10.9729383], [106.6521526, 10.9729608], [106.6522057, 10.9729695], [106.6522517, 10.9729626], [106.6523685, 10.9729313], [106.6524853, 10.9729035], [106.6525384, 10.9728896], [106.6526392, 10.9728775], [106.6527719, 10.9728792], [106.6528799, 10.9728966], [106.6529985, 10.9729209], [106.6530274, 10.9729241], [106.6531082, 10.9729331], [106.653294, 10.9729591], [106.6535046, 10.9729869], [106.6536196, 10.973013], [106.6537151, 10.973039], [106.6538089, 10.973079], [106.6539222, 10.9731276], [106.6540443, 10.9731745], [106.6541398, 10.9732023], [106.6543681, 10.9733013], [106.6546318, 10.9734091], [106.654692, 10.9734508], [106.6547498, 10.973471]]}}, {"type": "Feature", "properties": {"name": "", "fclass": "service"}, "geometry": {"type": "LineString", "coordinates": [[106.6547498, 10.973471], [106.6548636, 10.9735255], [106.6550264, 10.9735428], [106.6552193, 10.9735689], [106.6553573, 10.9735932], [106.6556104, 10.9736349], [106.6557254, 10.9736471]]}}, {"type": "Feature", "properties": {"name": "", "fclass": "residential"}, "geometry": {"type": "LineString", "coordinates": [[106.6530642, 10.9743381], [106.6530619, 10.9742596], [106.6530585, 10.9741797], [106.6530638, 10.9736204], [106.6530274, 10.9729241]]}}, {"type": "Feature", "properties": {"name": "", "fclass": "tertiary_link"}, "geometry": {"type": "LineString", "coordinates": [[106.6596385, 10.9724717], [106.6597463, 10.972467], [106.6598514, 10.9723997]]}}, {"type": "Feature", "properties": {"name": "", "fclass": "tertiary_link"}, "geometry": {"type": "LineString", "coordinates": [[106.6598747, 10.9726866], [106.6597779, 10.9725992], [106.6596385, 10.9724717]]}}, {"type": "Feature", "properties": {"name": "", "fclass": "residential"}, "geometry": {"type": "LineString", "coordinates": [[106.6593184, 10.9724038], [106.6592874, 10.9728857]]}}, {"type": "Feature", "properties": {"name": "", "fclass": "service"}, "geometry": {"type": "LineString", "coordinates": [[106.6598412, 10.9729025], [106.659966, 10.9729074], [106.660084, 10.97291], [106.6602328, 10.9729193]]}}, {"type": "Feature", "properties": {"name": "", "fclass": "service"}, "geometry": {"type": "LineString", "coordinates": [[106.6578644, 10.9725333], [106.6579074, 10.9727369], [106.657965, 10.9729291], [106.6579834, 10.9736768]]}}, {"type": "Feature", "properties": {"name": "Cách Mạng Tháng Tám", "fclass": "secondary_link"}, "geometry": {"type": "LineString", "coordinates": [[106.6596339, 10.9731927], [106.6597033, 10.9731846], [106.6597735, 10.9732044], [106.6598026, 10.9732807]]}}, {"type": "Feature", "properties": {"name": "", "fclass": "residential"}, "geometry": {"type": "LineString", "coordinates": [[106.6586951, 10.9736707], [106.6586036, 10.9735127], [106.6585063, 10.9733407]]}}, {"type": "Feature", "properties": {"name": "", "fclass": "residential"}, "geometry": {"type": "LineString", "coordinates": [[106.6589906, 10.9734306], [106.6588924, 10.973566], [106.6588526, 10.9735973], [106.6587876, 10.9736312], [106.6586951, 10.9736707]]}}, {"type": "Feature", "properties": {"name": "", "fclass": "service"}, "geometry": {"type": "LineString", "coordinates": [[106.6582756, 10.9736482], [106.6582993, 10.9736442], [106.6584704, 10.9735752], [106.6586036, 10.9735127]]}}, {"type": "Feature", "properties": {"name": "Cách Mạng Tháng Tám", "fclass": "secondary"}, "geometry": {"type": "LineString", "coordinates": [[106.6597727, 10.9701939], [106.6597721, 10.970201], [106.659754, 10.9705515], [106.6597087, 10.9707748], [106.6596555, 10.971009], [106.659634, 10.9711407], [106.6596209, 10.971205], [106.6596096, 10.971265], [106.6596048, 10.9713569], [106.6596097, 10.9714439], [106.6596199, 10.9715229], [106.6596362, 10.9716444], [106.6596426, 10.9716665], [106.6598199, 10.97228], [106.6598514, 10.9723997], [106.6598632, 10.9725418], [106.6598747, 10.9726866], [106.6598441, 10.9728737], [106.6596339, 10.9731927], [106.6596002, 10.97324], [106.6594653, 10.9734519], [106.6592622, 10.9737626], [106.6591121, 10.9740083], [106.6590622, 10.97409], [106.6589066, 10.9743447], [106.6588774, 10.9743831], [106.6586921, 10.9746845], [106.6584677, 10.9750263], [106.6583683, 10.9752276], [106.658347, 10.9752629], [106.658082, 10.9757013], [106.657987, 10.9758585], [106.6574145, 10.9768034], [106.6570952, 10.9772584], [106.6570723, 10.977291], [106.6570599, 10.977303]]}}, {"type": "Feature", "properties": {"name": "", "fclass": "residential"}, "geometry": {"type": "LineString", "coordinates": [[106.6502333, 10.9668419], [106.6512548, 10.966772], [106.6515989, 10.9667485], [106.6518621, 10.9667669]]}}, {"type": "Feature", "properties": {"name": "", "fclass": "residential"}, "geometry": {"type": "LineString", "coordinates": [[106.6499076, 10.9676095], [106.6505623, 10.9676222], [106.6508601, 10.9675986], [106.6510913, 10.9675859]]}}, {"type": "Feature", "properties": {"name": "", "fclass": "residential"}, "geometry": {"type": "LineString", "coordinates": [[106.6507921, 10.9683474], [106.6512535, 10.968356]]}}, {"type": "Feature", "properties": {"name": "", "fclass": "residential"}, "geometry": {"type": "LineString", "coordinates": [[106.6526677, 10.9686734], [106.6518915, 10.9686893], [106.6518631, 10.9686972]]}}, {"type": "Feature", "properties": {"name": "", "fclass": "residential"}, "geometry": {"type": "LineString", "coordinates": [[106.6518631, 10.9686972], [106.651853, 10.9687231], [106.6518631, 10.968932]]}}, {"type": "Feature", "properties": {"name": "", "fclass": "track"}, "geometry": {"type": "LineString", "coordinates": [[106.650019, 10.968925], [106.6504086, 10.9688984], [106.6508753, 10.9689306], [106.6510279, 10.968945]]}}, {"type": "Feature", "properties": {"name": "", "fclass": "service"}, "geometry": {"type": "LineString", "coordinates": [[106.6510338, 10.9689297], [106.6515371, 10.9689267]]}}, {"type": "Feature", "properties": {"name": "", "fclass": "residential"}, "geometry": {"type": "LineString", "coordinates": [[106.6518631, 10.968932], [106.6520298, 10.9689304], [106.6520299, 10.9689304], [106.6528761, 10.9689267], [106.6530324, 10.968926]]}}, {"type": "Feature", "properties": {"name": "", "fclass": "residential"}, "geometry": {"type": "LineString", "coordinates": [[106.6520938, 10.969369], [106.6528172, 10.9693514]]}}, {"type": "Feature", "properties": {"name": "", "fclass": "residential"}, "geometry": {"type": "LineString", "coordinates": [[106.6513802, 10.9711261], [106.6514676, 10.9709199], [106.6517026, 10.9703659], [106.6517369, 10.9703139], [106.651976, 10.9699958], [106.6520221, 10.9699437], [106.6520629, 10.9698947], [106.6521256, 10.9698906], [106.6521335, 10.9698863], [106.6521481, 10.9698686], [106.6521479, 10.9698607], [106.6521461, 10.9696802], [106.6520938, 10.969369], [106.6520298, 10.9689304]]}}, {"type": "Feature", "properties": {"name": "", "fclass": "tertiary"}, "geometry": {"type": "LineString", "coordinates": [[106.6494259, 10.9813635], [106.6494076, 10.9813074], [106.6493792, 10.9812746], [106.6493389, 10.98126], [106.6492706, 10.9812525]]}}, {"type": "Feature", "properties": {"name": "Bạch Đằng", "fclass": "tertiary"}, "geometry": {"type": "LineString", "coordinates": [[106.6493537, 10.9818215], [106.6493166, 10.981713], [106.6494259, 10.9813635], [106.6495009, 10.9811189], [106.6495425, 10.9809838]]}}, {"type": "Feature", "properties": {"name": "", "fclass": "tertiary"}, "geometry": {"type": "LineString", "coordinates": [[106.6433707, 10.9820314], [106.64361, 10.982082], [106.643781, 10.9821158], [106.6440636, 10.9821526], [106.6451606, 10.9822908], [106.6452526, 10.9823002], [106.6454912, 10.9823246], [106.6457873, 10.9823236], [106.6460939, 10.982298], [106.6464505, 10.9822458], [106.64712, 10.982127], [106.647201, 10.9821064], [106.647268, 10.9820893], [106.6474694, 10.982038], [106.6477332, 10.9819438], [106.6480116, 10.9818179], [106.6486123, 10.9815138], [106.6495425, 10.9809838]]}}, {"type": "Feature", "properties": {"name": "", "fclass": "tertiary"}, "geometry": {"type": "LineString", "coordinates": [[106.6495009, 10.9811189], [106.6492706, 10.9812525], [106.6480211, 10.9819127], [106.6478738, 10.9819769], [106.6476386, 10.9820701], [106.6475044, 10.9821079], [106.6472872, 10.9821622], [106.6472199, 10.9821791], [106.6471453, 10.9821977], [106.6469189, 10.9822443], [106.6465247, 10.9823051], [106.6462812, 10.982349], [106.6461656, 10.9823663], [106.646105, 10.9823753], [106.6459241, 10.9823943], [106.6457432, 10.982403], [106.6455739, 10.9823997], [106.6453572, 10.9823841], [106.6452899, 10.9823781], [106.645248, 10.9823724], [106.6452013, 10.982366], [106.6439464, 10.9821821], [106.6438445, 10.9821734], [106.6437524, 10.9821674], [106.6436613, 10.9821727], [106.6435801, 10.9821795], [106.6435183, 10.9821878], [106.6434097, 10.9822025]]}}, {"type": "Feature", "properties": {"name": "Bạch Đằng", "fclass": "tertiary"}, "geometry": {"type": "LineString", "coordinates": [[106.6493537, 10.9818215], [106.6493029, 10.9819704]]}}, {"type": "Feature", "properties": {"name": "Bàu Bàng", "fclass": "residential"}, "geometry": {"type": "LineString", "coordinates": [[106.6515069, 10.9740336], [106.6519462, 10.9741081], [106.6522349, 10.9741648], [106.6523675, 10.9741908], [106.6526894, 10.9742524], [106.6528783, 10.9742886], [106.6530238, 10.9743362], [106.6530642, 10.9743381], [106.6531302, 10.9743327], [106.6538964, 10.9739605], [106.6539723, 10.9739153], [106.6545184, 10.9736237], [106.6547498, 10.973471], [106.6548567, 10.9733502]]}}, {"type": "Feature", "properties": {"name": "", "fclass": "residential"}, "geometry": {"type": "LineString", "coordinates": [[106.6527347, 10.9738093], [106.6527166, 10.9740423], [106.6526894, 10.9742524]]}}, {"type": "Feature", "properties": {"name": "", "fclass": "residential"}, "geometry": {"type": "LineString", "coordinates": [[106.6539723, 10.9739153], [106.6540959, 10.9743273]]}}, {"type": "Feature", "properties": {"name": "", "fclass": "residential"}, "geometry": {"type": "LineString", "coordinates": [[106.6538964, 10.9739605], [106.6540048, 10.9743089], [106.654108, 10.9746683], [106.6541496, 10.9748592]]}}, {"type": "Feature", "properties": {"name": "Văn Công Khai", "fclass": "residential"}, "geometry": {"type": "LineString", "coordinates": [[106.6531302, 10.9743327], [106.6530732, 10.9743863], [106.6530385, 10.9744267], [106.6530031, 10.9744798], [106.6529672, 10.9745368], [106.6529321, 10.9745985], [106.65291, 10.9746525], [106.6528917, 10.9747123], [106.6528858, 10.9747733], [106.652882, 10.974836], [106.6528826, 10.9748966], [106.6528886, 10.9749565], [106.6529035, 10.9750163], [106.6529201, 10.9750783], [106.6529574, 10.9752076], [106.6529619, 10.9752233]]}}, {"type": "Feature", "properties": {"name": "", "fclass": "service"}, "geometry": {"type": "LineString", "coordinates": [[106.6542104, 10.9750947], [106.6542616, 10.9751104], [106.6543896, 10.9751534], [106.6545103, 10.9751666], [106.6546176, 10.9751582], [106.654948, 10.9750804], [106.6549809, 10.9750828], [106.6550126, 10.975108], [106.6550358, 10.9751558]]}}, {"type": "Feature", "properties": {"name": "", "fclass": "service"}, "geometry": {"type": "LineString", "coordinates": [[106.6529574, 10.9752076], [106.6530082, 10.9752193], [106.6530765, 10.9752073], [106.6532033, 10.9751594], [106.6534606, 10.9750709], [106.6537885, 10.9750493], [106.6540738, 10.9750529], [106.6542104, 10.9750947]]}}, {"type": "Feature", "properties": {"name": "", "fclass": "service"}, "geometry": {"type": "LineString", "coordinates": [[106.6525277, 10.975266], [106.6526395, 10.9751649], [106.6527138, 10.9751139], [106.6529035, 10.9750163]]}}, {"type": "Feature", "properties": {"name": "Cầu Bến Cỏ", "fclass": "residential"}, "geometry": {"type": "LineString", "coordinates": [[106.6529619, 10.9752233], [106.6530115, 10.9753618], [106.653044, 10.9754579]]}}, {"type": "Feature", "properties": {"name": "", "fclass": "service"}, "geometry": {"type": "LineString", "coordinates": [[106.6542705, 10.9757543], [106.6541021, 10.9753545], [106.6540702, 10.9753187], [106.6540111, 10.9753031], [106.6533472, 10.9753254], [106.6532926, 10.9753411], [106.6532039, 10.9753835], [106.653054, 10.9754781]]}}, {"type": "Feature", "properties": {"name": "Đường Nguyễn Tri Phương", "fclass": "tertiary"}, "geometry": {"type": "LineString", "coordinates": [[106.6510418, 10.9757681], [106.6510483, 10.975745], [106.6512698, 10.9749544], [106.6514084, 10.9743404], [106.6515069, 10.9740336], [106.651544, 10.973802], [106.6515717, 10.9734965], [106.6515717, 10.9731517], [106.651566, 10.972895], [106.6515625, 10.9727343], [106.6515502, 10.9725619], [106.6515224, 10.9724167], [106.6514885, 10.9723108], [106.6514115, 10.9721414], [106.6512944, 10.9719569], [106.6511833, 10.9717999], [106.6511531, 10.9717572]]}}, {"type": "Feature", "properties": {"name": "", "fclass": "service"}, "geometry": {"type": "LineString", "coordinates": [[106.6510483, 10.975745], [106.6511193, 10.9757716], [106.6511917, 10.9757882], [106.6512703, 10.9757867], [106.6513366, 10.9757701], [106.6514013, 10.9757459], [106.6514475, 10.9757065], [106.6515014, 10.9756249], [106.6516416, 10.9753859], [106.6517094, 10.9753012], [106.6517479, 10.9752649], [106.651791, 10.9752422], [106.6518603, 10.9752241], [106.6519543, 10.9752029], [106.6520729, 10.9751939], [106.6521808, 10.9751999], [106.6522686, 10.975218], [106.6523348, 10.9752543], [106.652418, 10.9753194], [106.6525012, 10.9753738], [106.6525505, 10.9754071], [106.6525952, 10.9754343], [106.6526306, 10.975454], [106.6526737, 10.9754736], [106.6527061, 10.9754751], [106.6527523, 10.9754449], [106.6528694, 10.9753179], [106.6529574, 10.9752076]]}}, {"type": "Feature", "properties": {"name": "", "fclass": "service"}, "geometry": {"type": "LineString", "coordinates": [[106.6509594, 10.9760929], [106.6510346, 10.9760883], [106.6511624, 10.9760898], [106.651261, 10.9761004], [106.6513735, 10.9761004], [106.6514397, 10.9760747], [106.6515152, 10.9760353], [106.6515768, 10.9759915], [106.6516277, 10.9759204], [106.6516516, 10.9758837], [106.6516877, 10.9758115], [106.651734, 10.9757329], [106.6517833, 10.9756376], [106.6518279, 10.9755801], [106.6518942, 10.9755151], [106.6519496, 10.9754833], [106.6519958, 10.9754697], [106.652076, 10.9754591], [106.6521514, 10.9754637], [106.6522269, 10.9754833], [106.652307, 10.9755181], [106.6523948, 10.9755786], [106.6524881, 10.9756455], [106.652515, 10.9756648], [106.6526459, 10.975686], [106.6528632, 10.9755589], [106.6529802, 10.9754818], [106.6530095, 10.9754984], [106.6530372, 10.9755635], [106.6530902, 10.9755855]]}}, {"type": "Feature", "properties": {"name": "Cầu Thầy Năng", "fclass": "tertiary"}, "geometry": {"type": "LineString", "coordinates": [[106.6509678, 10.9760615], [106.6510418, 10.9757681]]}}, {"type": "Feature", "properties": {"name": "Hẻm 54 Hai Bà Trưng", "fclass": "residential"}, "geometry": {"type": "LineString", "coordinates": [[106.6520143, 10.9762191], [106.6521353, 10.9760869], [106.6524739, 10.9757245], [106.652515, 10.9756648]]}}, {"type": "Feature", "properties": {"name": "", "fclass": "residential"}, "geometry": {"type": "LineString", "coordinates": [[106.6519987, 10.9762361], [106.6517352, 10.9759919], [106.6516516, 10.9758837]]}}, {"type": "Feature", "properties": {"name": "", "fclass": "service"}, "geometry": {"type": "LineString", "coordinates": [[106.6508602, 10.9764626], [106.6506969, 10.9764319]]}}, {"type": "Feature", "properties": {"name": "Hai Bà Trưng", "fclass": "residential"}, "geometry": {"type": "LineString", "coordinates": [[106.6512082, 10.9770398], [106.651525, 10.9767287], [106.6518621, 10.9763852], [106.6519987, 10.9762361], [106.6520143, 10.9762191], [106.6523524, 10.9761671], [106.6528734, 10.9760644], [106.6532332, 10.9760184]]}}, {"type": "Feature", "properties": {"name": "Đoàn Trần Nghiệp", "fclass": "residential"}, "geometry": {"type": "LineString", "coordinates": [[106.6512082, 10.9770398], [106.650804, 10.9766721]]}}, {"type": "Feature", "properties": {"name": "Lý Thường Kiệt", "fclass": "residential"}, "geometry": {"type": "LineString", "coordinates": [[106.6520107, 10.97777], [106.6523386, 10.9773421], [106.6525685, 10.9770338], [106.6527626, 10.976743], [106.6530435, 10.9764447], [106.6532937, 10.9762892]]}}, {"type": "Feature", "properties": {"name": "", "fclass": "service"}, "geometry": {"type": "LineString", "coordinates": [[106.6560794, 10.9741647], [106.6560434, 10.9737231]]}}, {"type": "Feature", "properties": {"name": "", "fclass": "residential"}, "geometry": {"type": "LineString", "coordinates": [[106.6571468, 10.9748714], [106.6572314, 10.9745268], [106.6572422, 10.9744267], [106.6572824, 10.974353], [106.657273, 10.9742721], [106.6572697, 10.9742293], [106.657275, 10.9739771], [106.6572854, 10.973935], [106.6572935, 10.9739202], [106.657319, 10.9739162], [106.6574343, 10.9739287], [106.6574973, 10.9739327], [106.6575191, 10.9739258], [106.6575329, 10.9739116], [106.6575423, 10.9738405], [106.6575469, 10.9737155], [106.6575516, 10.9736404], [106.6575627, 10.9736151], [106.6575821, 10.9736026], [106.6576119, 10.9736007]]}}, {"type": "Feature", "properties": {"name": "", "fclass": "residential"}, "geometry": {"type": "LineString", "coordinates": [[106.6572697, 10.9742293], [106.6573307, 10.9742319], [106.6574568, 10.9742306], [106.6574755, 10.974253], [106.6574916, 10.9743056], [106.6575305, 10.9743464], [106.6575842, 10.9743688]]}}, {"type": "Feature", "properties": {"name": "", "fclass": "residential"}, "geometry": {"type": "LineString", "coordinates": [[106.6561331, 10.9743596], [106.6562508, 10.9748607]]}}, {"type": "Feature", "properties": {"name": "", "fclass": "service"}, "geometry": {"type": "LineString", "coordinates": [[106.6567634, 10.9744741], [106.6566957, 10.9747468]]}}, {"type": "Feature", "properties": {"name": "Lý Thường Kiệt", "fclass": "residential"}, "geometry": {"type": "LineString", "coordinates": [[106.6584677, 10.9750263], [106.658334, 10.9750134], [106.6582927, 10.9750095], [106.6582627, 10.9750061], [106.6578169, 10.9749936], [106.6571975, 10.9748875], [106.6571468, 10.9748714], [106.6569692, 10.9748154], [106.6567268, 10.9747489], [106.6566957, 10.9747468], [106.6566076, 10.9747408], [106.656467, 10.974778], [106.6562508, 10.9748607], [106.6559956, 10.9749873], [106.6559549, 10.9750075], [106.6553591, 10.9752383], [106.6546767, 10.9755591], [106.6545192, 10.9756332]]}}, {"type": "Feature", "properties": {"name": "Hẻm 68 Đường Lý Thường Kiệt", "fclass": "residential"}, "geometry": {"type": "LineString", "coordinates": [[106.6562695, 10.9761358], [106.6562216, 10.9758111], [106.656184, 10.9755919], [106.6561364, 10.9754458], [106.6560771, 10.9752871], [106.6560754, 10.9752661], [106.6560811, 10.975241], [106.6560908, 10.9752259], [106.6560965, 10.9752042], [106.6560912, 10.9751821], [106.6560781, 10.9751627], [106.6560576, 10.9751446], [106.6560372, 10.9751123], [106.6559956, 10.9749873]]}}, {"type": "Feature", "properties": {"name": "Nguyễn An Ninh", "fclass": "residential"}, "geometry": {"type": "LineString", "coordinates": [[106.6574145, 10.9768034], [106.6573751, 10.9764743], [106.6573173, 10.9761096], [106.6572717, 10.9757895], [106.6572229, 10.9755045], [106.6571861, 10.9753161], [106.6571785, 10.9751757], [106.6571975, 10.9748875]]}}, {"type": "Feature", "properties": {"name": "", "fclass": "service"}, "geometry": {"type": "LineString", "coordinates": [[106.654951, 10.9762953], [106.6550242, 10.9762734], [106.6550994, 10.9762793], [106.6551482, 10.9762813], [106.6552884, 10.9762614], [106.6556477, 10.9762049], [106.6557599, 10.9762015], [106.6562695, 10.9761358], [106.6567327, 10.9760762]]}}, {"type": "Feature", "properties": {"name": "", "fclass": "service"}, "geometry": {"type": "LineString", "coordinates": [[106.6573173, 10.9761096], [106.6567012, 10.9761915], [106.6559958, 10.9763033], [106.6556815, 10.9763475]]}}, {"type": "Feature", "properties": {"name": "", "fclass": "residential"}, "geometry": {"type": "LineString", "coordinates": [[106.6591121, 10.9740083], [106.6588924, 10.973566]]}}, {"type": "Feature", "properties": {"name": "", "fclass": "service"}, "geometry": {"type": "LineString", "coordinates": [[106.6590622, 10.97409], [106.658976, 10.9740332], [106.6589124, 10.9740173], [106.65887, 10.9740145], [106.6586019, 10.9740314], [106.6583703, 10.9740456], [106.6583577, 10.9740418], [106.6583516, 10.9740304], [106.6583231, 10.9737966], [106.6582756, 10.9736482], [106.6581214, 10.9736742], [106.6580086, 10.9736794], [106.6579834, 10.9736768], [106.657933, 10.9736716], [106.6578215, 10.973652], [106.657722, 10.9736325], [106.6576119, 10.9736007]]}}, {"type": "Feature", "properties": {"name": "", "fclass": "service"}, "geometry": {"type": "LineString", "coordinates": [[106.6596678, 10.9747738], [106.6598064, 10.9747269], [106.6598909, 10.9747164], [106.6599445, 10.9747098]]}}, {"type": "Feature", "properties": {"name": "", "fclass": "service"}, "geometry": {"type": "LineString", "coordinates": [[106.6586921, 10.9746845], [106.6588629, 10.9746973], [106.6589668, 10.9746986], [106.6590453, 10.974694], [106.6591211, 10.9746729], [106.659396, 10.9746006], [106.6594646, 10.9747619], [106.6594754, 10.9749427], [106.6594861, 10.9750901], [106.6593359, 10.9750989], [106.6593124, 10.9753332]]}}, {"type": "Feature", "properties": {"name": "", "fclass": "service"}, "geometry": {"type": "LineString", "coordinates": [[106.6581407, 10.9752141], [106.6582239, 10.9752378], [106.658347, 10.9752629]]}}, {"type": "Feature", "properties": {"name": "", "fclass": "service"}, "geometry": {"type": "LineString", "coordinates": [[106.658347, 10.9752629], [106.6585565, 10.975297], [106.6588676, 10.9753181], [106.6593124, 10.9753332], [106.6593705, 10.9753352], [106.6595006, 10.9753378], [106.659614, 10.975347]]}}, {"type": "Feature", "properties": {"name": "Phan Đình Giót", "fclass": "residential"}, "geometry": {"type": "LineString", "coordinates": [[106.6598441, 10.9728737], [106.6598412, 10.9729025], [106.6598316, 10.9729961], [106.6598026, 10.9732807], [106.6597851, 10.9735783], [106.659762, 10.9739722], [106.6597549, 10.9740141], [106.659684, 10.9746007], [106.6596678, 10.9747738], [106.6596175, 10.9753097], [106.659614, 10.975347], [106.6596088, 10.9754023], [106.659585, 10.9758644], [106.6595633, 10.9762859], [106.6595596, 10.9763569], [106.6595453, 10.976626], [106.6595428, 10.9766562], [106.6595114, 10.9772034], [106.6594966, 10.9775359], [106.6594867, 10.9777563], [106.6594947, 10.977862], [106.6595357, 10.977953], [106.6595598, 10.9780004], [106.659621, 10.9780792], [106.6596301, 10.9780926], [106.6597033, 10.9782072], [106.659716, 10.9782262], [106.6597805, 10.9783746], [106.6597966, 10.9785217]]}}, {"type": "Feature", "properties": {"name": "", "fclass": "service"}, "geometry": {"type": "LineString", "coordinates": [[106.659585, 10.9758644], [106.659742, 10.9758197], [106.6599029, 10.9757407]]}}, {"type": "Feature", "properties": {"name": "", "fclass": "residential"}, "geometry": {"type": "LineString", "coordinates": [[106.658082, 10.9757013], [106.6582386, 10.9757841], [106.6582916, 10.9758329], [106.6584183, 10.97585], [106.6585337, 10.975846], [106.6586007, 10.9758355], [106.6586798, 10.9758355], [106.6587308, 10.9758407], [106.6587415, 10.9758908], [106.6587549, 10.9759487]]}}, {"type": "Feature", "properties": {"name": "", "fclass": "residential"}, "geometry": {"type": "LineString", "coordinates": [[106.6582916, 10.9758329], [106.658303, 10.9759553], [106.6583278, 10.9761883], [106.6583445, 10.9763055], [106.6583543, 10.9764664], [106.6583575, 10.9764928], [106.6583615, 10.9765012], [106.6583744, 10.9765068], [106.6585182, 10.9765056], [106.658708, 10.9764865]]}}, {"type": "Feature", "properties": {"name": "Cầu Võ Văn Vân", "fclass": "residential"}, "geometry": {"type": "LineString", "coordinates": [[106.6545192, 10.9756332], [106.6544152, 10.9756827], [106.6543383, 10.9757192]]}}, {"type": "Feature", "properties": {"name": "Trần Tử Bình", "fclass": "residential"}, "geometry": {"type": "LineString", "coordinates": [[106.6556566, 10.9762256], [106.6556477, 10.9762049], [106.6554115, 10.9753784], [106.6553591, 10.9752383]]}}, {"type": "Feature", "properties": {"name": "", "fclass": "residential"}, "geometry": {"type": "LineString", "coordinates": [[106.6546767, 10.9755591], [106.6548181, 10.9758796], [106.6548771, 10.9759675], [106.6548993, 10.9759852], [106.6549388, 10.9759875], [106.654966, 10.9759793]]}}, {"type": "Feature", "properties": {"name": "Lý Thường Kiệt", "fclass": "residential"}, "geometry": {"type": "LineString", "coordinates": [[106.6532937, 10.9762892], [106.6542705, 10.9757543], [106.6543138, 10.9757306], [106.6543383, 10.9757192]]}}, {"type": "Feature", "properties": {"name": "", "fclass": "service"}, "geometry": {"type": "LineString", "coordinates": [[106.6556815, 10.9763475], [106.655388, 10.9763791], [106.6553331, 10.9763871], [106.6553271, 10.976413], [106.6553372, 10.9764589], [106.6553779, 10.9766605]]}}, {"type": "Feature", "properties": {"name": "", "fclass": "residential"}, "geometry": {"type": "LineString", "coordinates": [[106.6534189, 10.9766879], [106.6537089, 10.9765661], [106.6538011, 10.9765066], [106.6539856, 10.9764371]]}}, {"type": "Feature", "properties": {"name": "", "fclass": "service"}, "geometry": {"type": "LineString", "coordinates": [[106.6546426, 10.9782127], [106.6545969, 10.978092], [106.6545705, 10.9780102], [106.6545481, 10.9779493], [106.6545237, 10.9778914], [106.6545065, 10.9778535], [106.6544963, 10.9778246], [106.6544953, 10.9778006], [106.6545115, 10.9777178], [106.654542, 10.9775731], [106.6545461, 10.9775302], [106.6545613, 10.9774923], [106.6546071, 10.9774055], [106.6547311, 10.9772249], [106.6548256, 10.9771221], [106.6548486, 10.9770925], [106.6548713, 10.9770633], [106.6548723, 10.9770343], [106.6548347, 10.9769435], [106.6548047, 10.9768899], [106.6547819, 10.9768228], [106.6547636, 10.9766502], [106.6547677, 10.9764955], [106.6547527, 10.9763816], [106.6547119, 10.9762911], [106.6546465, 10.9761684], [106.6545811, 10.9760492], [106.6545052, 10.9759312], [106.6544527, 10.9758831], [106.6543838, 10.9758246], [106.6543406, 10.9757696], [106.6543138, 10.9757306]]}}, {"type": "Feature", "properties": {"name": "", "fclass": "residential"}, "geometry": {"type": "LineString", "coordinates": [[106.6558694, 10.9770075], [106.6554509, 10.9770571], [106.6551869, 10.9770827]]}}, {"type": "Feature", "properties": {"name": "Văn Công Khai", "fclass": "residential"}, "geometry": {"type": "LineString", "coordinates": [[106.653044, 10.9754579], [106.653054, 10.9754781], [106.6530902, 10.9755855], [106.653149, 10.9757602], [106.6532332, 10.9760184], [106.6532937, 10.9762892], [106.6534189, 10.9766879], [106.6534291, 10.9767204], [106.6534817, 10.9768922], [106.6535006, 10.9769536], [106.653616, 10.977327], [106.6540188, 10.9786423]]}}, {"type": "Feature", "properties": {"name": "", "fclass": "service"}, "geometry": {"type": "LineString", "coordinates": [[106.6548486, 10.9770925], [106.6548654, 10.9771033]]}}, {"type": "Feature", "properties": {"name": "", "fclass": "service"}, "geometry": {"type": "LineString", "coordinates": [[106.6595633, 10.9762859], [106.6594879, 10.9763055], [106.6594288, 10.9763213], [106.6594101, 10.9763377], [106.6594034, 10.9763595]]}}, {"type": "Feature", "properties": {"name": "", "fclass": "service"}, "geometry": {"type": "LineString", "coordinates": [[106.6590044, 10.9767801], [106.6589212, 10.9764938], [106.6588891, 10.9763753]]}}, {"type": "Feature", "properties": {"name": "", "fclass": "residential"}, "geometry": {"type": "LineString", "coordinates": [[106.6574145, 10.9768034], [106.6575298, 10.9768221], [106.6578991, 10.9768001], [106.6581167, 10.9767841], [106.6584812, 10.976786], [106.6584947, 10.9767861], [106.6589196, 10.9767801], [106.6590044, 10.9767801], [106.6591554, 10.9767801], [106.6593029, 10.9767663], [106.6595453, 10.976626]]}}, {"type": "Feature", "properties": {"name": "", "fclass": "service"}, "geometry": {"type": "LineString", "coordinates": [[106.6584812, 10.976786], [106.6584713, 10.9769365], [106.658515, 10.9769354], [106.6585118, 10.9771218], [106.6585372, 10.9772144]]}}, {"type": "Feature", "properties": {"name": "", "fclass": "service"}, "geometry": {"type": "LineString", "coordinates": [[106.6588697, 10.9770585], [106.6588427, 10.9770132]]}}, {"type": "Feature", "properties": {"name": "", "fclass": "service"}, "geometry": {"type": "LineString", "coordinates": [[106.6580551, 10.9776175], [106.6581917, 10.9775207], [106.6583454, 10.9774192], [106.658602, 10.9772508], [106.6588697, 10.9770585], [106.6593029, 10.9767663]]}}, {"type": "Feature", "properties": {"name": "", "fclass": "service"}, "geometry": {"type": "LineString", "coordinates": [[106.6579642, 10.9775844], [106.6581018, 10.9774891], [106.6583066, 10.9773592], [106.6585372, 10.9772144], [106.6588427, 10.9770132], [106.6589141, 10.9769681]]}}, {"type": "Feature", "properties": {"name": "", "fclass": "service"}, "geometry": {"type": "LineString", "coordinates": [[106.6583066, 10.9773592], [106.6583454, 10.9774192]]}}, {"type": "Feature", "properties": {"name": "Hẻm 129 Phan Đình Giót", "fclass": "service"}, "geometry": {"type": "LineString", "coordinates": [[106.6594966, 10.9775359], [106.6598842, 10.9775273], [106.6601374, 10.9775205], [106.6602593, 10.9775211], [106.6603012, 10.9775049], [106.660327, 10.9774647], [106.6603291, 10.977332], [106.6605739, 10.9773128]]}}, {"type": "Feature", "properties": {"name": "", "fclass": "service"}, "geometry": {"type": "LineString", "coordinates": [[106.6579642, 10.9775844], [106.657955, 10.9775908]]}}, {"type": "Feature", "properties": {"name": "Trần Tử Bình", "fclass": "residential"}, "geometry": {"type": "LineString", "coordinates": [[106.6556815, 10.9763475], [106.6556566, 10.9762256]]}}, {"type": "Feature", "properties": {"name": "Trần Tử Bình", "fclass": "residential"}, "geometry": {"type": "LineString", "coordinates": [[106.6558185, 10.9768285], [106.6558127, 10.9768081], [106.6556815, 10.9763475]]}}, {"type": "Feature", "properties": {"name": "Trần Tử Bình", "fclass": "residential"}, "geometry": {"type": "LineString", "coordinates": [[106.655862, 10.9769811], [106.6558185, 10.9768285]]}}, {"type": "Feature", "properties": {"name": "", "fclass": "residential"}, "geometry": {"type": "LineString", "coordinates": [[106.654967, 10.9769361], [106.6551889, 10.9769381], [106.6554471, 10.9769072], [106.6556449, 10.9768571], [106.6558127, 10.9768081], [106.6559567, 10.9767821], [106.6561773, 10.9766959], [106.6562692, 10.9766741], [106.6563326, 10.9766761], [106.6563936, 10.9766939], [106.6564529, 10.9767409], [106.656519, 10.9768199], [106.6565807, 10.9769111], [106.6566306, 10.9770201], [106.6566571, 10.9770994], [106.6566709, 10.9771244], [106.6567041, 10.9771432], [106.6568697, 10.9772077]]}}, {"type": "Feature", "properties": {"name": "", "fclass": "residential"}, "geometry": {"type": "LineString", "coordinates": [[106.6558694, 10.9770075], [106.6559983, 10.9769249], [106.6561485, 10.976842], [106.656235, 10.9768045], [106.6562866, 10.9768005], [106.6563443, 10.9768209], [106.6564174, 10.9768789], [106.6564549, 10.9769289], [106.6564952, 10.9770533], [106.6565183, 10.9771191], [106.6565294, 10.9771507], [106.6565482, 10.9772133], [106.656577, 10.9772482], [106.6566642, 10.9772929], [106.6568774, 10.9773956], [106.6569123, 10.9774338], [106.6569462, 10.9774779]]}}, {"type": "Feature", "properties": {"name": "", "fclass": "residential"}, "geometry": {"type": "LineString", "coordinates": [[106.6559732, 10.9773617], [106.6561436, 10.9772858], [106.6562139, 10.977234], [106.6565183, 10.9771191]]}}, {"type": "Feature", "properties": {"name": "Cầu Bà Hên", "fclass": "secondary"}, "geometry": {"type": "LineString", "coordinates": [[106.6570599, 10.977303], [106.6569837, 10.977415]]}}, {"type": "Feature", "properties": {"name": "", "fclass": "residential"}, "geometry": {"type": "LineString", "coordinates": [[106.6569462, 10.9774779], [106.6570839, 10.9775128], [106.6571698, 10.9775075], [106.657265, 10.9775115], [106.6574192, 10.9775457], [106.6576217, 10.9775997], [106.6578752, 10.9776602], [106.6578953, 10.9776694]]}}, {"type": "Feature", "properties": {"name": "Đường Cách Mạng Tháng Tám", "fclass": "secondary"}, "geometry": {"type": "LineString", "coordinates": [[106.6569837, 10.977415], [106.6569462, 10.9774779], [106.6568157, 10.9776973], [106.6567613, 10.9777775]]}}, {"type": "Feature", "properties": {"name": "Trần Tử Bình", "fclass": "residential"}, "geometry": {"type": "LineString", "coordinates": [[106.6563397, 10.9783461], [106.6561257, 10.9778925], [106.6560235, 10.977534], [106.6559732, 10.9773617], [106.6558694, 10.9770075], [106.655862, 10.9769811]]}}, {"type": "Feature", "properties": {"name": "Bạch Đằng", "fclass": "tertiary"}, "geometry": {"type": "LineString", "coordinates": [[106.6503094, 10.9785759], [106.6503054, 10.9784358], [106.6505247, 10.9776546], [106.6505457, 10.9775799], [106.6506443, 10.9772592], [106.650705, 10.9770368], [106.650804, 10.9766721], [106.6508602, 10.9764626], [106.6509594, 10.9760929], [106.6509678, 10.9760615]]}}, {"type": "Feature", "properties": {"name": "Đoàn Trần Nghiệp", "fclass": "residential"}, "geometry": {"type": "LineString", "coordinates": [[106.6520107, 10.97777], [106.6512082, 10.9770398]]}}, {"type": "Feature", "properties": {"name": "Nguyễn Thái Học", "fclass": "tertiary"}, "geometry": {"type": "LineString", "coordinates": [[106.6525691, 10.9787207], [106.6525132, 10.9786704], [106.6518234, 10.9780423], [106.6515259, 10.9777525], [106.6511606, 10.9774146], [106.650705, 10.9770368]]}}, {"type": "Feature", "properties": {"name": "Lý Thường Kiệt", "fclass": "residential"}, "geometry": {"type": "LineString", "coordinates": [[106.6518234, 10.9780423], [106.6520107, 10.97777]]}}, {"type": "Feature", "properties": {"name": "Điểu Ong", "fclass": "residential"}, "geometry": {"type": "LineString", "coordinates": [[106.6516365, 10.9783115], [106.6505247, 10.9776546]]}}, {"type": "Feature", "properties": {"name": "Đoàn Trần Nghiệp", "fclass": "residential"}, "geometry": {"type": "LineString", "coordinates": [[106.6520107, 10.97777], [106.6526641, 10.9783646], [106.6528553, 10.9785385]]}}, {"type": "Feature", "properties": {"name": "Ngô Tùng Châu", "fclass": "residential"}, "geometry": {"type": "LineString", "coordinates": [[106.6518234, 10.9780423], [106.6516365, 10.9783115], [106.6512134, 10.9788587]]}}, {"type": "Feature", "properties": {"name": "Đinh Bộ Lĩnh", "fclass": "residential"}, "geometry": {"type": "LineString", "coordinates": [[106.6503094, 10.9785759], [106.6504285, 10.9786182], [106.6510005, 10.9787811], [106.6512134, 10.9788587], [106.6517248, 10.979045], [106.6519913, 10.9791421], [106.6522204, 10.9792224], [106.6526352, 10.9793676], [106.6527147, 10.9793955], [106.6530777, 10.9795112], [106.6534763, 10.9796294]]}}, {"type": "Feature", "properties": {"name": "Trừ Văn Thố", "fclass": "residential"}, "geometry": {"type": "LineString", "coordinates": [[106.6525132, 10.9786704], [106.6523705, 10.9789393], [106.6522204, 10.9792224], [106.6520547, 10.9796172]]}}, {"type": "Feature", "properties": {"name": "", "fclass": "residential"}, "geometry": {"type": "LineString", "coordinates": [[106.6517248, 10.979045], [106.6515967, 10.979468], [106.6516298, 10.9794849], [106.6520547, 10.9796172]]}}, {"type": "Feature", "properties": {"name": "", "fclass": "residential"}, "geometry": {"type": "LineString", "coordinates": [[106.653616, 10.977327], [106.6539574, 10.9771991], [106.6542511, 10.9771051], [106.6546342, 10.9769463], [106.6548047, 10.9768899]]}}, {"type": "Feature", "properties": {"name": "", "fclass": "service"}, "geometry": {"type": "LineString", "coordinates": [[106.6548654, 10.9771033], [106.6549224, 10.9771465]]}}, {"type": "Feature", "properties": {"name": "", "fclass": "service"}, "geometry": {"type": "LineString", "coordinates": [[106.6549224, 10.9771465], [106.6549268, 10.9771511]]}}, {"type": "Feature", "properties": {"name": "Trừ Văn Thố", "fclass": "residential"}, "geometry": {"type": "LineString", "coordinates": [[106.6528443, 10.9780667], [106.6530332, 10.9777207], [106.653189, 10.9774424], [106.6534188, 10.9770112], [106.6534817, 10.9768922], [106.6538188, 10.976774]]}}, {"type": "Feature", "properties": {"name": "", "fclass": "residential"}, "geometry": {"type": "LineString", "coordinates": [[106.6545476, 10.9778087], [106.6545734, 10.9777182], [106.6545895, 10.9776731], [106.6546056, 10.9776346], [106.6546461, 10.9775454], [106.6547015, 10.9774549], [106.6547484, 10.977382], [106.6548714, 10.9772198], [106.6549268, 10.9771511], [106.6549509, 10.9771211], [106.6550109, 10.9770879], [106.6550998, 10.9770793], [106.6551869, 10.9770827]]}}, {"type": "Feature", "properties": {"name": "Trừ Văn Thố", "fclass": "residential"}, "geometry": {"type": "LineString", "coordinates": [[106.6526641, 10.9783646], [106.6528443, 10.9780667]]}}, {"type": "Feature", "properties": {"name": "", "fclass": "service"}, "geometry": {"type": "LineString", "coordinates": [[106.6546426, 10.9782127], [106.6547317, 10.9784561]]}}, {"type": "Feature", "properties": {"name": "Hùng Vương", "fclass": "residential"}, "geometry": {"type": "LineString", "coordinates": [[106.6532904, 10.9789344], [106.6533448, 10.9788814], [106.6535143, 10.9787365], [106.6536295, 10.9787116], [106.6538274, 10.9786758], [106.6540188, 10.9786423], [106.6546772, 10.9784725], [106.6547317, 10.9784561], [106.6550799, 10.9783511], [106.6554876, 10.9782265], [106.6558255, 10.9780535], [106.6560496, 10.9779342], [106.6561257, 10.9778925], [106.6564714, 10.9777665]]}}, {"type": "Feature", "properties": {"name": "Bà Triệu", "fclass": "residential"}, "geometry": {"type": "LineString", "coordinates": [[106.6535143, 10.9787365], [106.6533011, 10.9785025], [106.6530934, 10.9782957], [106.6528443, 10.9780667]]}}, {"type": "Feature", "properties": {"name": "", "fclass": "residential"}, "geometry": {"type": "LineString", "coordinates": [[106.6526249, 10.9787709], [106.6528553, 10.9785385]]}}, {"type": "Feature", "properties": {"name": "", "fclass": "service"}, "geometry": {"type": "LineString", "coordinates": [[106.657955, 10.9775908], [106.6579441, 10.9775983]]}}, {"type": "Feature", "properties": {"name": "", "fclass": "residential"}, "geometry": {"type": "LineString", "coordinates": [[106.6568697, 10.9772077], [106.6569847, 10.9772547], [106.6570723, 10.977291], [106.6571939, 10.9773732], [106.6573575, 10.9774246], [106.6575412, 10.9774812], [106.6578551, 10.9775654], [106.6579441, 10.9775983], [106.6580345, 10.9776316], [106.6581246, 10.9776615], [106.6583258, 10.9777287], [106.6584049, 10.9777524], [106.6585109, 10.9777682], [106.6585405, 10.9777698], [106.6585913, 10.9777748], [106.6586396, 10.9777761], [106.658712, 10.9777682], [106.658814, 10.9777511], [106.658873, 10.9777458], [106.6589588, 10.9777458], [106.6590285, 10.9777498], [106.6591184, 10.9777748], [106.6592851, 10.9778636], [106.6593236, 10.9778841], [106.6594309, 10.9779578], [106.6595006, 10.9779815], [106.6595598, 10.9780004]]}}, {"type": "Feature", "properties": {"name": "", "fclass": "service"}, "geometry": {"type": "LineString", "coordinates": [[106.6580432, 10.9776255], [106.6580551, 10.9776175]]}}, {"type": "Feature", "properties": {"name": "", "fclass": "service"}, "geometry": {"type": "LineString", "coordinates": [[106.6580345, 10.9776316], [106.6580432, 10.9776255]]}}, {"type": "Feature", "properties": {"name": "", "fclass": "residential"}, "geometry": {"type": "LineString", "coordinates": [[106.6578953, 10.9776694], [106.6579154, 10.9776787], [106.6579892, 10.9777234], [106.6580468, 10.9777406], [106.6581179, 10.977755], [106.6581984, 10.9777735], [106.6582937, 10.9778024], [106.6584277, 10.9778485]]}}, {"type": "Feature", "properties": {"name": "", "fclass": "residential"}, "geometry": {"type": "LineString", "coordinates": [[106.6592746, 10.9778725], [106.6592851, 10.9778636]]}}, {"type": "Feature", "properties": {"name": "", "fclass": "residential"}, "geometry": {"type": "LineString", "coordinates": [[106.6592243, 10.9779033], [106.6592746, 10.9778725]]}}, {"type": "Feature", "properties": {"name": "", "fclass": "residential"}, "geometry": {"type": "LineString", "coordinates": [[106.6592071, 10.9779117], [106.6592243, 10.9779033]]}}, {"type": "Feature", "properties": {"name": "Thích Quảng Đức", "fclass": "tertiary"}, "geometry": {"type": "LineString", "coordinates": [[106.6596957, 10.9785285], [106.6596816, 10.9785299], [106.6593338, 10.9785291], [106.6592612, 10.9785323], [106.6590259, 10.9785306], [106.6589139, 10.9785298], [106.658882, 10.9785269], [106.6587728, 10.9785168], [106.658527, 10.9784581], [106.6583766, 10.9784165], [106.658261, 10.9783846], [106.6582012, 10.9783686], [106.6578898, 10.9782856], [106.6577654, 10.9782478], [106.6575509, 10.9781826], [106.6574251, 10.9781312], [106.6572954, 10.97805], [106.6570188, 10.9779038], [106.6567613, 10.9777775]]}}, {"type": "Feature", "properties": {"name": "", "fclass": "residential"}, "geometry": {"type": "LineString", "coordinates": [[106.6584277, 10.9778485], [106.6585177, 10.9778674], [106.6585404, 10.9778722], [106.658606, 10.9778841], [106.658645, 10.9778814], [106.6587053, 10.9778617], [106.6588207, 10.9778446], [106.6589347, 10.9778314], [106.658995, 10.9778353], [106.6590849, 10.9778472], [106.6591211, 10.977863], [106.6592071, 10.9779117], [106.6592491, 10.9779354], [106.6594563, 10.9781], [106.6595714, 10.9782519], [106.6596071, 10.9783051], [106.6596326, 10.978354], [106.6596486, 10.9783891], [106.659662, 10.9784266], [106.6596716, 10.9784667], [106.6596816, 10.9785299]]}}, {"type": "Feature", "properties": {"name": "", "fclass": "residential"}, "geometry": {"type": "LineString", "coordinates": [[106.6341886, 10.9794824], [106.6340505, 10.9789939], [106.6340518, 10.9789386], [106.6340679, 10.9789097], [106.6341215, 10.9788833], [106.6342194, 10.9788675], [106.6343522, 10.9788899], [106.6344796, 10.9789431], [106.6345922, 10.9790098], [106.6347396, 10.978981], [106.6350971, 10.9788802], [106.6354297, 10.9788073], [106.6357306, 10.9787621], [106.6360385, 10.9787447], [106.6363252, 10.9787412], [106.6365729, 10.9787412], [106.6367782, 10.9787586], [106.6369422, 10.9787707], [106.6371073, 10.9787829], [106.6373409, 10.9788246], [106.637624, 10.9789011], [106.6378364, 10.9789532], [106.6380417, 10.9790157]]}}, {"type": "Feature", "properties": {"name": "", "fclass": "residential"}, "geometry": {"type": "LineString", "coordinates": [[106.6346829, 10.9795537], [106.6349016, 10.9794926], [106.6351635, 10.9794266], [106.6353617, 10.9793745], [106.6355953, 10.9793258], [106.6358218, 10.9793015], [106.6360696, 10.9792772], [106.6363138, 10.9792702], [106.6367491, 10.9792841], [106.6369173, 10.9793142], [106.6370889, 10.9793362], [106.6373862, 10.9793884], [106.6376198, 10.9794509], [106.6378675, 10.9795134]]}}, {"type": "Feature", "properties": {"name": "", "fclass": "residential"}, "geometry": {"type": "LineString", "coordinates": [[106.6380078, 10.9794127], [106.6380436, 10.9794139], [106.6381053, 10.9794146], [106.6381844, 10.9794211], [106.6382702, 10.9794356], [106.6383514, 10.9794587], [106.6384158, 10.9794791], [106.6384647, 10.9794968], [106.6385063, 10.9795047], [106.6385827, 10.9795015], [106.6386746, 10.9794995], [106.638749, 10.9794995], [106.63881, 10.9795159], [106.6388744, 10.97956], [106.638979, 10.9796403], [106.6390528, 10.9796759], [106.6391574, 10.979722], [106.6392834, 10.9798128], [106.6394122, 10.9799195], [106.639718, 10.9801525]]}}, {"type": "Feature", "properties": {"name": "", "fclass": "residential"}, "geometry": {"type": "LineString", "coordinates": [[106.6368509, 10.9798512], [106.6369925, 10.9798757], [106.6372626, 10.9799304], [106.6375846, 10.9800025]]}}, {"type": "Feature", "properties": {"name": "", "fclass": "residential"}, "geometry": {"type": "LineString", "coordinates": [[106.6372713, 10.9815123], [106.6380078, 10.9794127], [106.6380842, 10.9792161]]}}, {"type": "Feature", "properties": {"name": "", "fclass": "residential"}, "geometry": {"type": "LineString", "coordinates": [[106.6385924, 10.9816453], [106.6387336, 10.9814467]]}}, {"type": "Feature", "properties": {"name": "", "fclass": "residential"}, "geometry": {"type": "LineString", "coordinates": [[106.6371023, 10.9815227], [106.6369196, 10.9817318], [106.6369159, 10.9817484]]}}, {"type": "Feature", "properties": {"name": "", "fclass": "residential"}, "geometry": {"type": "LineString", "coordinates": [[106.6347764, 10.9800805], [106.6348927, 10.9800445], [106.6351122, 10.9799767], [106.6353318, 10.9799168], [106.6355147, 10.9798649], [106.6357058, 10.979837], [106.635905, 10.979809], [106.6361042, 10.9797931], [106.6363115, 10.9797851], [106.6365392, 10.9797891], [106.6366885, 10.9798111]]}}, {"type": "Feature", "properties": {"name": "", "fclass": "residential"}, "geometry": {"type": "LineString", "coordinates": [[106.6366292, 10.9815459], [106.6366449, 10.9808268], [106.6366459, 10.9803049], [106.6366885, 10.9798111], [106.6367491, 10.9792841], [106.636775, 10.9791266], [106.6367782, 10.9787586]]}}, {"type": "Feature", "properties": {"name": "", "fclass": "residential"}, "geometry": {"type": "LineString", "coordinates": [[106.6369422, 10.9787707], [106.6369173, 10.9793142], [106.6368509, 10.9798512], [106.6368035, 10.9803359], [106.6368157, 10.9808427], [106.6367875, 10.981539]]}}, {"type": "Feature", "properties": {"name": "", "fclass": "service"}, "geometry": {"type": "LineString", "coordinates": [[106.6343555, 10.9807639], [106.6341376, 10.9801307], [106.6341297, 10.9800159], [106.6341392, 10.9799409], [106.6341838, 10.979766]]}}, {"type": "Feature", "properties": {"name": "", "fclass": "residential"}, "geometry": {"type": "LineString", "coordinates": [[106.635481, 10.9818495], [106.6351585, 10.9810424], [106.6349349, 10.9805594], [106.6348577, 10.9803479], [106.634817, 10.9802162], [106.6347764, 10.9800805], [106.6347317, 10.9798969], [106.6346829, 10.9795537], [106.6345922, 10.9790098]]}}, {"type": "Feature", "properties": {"name": "", "fclass": "residential"}, "geometry": {"type": "LineString", "coordinates": [[106.634066, 10.9808006], [106.6343555, 10.9807639], [106.6349349, 10.9805594], [106.6352148, 10.9804705], [106.6354416, 10.9804129], [106.6356105, 10.9803707], [106.6357752, 10.9803513], [106.6359834, 10.980326], [106.6362562, 10.9803055], [106.6366459, 10.9803049], [106.6368035, 10.9803359], [106.6369988, 10.9803559], [106.6374704, 10.9804751]]}}, {"type": "Feature", "properties": {"name": "", "fclass": "residential"}, "geometry": {"type": "LineString", "coordinates": [[106.6368157, 10.9808427], [106.6366449, 10.9808268], [106.636466, 10.9808108], [106.6362018, 10.9808268], [106.6359456, 10.9808547], [106.6356285, 10.9809026], [106.635409, 10.9809625], [106.6351585, 10.9810424]]}}, {"type": "Feature", "properties": {"name": "", "fclass": "residential"}, "geometry": {"type": "LineString", "coordinates": [[106.6350249, 10.9820468], [106.6349206, 10.9817863], [106.6343555, 10.9807639]]}}, {"type": "Feature", "properties": {"name": "Cầu Phú Cường", "fclass": "primary"}, "geometry": {"type": "LineString", "coordinates": [[106.6432445, 10.9832348], [106.64333, 10.9820266], [106.643378097507, 10.98076047726451]]}}, {"type": "Feature", "properties": {"name": "", "fclass": "service"}, "geometry": {"type": "LineString", "coordinates": [[106.640878, 10.9816586], [106.6411087, 10.9812992], [106.6411462, 10.9812887], [106.6413809, 10.981319]]}}, {"type": "Feature", "properties": {"name": "", "fclass": "primary"}, "geometry": {"type": "LineString", "coordinates": [[106.6433707, 10.9820314], [106.6434025, 10.9820605], [106.6434227, 10.9820982], [106.6434293, 10.9821404], [106.6434214, 10.9821823], [106.6434097, 10.9822025], [106.6433999, 10.9822194], [106.6433673, 10.9822475], [106.643327, 10.9822636], [106.6432837, 10.9822658], [106.6432427, 10.9822544], [106.6432078, 10.9822306], [106.6431824, 10.982197], [106.6431694, 10.9821573], [106.64317, 10.9821155], [106.6431843, 10.9820762], [106.6432107, 10.9820434], [106.6432464, 10.9820207], [106.6432877, 10.9820105], [106.643331, 10.9820141], [106.6433707, 10.9820314]]}}, {"type": "Feature", "properties": {"name": "", "fclass": "primary"}, "geometry": {"type": "LineString", "coordinates": [[106.6434097, 10.9822025], [106.6434085, 10.9823267]]}}, {"type": "Feature", "properties": {"name": "", "fclass": "primary"}, "geometry": {"type": "LineString", "coordinates": [[106.6434085, 10.9823267], [106.6433673, 10.9822475]]}}, {"type": "Feature", "properties": {"name": "", "fclass": "primary_link"}, "geometry": {"type": "LineString", "coordinates": [[106.6431629, 10.9824288], [106.6431944, 10.9823745], [106.6432209, 10.9823436], [106.6432615, 10.9823264], [106.6433322, 10.9823287], [106.6433718, 10.9823436], [106.6433929, 10.9823699], [106.6434078, 10.9824061]]}}, {"type": "Feature", "properties": {"name": "", "fclass": "primary"}, "geometry": {"type": "LineString", "coordinates": [[106.643123, 10.9837809], [106.6430803, 10.9837375], [106.6430822, 10.9836743], [106.6430852, 10.9835441], [106.6430923, 10.9833388], [106.6431257, 10.9831207], [106.6431285, 10.982955], [106.6431351, 10.9827895], [106.6431467, 10.982609], [106.6431629, 10.9824288], [106.6431824, 10.982197]]}}, {"type": "Feature", "properties": {"name": "", "fclass": "primary"}, "geometry": {"type": "LineString", "coordinates": [[106.6434085, 10.9823267], [106.6434078, 10.9824061], [106.6434059, 10.9826072], [106.6434044, 10.9827651], [106.6434027, 10.9829422], [106.643404, 10.9833846], [106.6434101, 10.9838306], [106.6434073, 10.9840082], [106.6433529, 10.9841116]]}}, {"type": "Feature", "properties": {"name": "Nguyễn Văn Cừ", "fclass": "tertiary"}, "geometry": {"type": "LineString", "coordinates": [[106.6413036, 10.9833975], [106.6418409, 10.9836639]]}}, {"type": "Feature", "properties": {"name": "Huỳnh Văn Cù", "fclass": "primary"}, "geometry": {"type": "LineString", "coordinates": [[106.6431556, 10.9838819], [106.6431361, 10.9838324], [106.643123, 10.9837809], [106.6431196, 10.9836231], [106.6431247, 10.9835204], [106.6431339, 10.9834252], [106.6431456, 10.9833861], [106.6431618, 10.9833516], [106.6431858, 10.9833154], [106.6432445, 10.9832348]]}}, {"type": "Feature", "properties": {"name": "Huỳnh Văn Cù", "fclass": "primary"}, "geometry": {"type": "LineString", "coordinates": [[106.6431556, 10.9838819], [106.6431747, 10.9835204], [106.6431793, 10.9834444], [106.6431869, 10.9833903], [106.6432028, 10.9833339], [106.6432174, 10.9832953], [106.6432445, 10.9832348]]}}, {"type": "Feature", "properties": {"name": "Huỳnh Văn Cù", "fclass": "primary"}, "geometry": {"type": "LineString", "coordinates": [[106.6432445, 10.9832348], [106.6432886, 10.9833549], [106.6433082, 10.9834207], [106.6433239, 10.9834939], [106.6433411, 10.9835792], [106.6433549, 10.9836946], [106.6433611, 10.9837699], [106.6433617, 10.9838345], [106.6433567, 10.9840039], [106.6433529, 10.9841116]]}}, {"type": "Feature", "properties": {"name": "", "fclass": "service"}, "geometry": {"type": "LineString", "coordinates": [[106.6408941, 10.9840323], [106.6412079, 10.983332]]}}, {"type": "Feature", "properties": {"name": "Huỳnh Văn Cù", "fclass": "primary"}, "geometry": {"type": "LineString", "coordinates": [[106.6432445, 10.9832348], [106.6432709, 10.9833724], [106.6432842, 10.9834589], [106.6432932, 10.9835187], [106.6432984, 10.9835936], [106.6432987, 10.9837763], [106.6432949, 10.9839647], [106.643292, 10.9840508], [106.6432731, 10.9841912]]}}, {"type": "Feature", "properties": {"name": "Nguyễn Văn Cừ", "fclass": "tertiary"}, "geometry": {"type": "LineString", "coordinates": [[106.6418409, 10.9836639], [106.6425554, 10.9839889]]}}, {"type": "Feature", "properties": {"name": "Nguyễn Văn Cừ", "fclass": "tertiary_link"}, "geometry": {"type": "LineString", "coordinates": [[106.642905, 10.9841077], [106.6429957, 10.9840693], [106.6430306, 10.9840302], [106.6430643, 10.9839737], [106.6430911, 10.9839128], [106.643123, 10.9837809]]}}, {"type": "Feature", "properties": {"name": "Huỳnh Văn Cù", "fclass": "primary"}, "geometry": {"type": "LineString", "coordinates": [[106.6431465, 10.9841799], [106.6431556, 10.9838819]]}}, {"type": "Feature", "properties": {"name": "Nguyễn Văn Cừ", "fclass": "tertiary"}, "geometry": {"type": "LineString", "coordinates": [[106.6425554, 10.9839889], [106.6427113, 10.9840438], [106.642828, 10.9840824], [106.642905, 10.9841077], [106.6429754, 10.9841332], [106.6430877, 10.9841738], [106.6431465, 10.9841799]]}}, {"type": "Feature", "properties": {"name": "Nguyễn Văn Cừ", "fclass": "tertiary"}, "geometry": {"type": "LineString", "coordinates": [[106.6431405, 10.984293], [106.6429353, 10.9841877], [106.6427746, 10.9841051], [106.6426751, 10.9840495], [106.6425554, 10.9839889]]}}, {"type": "Feature", "properties": {"name": "Nguyễn Văn Cừ", "fclass": "tertiary"}, "geometry": {"type": "LineString", "coordinates": [[106.6305807, 10.9837966], [106.6320996, 10.9831549], [106.6333694, 10.9826788], [106.6345303, 10.9822388], [106.6350249, 10.9820468], [106.6352505, 10.9819592], [106.635481, 10.9818495], [106.6359324, 10.9816852], [106.6361022, 10.9816285], [106.6362994, 10.9815819], [106.6364934, 10.9815513], [106.6366292, 10.9815459], [106.6367317, 10.9815419], [106.6367875, 10.981539], [106.6371023, 10.9815227], [106.6371997, 10.9815176], [106.6372713, 10.9815123], [106.637654, 10.9814967], [106.6378297, 10.9814967], [106.6380081, 10.9815048], [106.6381757, 10.9815237], [106.6383353, 10.9815559], [106.6384647, 10.9815967], [106.6385924, 10.9816453], [106.6386375, 10.9816688], [106.6386889, 10.9816961], [106.6392301, 10.9820466], [106.6394395, 10.9821802], [106.6402673, 10.9827084], [106.6407112, 10.9829917], [106.6412079, 10.983332], [106.6413036, 10.9833975]]}}, {"type": "Feature", "properties": {"name": "Nguyễn Văn Cừ", "fclass": "tertiary"}, "geometry": {"type": "LineString", "coordinates": [[106.63044768456135, 10.983852500498948], [106.6305807, 10.9837966]]}}, {"type": "Feature", "properties": {"name": "", "fclass": "service"}, "geometry": {"type": "LineString", "coordinates": [[106.6408512, 10.9817034], [106.640878, 10.9816586]]}}, {"type": "Feature", "properties": {"name": "", "fclass": "residential"}, "geometry": {"type": "LineString", "coordinates": [[106.6384386, 10.982051], [106.6385311, 10.9819851], [106.6385646, 10.9819522], [106.638582, 10.9819232], [106.6386008, 10.9818864], [106.6386317, 10.9818219], [106.6386889, 10.9816961]]}}, {"type": "Feature", "properties": {"name": "", "fclass": "service"}, "geometry": {"type": "LineString", "coordinates": [[106.6402673, 10.9827084], [106.6403453, 10.9825911], [106.640406, 10.9824209], [106.6404583, 10.982305], [106.6408512, 10.9817034]]}}, {"type": "Feature", "properties": {"name": "", "fclass": "residential"}, "geometry": {"type": "LineString", "coordinates": [[106.6369159, 10.9817484], [106.6369309, 10.9817677], [106.6372003, 10.9819395], [106.6373709, 10.9821307], [106.6375262, 10.9823218], [106.6375853, 10.9824571], [106.6379703, 10.9831873]]}}, {"type": "Feature", "properties": {"name": "", "fclass": "service"}, "geometry": {"type": "LineString", "coordinates": [[106.6400803, 10.9882728], [106.6401619, 10.9880451], [106.6405001, 10.9881924], [106.6406393, 10.9882531], [106.6407546, 10.9883058], [106.6408619, 10.9883137], [106.6410175, 10.9883084], [106.6410792, 10.9882136], [106.6410711, 10.9880504], [106.6410685, 10.9879082], [106.6410792, 10.9878318], [106.6410658, 10.9877634], [106.6410524, 10.987716], [106.6408941, 10.9876317], [106.6407879, 10.9875857], [106.6406634, 10.9875317], [106.6403469, 10.9873921], [106.6401914, 10.9873131], [106.6401418, 10.9872829], [106.6401069, 10.9872789], [106.6400841, 10.9873], [106.6400425, 10.9873895], [106.6399191, 10.9876396], [106.6398655, 10.9877568], [106.6398239, 10.9878806]]}}, {"type": "Feature", "properties": {"name": "", "fclass": "service"}, "geometry": {"type": "LineString", "coordinates": [[106.6405001, 10.9881924], [106.6407879, 10.9875857]]}}, {"type": "Feature", "properties": {"name": "", "fclass": "service"}, "geometry": {"type": "LineString", "coordinates": [[106.6401619, 10.9880451], [106.6400304, 10.9879661], [106.6398239, 10.9878806]]}}, {"type": "Feature", "properties": {"name": "", "fclass": "residential"}, "geometry": {"type": "LineString", "coordinates": [[106.6406399, 10.9885502], [106.6405696, 10.9887297], [106.6405454, 10.9889219]]}}, {"type": "Feature", "properties": {"name": "", "fclass": "residential"}, "geometry": {"type": "LineString", "coordinates": [[106.6407305, 10.9894222], [106.6408378, 10.9893379], [106.6409773, 10.9892326], [106.641106, 10.98918], [106.6411221, 10.9891062], [106.6411704, 10.9886692], [106.6411488, 10.9884405]]}}, {"type": "Feature", "properties": {"name": "", "fclass": "residential"}, "geometry": {"type": "LineString", "coordinates": [[106.6401967, 10.9890957], [106.6401726, 10.9892537], [106.6401753, 10.9892984], [106.64020004054439, 10.98934041699233]]}}, {"type": "Feature", "properties": {"name": "Huỳnh Văn Cù", "fclass": "primary"}, "geometry": {"type": "LineString", "coordinates": [[106.6433529, 10.9841116], [106.6432731, 10.9841912]]}}, {"type": "Feature", "properties": {"name": "", "fclass": "primary_link"}, "geometry": {"type": "LineString", "coordinates": [[106.6431465, 10.9841799], [106.6432731, 10.9841912]]}}, {"type": "Feature", "properties": {"name": "", "fclass": "primary"}, "geometry": {"type": "LineString", "coordinates": [[106.6431405, 10.984293], [106.6431465, 10.9841799]]}}, {"type": "Feature", "properties": {"name": "Huỳnh Văn Cù", "fclass": "primary"}, "geometry": {"type": "LineString", "coordinates": [[106.6432731, 10.9841912], [106.6432357, 10.9843283]]}}, {"type": "Feature", "properties": {"name": "", "fclass": "primary_link"}, "geometry": {"type": "LineString", "coordinates": [[106.6432357, 10.9843283], [106.6431885, 10.9843108], [106.6431405, 10.984293]]}}, {"type": "Feature", "properties": {"name": "", "fclass": "primary"}, "geometry": {"type": "LineString", "coordinates": [[106.6427048, 10.9854461], [106.642717, 10.9854106], [106.6431106, 10.9844402], [106.6431286, 10.9843672], [106.6431405, 10.984293]]}}, {"type": "Feature", "properties": {"name": "", "fclass": "service"}, "geometry": {"type": "LineString", "coordinates": [[106.6427048, 10.9854461], [106.6425517, 10.9854647], [106.6424605, 10.9854568], [106.6423935, 10.9854068], [106.6422808, 10.985262], [106.6422299, 10.9851646], [106.6421762, 10.9851224], [106.6420796, 10.9851277], [106.6419026, 10.9852383], [106.6417095, 10.9853594], [106.6414359, 10.9855911]]}}, {"type": "Feature", "properties": {"name": "", "fclass": "residential"}, "geometry": {"type": "LineString", "coordinates": [[106.6426553, 10.9863136], [106.6427602, 10.9862807], [106.6428186, 10.9862599], [106.6428685, 10.9862463], [106.6429088, 10.9862401], [106.6429438, 10.9862401], [106.6429803, 10.9862408], [106.6430102, 10.98623], [106.6430402, 10.9862142], [106.643068, 10.9861973], [106.6431011, 10.9861739], [106.6431452, 10.9861466], [106.6432284, 10.9861023], [106.6434227, 10.9859746]]}}, {"type": "Feature", "properties": {"name": "", "fclass": "residential"}, "geometry": {"type": "LineString", "coordinates": [[106.6412696, 10.9872025], [106.6411033, 10.9870498], [106.6409183, 10.9868813], [106.6408136, 10.9867971]]}}, {"type": "Feature", "properties": {"name": "", "fclass": "residential"}, "geometry": {"type": "LineString", "coordinates": [[106.64168, 10.9871999], [106.6415942, 10.9872684], [106.6415593, 10.9872578], [106.6414627, 10.9871999], [106.641401, 10.987113], [106.6413608, 10.9871078], [106.6413233, 10.9871341], [106.6412696, 10.9872025], [106.6410872, 10.9873684]]}}, {"type": "Feature", "properties": {"name": "", "fclass": "residential"}, "geometry": {"type": "LineString", "coordinates": [[106.6414437, 10.9882737], [106.641401, 10.9879793], [106.6414493, 10.9878424], [106.6415834, 10.9876844], [106.6416478, 10.9875159], [106.6416693, 10.9873895], [106.64168, 10.9871999], [106.6420421, 10.9867444], [106.6422674, 10.9864521], [106.6424149, 10.9863758], [106.6426032, 10.9863311]]}}, {"type": "Feature", "properties": {"name": "", "fclass": "service"}, "geometry": {"type": "LineString", "coordinates": [[106.6433547, 10.987626], [106.6432035, 10.9877371], [106.6429621, 10.9878766], [106.6429138, 10.9879793], [106.6428468, 10.9881531]]}}, {"type": "Feature", "properties": {"name": "", "fclass": "residential"}, "geometry": {"type": "LineString", "coordinates": [[106.6430526, 10.9872589], [106.6430161, 10.9872819], [106.6427287, 10.9874721], [106.6422872, 10.9877649], [106.6419612, 10.9879811], [106.6414437, 10.9882737], [106.6412255, 10.9883971], [106.6411488, 10.9884405], [106.6408792, 10.9885453], [106.6406399, 10.9885502], [106.6405572, 10.9885122], [106.6402596, 10.9883817], [106.6400803, 10.9882728], [106.6398916, 10.9881582], [106.6391233, 10.9876779]]}}, {"type": "Feature", "properties": {"name": "", "fclass": "service"}, "geometry": {"type": "LineString", "coordinates": [[106.6410792, 10.9882136], [106.6411623, 10.9883163], [106.6412255, 10.9883971]]}}, {"type": "Feature", "properties": {"name": "", "fclass": "residential"}, "geometry": {"type": "LineString", "coordinates": [[106.6411704, 10.9886692], [106.6414654, 10.9886692], [106.6415513, 10.9886955]]}}, {"type": "Feature", "properties": {"name": "", "fclass": "residential"}, "geometry": {"type": "LineString", "coordinates": [[106.6421768, 10.9898048], [106.6422835, 10.989467], [106.6424203, 10.9890615], [106.6424713, 10.9887165], [106.6425115, 10.9883321], [106.6424659, 10.9880951], [106.6422872, 10.9877649]]}}, {"type": "Feature", "properties": {"name": "", "fclass": "service"}, "geometry": {"type": "LineString", "coordinates": [[106.6427554, 10.9891948], [106.6427668, 10.9891757], [106.6427762, 10.9891599], [106.6427862, 10.9891447], [106.642795, 10.9891316], [106.642805, 10.9891197], [106.6428157, 10.9891105], [106.6428426, 10.9890921], [106.6428721, 10.9890671], [106.6429029, 10.9890368], [106.6429297, 10.9890144], [106.6429512, 10.988996], [106.6429686, 10.9889736], [106.6429768, 10.9889617], [106.6429828, 10.9889524], [106.6429914, 10.9889394]]}}, {"type": "Feature", "properties": {"name": "", "fclass": "service"}, "geometry": {"type": "LineString", "coordinates": [[106.64297506472816, 10.989965064027515], [106.6429406, 10.9898672], [106.642895, 10.9897513], [106.6428307, 10.9896486], [106.6428092, 10.9895301], [106.642777, 10.9893195], [106.6427554, 10.9891948]]}}, {"type": "Feature", "properties": {"name": "", "fclass": "residential"}, "geometry": {"type": "LineString", "coordinates": [[106.6420394, 10.989409], [106.6420743, 10.989488], [106.6421768, 10.9898048], [106.64215544253854, 10.989843857823354]]}}, {"type": "Feature", "properties": {"name": "", "fclass": "residential"}, "geometry": {"type": "LineString", "coordinates": [[106.6425808, 10.9899676], [106.64258098003111, 10.98996968200684]]}}, {"type": "Feature", "properties": {"name": "", "fclass": "residential"}, "geometry": {"type": "LineString", "coordinates": [[106.64079024022143, 10.989442197785987], [106.6407305, 10.9894222], [106.6405803, 10.9893748], [106.6405119, 10.9893748]]}}, {"type": "Feature", "properties": {"name": "Đường N12", "fclass": "residential"}, "geometry": {"type": "LineString", "coordinates": [[106.6717222, 10.9604542], [106.6718721, 10.9602153], [106.671932, 10.9601528], [106.671975, 10.9600756], [106.6720013, 10.9600129], [106.6720574, 10.959879], [106.6721472, 10.9596566], [106.6722202, 10.9594471], [106.6722446, 10.9593699], [106.6722539, 10.9593001], [106.6722652, 10.9592174], [106.6722914, 10.9591163], [106.6723531, 10.9589289], [106.6724954, 10.9585429], [106.6726264, 10.9581276], [106.6727675, 10.9577191], [106.6727781, 10.9576884], [106.67278011072574, 10.957682725456678]]}}, {"type": "Feature", "properties": {"name": "", "fclass": "residential"}, "geometry": {"type": "LineString", "coordinates": [[106.6727675, 10.9577191], [106.67305433485943, 10.957787337648355]]}}, {"type": "Feature", "properties": {"name": "Cách Mạng Tháng Tám", "fclass": "secondary"}, "geometry": {"type": "LineString", "coordinates": [[106.67637517612904, 10.959515697922441], [106.6763696, 10.959532], [106.6761427, 10.9602712], [106.6760463, 10.9605849], [106.6759246, 10.9608459], [106.6757506, 10.9610954], [106.6755026, 10.9613715], [106.6752213, 10.9616013], [106.6749729, 10.9617653], [106.6748297, 10.9618613]]}}, {"type": "Feature", "properties": {"name": "", "fclass": "residential"}, "geometry": {"type": "LineString", "coordinates": [[106.677404, 10.9600463], [106.6779757, 10.9604838], [106.6781406, 10.9606353], [106.6784096, 10.9607669]]}}, {"type": "Feature", "properties": {"name": "", "fclass": "residential"}, "geometry": {"type": "LineString", "coordinates": [[106.67421290392322, 10.958997784805907], [106.6745827, 10.9590658]]}}, {"type": "Feature", "properties": {"name": "", "fclass": "residential"}, "geometry": {"type": "LineString", "coordinates": [[106.6734582, 10.9603558], [106.6731631, 10.9602653], [106.6731494, 10.96024], [106.673429, 10.958918], [106.6734555, 10.9588058], [106.67348063556523, 10.958735420417367]]}}, {"type": "Feature", "properties": {"name": "", "fclass": "residential"}, "geometry": {"type": "LineString", "coordinates": [[106.6738142, 10.9608021], [106.6738611, 10.960626], [106.6739148, 10.9604299], [106.6739805, 10.9601995], [106.6740797, 10.9596794], [106.67417942717853, 10.959127549361876]]}}, {"type": "Feature", "properties": {"name": "", "fclass": "residential"}, "geometry": {"type": "LineString", "coordinates": [[106.6733909, 10.9606584], [106.6734105, 10.9605839], [106.6734582, 10.9603558], [106.6735245, 10.9601139], [106.673727, 10.9591172]]}}, {"type": "Feature", "properties": {"name": "", "fclass": "residential"}, "geometry": {"type": "LineString", "coordinates": [[106.6748685, 10.9602394], [106.6750333, 10.9602653], [106.6751191, 10.9602837], [106.6751526, 10.9602811], [106.6751714, 10.96026], [106.6751835, 10.9601955], [106.6752103, 10.9601665], [106.6752478, 10.9601586], [106.675504, 10.9601297]]}}, {"type": "Feature", "properties": {"name": "", "fclass": "residential"}, "geometry": {"type": "LineString", "coordinates": [[106.6756133, 10.9593387], [106.6750453, 10.959208], [106.6749997, 10.9592396], [106.6749743, 10.9593278], [106.6749501, 10.959657], [106.6748685, 10.9602394], [106.6748522, 10.9603561], [106.6748321, 10.9605299], [106.6747302, 10.9610066], [106.674639, 10.9614187]]}}, {"type": "Feature", "properties": {"name": "", "fclass": "residential"}, "geometry": {"type": "LineString", "coordinates": [[106.6739148, 10.9604299], [106.6745223, 10.9605497]]}}, {"type": "Feature", "properties": {"name": "", "fclass": "residential"}, "geometry": {"type": "LineString", "coordinates": [[106.6733909, 10.9606584], [106.6734486, 10.9606984], [106.6735176, 10.9607283], [106.6737471, 10.9607802], [106.6738142, 10.9608021], [106.6740721, 10.9609038]]}}, {"type": "Feature", "properties": {"name": "", "fclass": "residential"}, "geometry": {"type": "LineString", "coordinates": [[106.68311829292642, 10.95827041100553], [106.6829941, 10.9584325]]}}, {"type": "Feature", "properties": {"name": "", "fclass": "residential"}, "geometry": {"type": "LineString", "coordinates": [[106.6829941, 10.9584325], [106.6829415, 10.9584967]]}}, {"type": "Feature", "properties": {"name": "", "fclass": "residential"}, "geometry": {"type": "LineString", "coordinates": [[106.68159050230096, 10.957539650380799], [106.6816128, 10.9575577], [106.6819695, 10.9578466], [106.6829415, 10.9584967], [106.6834795, 10.9588565], [106.6850191, 10.9599625], [106.6855878, 10.9603575], [106.6856414, 10.9604022], [106.6857031, 10.9605075], [106.6858211, 10.9607445], [106.6860169, 10.9611053], [106.6861162, 10.9612133], [106.686371, 10.9614397], [106.6867089, 10.9617162], [106.6874975, 10.9623666], [106.6879401, 10.96273], [106.6881305, 10.9628749], [106.688337, 10.9630065], [106.6885275, 10.9631066], [106.6887447, 10.9632435], [106.6888037, 10.9633014], [106.6888439, 10.9633751], [106.6889661, 10.9636677]]}}, {"type": "Feature", "properties": {"name": "", "fclass": "track"}, "geometry": {"type": "LineString", "coordinates": [[106.6816128, 10.9575577], [106.6814089, 10.9580507], [106.6810991, 10.9587314], [106.6807236, 10.959707], [106.6806699, 10.9598426], [106.6803414, 10.9606971], [106.68020333485951, 10.960911629788704]]}}, {"type": "Feature", "properties": {"name": "", "fclass": "residential"}, "geometry": {"type": "LineString", "coordinates": [[106.6805823, 10.9621098], [106.6807745, 10.9615951]]}}, {"type": "Feature", "properties": {"name": "", "fclass": "residential"}, "geometry": {"type": "LineString", "coordinates": [[106.6811685, 10.9621765], [106.6812627, 10.9616109]]}}, {"type": "Feature", "properties": {"name": "", "fclass": "residential"}, "geometry": {"type": "LineString", "coordinates": [[106.6819346, 10.9625273], [106.6822028, 10.9613265]]}}, {"type": "Feature", "properties": {"name": "", "fclass": "residential"}, "geometry": {"type": "LineString", "coordinates": [[106.6823241, 10.9630489], [106.6823204, 10.9629926], [106.6823759, 10.9627692], [106.6824254, 10.9626484], [106.6824203, 10.9625221], [106.6824591, 10.9623949], [106.6829569, 10.9610997]]}}, {"type": "Feature", "properties": {"name": "", "fclass": "residential"}, "geometry": {"type": "LineString", "coordinates": [[106.6816055, 10.9626315], [106.6817227, 10.9624904], [106.6817656, 10.962156], [106.6818488, 10.9615714]]}}, {"type": "Feature", "properties": {"name": "", "fclass": "residential"}, "geometry": {"type": "LineString", "coordinates": [[106.6810267, 10.9627866], [106.6810749, 10.9626734], [106.6811889, 10.9625457], [106.6812801, 10.9624154], [106.6812949, 10.9623403], [106.6812949, 10.9622666], [106.6812855, 10.9622284], [106.6812278, 10.9622047], [106.6811685, 10.9621765], [106.681142, 10.9621639], [106.6808456, 10.9621244], [106.6806458, 10.9621244], [106.6805823, 10.9621098], [106.6804621, 10.9620822], [106.6804053, 10.9620659], [106.6802743, 10.9620283], [106.6801456, 10.9619519], [106.6800208, 10.9618795], [106.6797982, 10.9617939]]}}, {"type": "Feature", "properties": {"name": "", "fclass": "residential"}, "geometry": {"type": "LineString", "coordinates": [[106.6803052, 10.9626379], [106.6802542, 10.9626063], [106.6802327, 10.962576], [106.68023, 10.9625391], [106.6802381, 10.9625128], [106.6802596, 10.9624785], [106.6804053, 10.9620659]]}}, {"type": "Feature", "properties": {"name": "", "fclass": "residential"}, "geometry": {"type": "LineString", "coordinates": [[106.6817227, 10.9624904], [106.6819346, 10.9625273], [106.6824254, 10.9626484]]}}, {"type": "Feature", "properties": {"name": "", "fclass": "residential"}, "geometry": {"type": "LineString", "coordinates": [[106.6830865, 10.9632587], [106.683115, 10.9632331], [106.6832667, 10.9630502], [106.6833381, 10.9629518], [106.683451, 10.9627053], [106.6834777, 10.9626574], [106.6835024, 10.9626259], [106.6835298, 10.9626121], [106.6835692, 10.9626108], [106.6836574, 10.9626089], [106.6836775, 10.9626069], [106.6836855, 10.9626003], [106.6837002, 10.9625879], [106.6838277, 10.9622311]]}}, {"type": "Feature", "properties": {"name": "", "fclass": "residential"}, "geometry": {"type": "LineString", "coordinates": [[106.6833886, 10.9644565], [106.6835137, 10.9643283], [106.6836166, 10.9641902], [106.6837102, 10.9640872], [106.6838783, 10.9639286], [106.6840143, 10.9637673], [106.6842089, 10.9635169], [106.6842581, 10.963451], [106.6842777, 10.9634183], [106.6843903, 10.9632303], [106.6844489, 10.9631264], [106.6844687, 10.9630754], [106.684617, 10.9624624], [106.6847026, 10.9620269], [106.6847321, 10.9620032], [106.6847777, 10.9620085], [106.6849226, 10.9620506], [106.6849494, 10.9620401], [106.6849789, 10.9620164], [106.685062, 10.9616873]]}}, {"type": "Feature", "properties": {"name": "", "fclass": "service"}, "geometry": {"type": "LineString", "coordinates": [[106.6847202, 10.9637064], [106.6848609, 10.9634621], [106.6851586, 10.9625062]]}}, {"type": "Feature", "properties": {"name": "", "fclass": "residential"}, "geometry": {"type": "LineString", "coordinates": [[106.685463, 10.9636104], [106.6856307, 10.963628], [106.6856555, 10.9636359], [106.6856816, 10.9636503], [106.6859137, 10.9638189], [106.6859202, 10.9638252], [106.6859227, 10.9638287], [106.6859254, 10.963833], [106.6859259, 10.963836], [106.6859261, 10.9638381], [106.6859261, 10.96384], [106.6859257, 10.9638413], [106.685915, 10.963865], [106.6858546, 10.963969]]}}, {"type": "Feature", "properties": {"name": "", "fclass": "residential"}, "geometry": {"type": "LineString", "coordinates": [[106.6852837, 10.9644401], [106.6852523, 10.9644119], [106.6852469, 10.9643791], [106.685255, 10.9643292], [106.6852944, 10.9641502], [106.6853157, 10.9640263], [106.6854617, 10.9636464], [106.685463, 10.9636104], [106.6854684, 10.9634621], [106.6854778, 10.9634173], [106.6854899, 10.963391], [106.6855502, 10.9632066]]}}, {"type": "Feature", "properties": {"name": "", "fclass": "residential"}, "geometry": {"type": "LineString", "coordinates": [[106.6858289, 10.9645849], [106.6858973, 10.9645105], [106.6860009, 10.9643958], [106.6861057, 10.964241], [106.686238, 10.9640069], [106.686417, 10.963683], [106.6865829, 10.963362]]}}, {"type": "Feature", "properties": {"name": "", "fclass": "service"}, "geometry": {"type": "LineString", "coordinates": [[106.6874231, 10.9635142], [106.6873553, 10.9636095], [106.687303, 10.9636464], [106.6872735, 10.9636648], [106.687244, 10.9636622], [106.6872105, 10.9636438], [106.6864541, 10.9631606], [106.6864045, 10.963125], [106.6864032, 10.9630868], [106.6864246, 10.9630434], [106.6864461, 10.9630144], [106.686776, 10.9625496], [106.686843, 10.9624706], [106.6869088, 10.9624311], [106.6869771, 10.9624114], [106.6870522, 10.9624048], [106.6871019, 10.9624022], [106.6872279, 10.9624562], [106.6873915, 10.9625747], [106.6877644, 10.9628564], [106.6878179, 10.9629038], [106.6879256, 10.9629778], [106.6880318, 10.9630507], [106.6881406, 10.9631254], [106.6882549, 10.9632039], [106.688443, 10.963333], [106.6885328, 10.9634542], [106.6886039, 10.9635424], [106.6886482, 10.9636398], [106.6886888, 10.9637147]]}}, {"type": "Feature", "properties": {"name": "", "fclass": "service"}, "geometry": {"type": "LineString", "coordinates": [[106.6874231, 10.9635142], [106.6875753, 10.963258], [106.6878179, 10.9629038]]}}, {"type": "Feature", "properties": {"name": "", "fclass": "service"}, "geometry": {"type": "LineString", "coordinates": [[106.6875236, 10.9635809], [106.6876943, 10.9633249], [106.6879256, 10.9629778]]}}, {"type": "Feature", "properties": {"name": "", "fclass": "service"}, "geometry": {"type": "LineString", "coordinates": [[106.6876397, 10.9636596], [106.6878153, 10.9633868], [106.6880318, 10.9630507]]}}, {"type": "Feature", "properties": {"name": "", "fclass": "service"}, "geometry": {"type": "LineString", "coordinates": [[106.6877404, 10.9637253], [106.6879221, 10.963453], [106.6881406, 10.9631254]]}}, {"type": "Feature", "properties": {"name": "", "fclass": "service"}, "geometry": {"type": "LineString", "coordinates": [[106.6882549, 10.9632039], [106.6880366, 10.9635305], [106.6878569, 10.9637767], [106.6878234, 10.9637767], [106.6877404, 10.9637253], [106.6876705, 10.9636819], [106.6876397, 10.9636596], [106.6875236, 10.9635809], [106.6874774, 10.9635477], [106.6874231, 10.9635142]]}}, {"type": "Feature", "properties": {"name": "", "fclass": "service"}, "geometry": {"type": "LineString", "coordinates": [[106.6883021, 10.9638388], [106.6882995, 10.9637412], [106.6881734, 10.9636043], [106.6880366, 10.9635305], [106.6879221, 10.963453], [106.6878153, 10.9633868], [106.6876943, 10.9633249], [106.6875753, 10.963258]]}}, {"type": "Feature", "properties": {"name": "", "fclass": "residential"}, "geometry": {"type": "LineString", "coordinates": [[106.6810515, 10.9637854], [106.6809717, 10.9636227], [106.6808724, 10.9634305], [106.6808335, 10.9632856], [106.6808644, 10.9631421], [106.6809408, 10.9629868], [106.6810267, 10.9627866], [106.6811366, 10.9626866], [106.6812345, 10.9626365], [106.6813606, 10.9626049], [106.6814733, 10.9625878], [106.6815417, 10.9625839], [106.6815824, 10.9625993]]}}, {"type": "Feature", "properties": {"name": "", "fclass": "residential"}, "geometry": {"type": "LineString", "coordinates": [[106.6830544, 10.9633757], [106.6826368, 10.9632251], [106.6824018, 10.963147], [106.6823463, 10.9631016], [106.6823241, 10.9630489]]}}, {"type": "Feature", "properties": {"name": "", "fclass": "residential"}, "geometry": {"type": "LineString", "coordinates": [[106.6812788, 10.9645685], [106.6815515, 10.9644903], [106.6817933, 10.9643429], [106.6819142, 10.9642798], [106.682038, 10.9642279], [106.6821135, 10.9642047], [106.6821683, 10.9641899], [106.682225, 10.9641834], [106.6823148, 10.9641889], [106.6824121, 10.9642038], [106.6824659, 10.9642195], [106.6824905, 10.9642297], [106.6825179, 10.9642297], [106.6825377, 10.9642195], [106.682669, 10.9641175], [106.6826857, 10.9640976], [106.6826954, 10.964086], [106.68272, 10.9640489], [106.6827304, 10.9640164], [106.6827455, 10.9639868], [106.6827663, 10.9639571], [106.6828135, 10.9639089], [106.6828551, 10.9638588], [106.6829108, 10.9637595], [106.6830195, 10.9635027], [106.6830544, 10.9633757], [106.6830865, 10.9632587], [106.683079, 10.9631465], [106.683079, 10.9630631], [106.6830875, 10.9629453], [106.6831186, 10.962795], [106.6831687, 10.9625817], [106.6832046, 10.9623879], [106.6833482, 10.9619455]]}}, {"type": "Feature", "properties": {"name": "", "fclass": "residential"}, "geometry": {"type": "LineString", "coordinates": [[106.6799307, 10.9640823], [106.680108, 10.9634515], [106.6801643, 10.9634463], [106.6802448, 10.9634542], [106.6803843, 10.9629223]]}}, {"type": "Feature", "properties": {"name": "", "fclass": "residential"}, "geometry": {"type": "LineString", "coordinates": [[106.681254, 10.9646337], [106.6812788, 10.9645685], [106.6812697, 10.9645107], [106.6811809, 10.9642102], [106.6810562, 10.9638318], [106.6810506, 10.9638086], [106.6810515, 10.9637854], [106.6810751, 10.9637474], [106.6819017, 10.9631121], [106.6819026, 10.9630797], [106.6818922, 10.9630315], [106.6816055, 10.9626315], [106.6815824, 10.9625993]]}}, {"type": "Feature", "properties": {"name": "", "fclass": "residential"}, "geometry": {"type": "LineString", "coordinates": [[106.6803332, 10.9642581], [106.680273, 10.9644087], [106.6802314, 10.9645009], [106.6801965, 10.9645575], [106.680171, 10.9645944], [106.6801469, 10.9646444], [106.6801214, 10.9647076]]}}, {"type": "Feature", "properties": {"name": "", "fclass": "residential"}, "geometry": {"type": "LineString", "coordinates": [[106.681353, 10.9646751], [106.681264, 10.9649169], [106.681252, 10.9649558], [106.6812439, 10.9649887], [106.6812352, 10.9650111], [106.6812205, 10.9650289], [106.681207, 10.9650368]]}}, {"type": "Feature", "properties": {"name": "", "fclass": "residential"}, "geometry": {"type": "LineString", "coordinates": [[106.6826857, 10.9640976], [106.6830763, 10.9642649], [106.6832652, 10.964353], [106.6833886, 10.9644565], [106.6834145, 10.9644782], [106.6835269, 10.9645858], [106.6835741, 10.9646266], [106.6836527, 10.96467], [106.6839026, 10.9648054], [106.6838868, 10.9648482], [106.6838424, 10.9649706], [106.6837489, 10.9651264], [106.6836138, 10.9653342], [106.6834211, 10.9655864], [106.6832809, 10.9657394]]}}, {"type": "Feature", "properties": {"name": "", "fclass": "residential"}, "geometry": {"type": "LineString", "coordinates": [[106.6805728, 10.9649171], [106.680506, 10.9649222], [106.6804257, 10.9649232], [106.6803785, 10.9649232], [106.6803193, 10.964935], [106.6802752, 10.9649498], [106.680229, 10.9649705], [106.6801798, 10.9649941]]}}, {"type": "Feature", "properties": {"name": "", "fclass": "residential"}, "geometry": {"type": "LineString", "coordinates": [[106.6816733, 10.9653633], [106.6815145, 10.9653639], [106.6813613, 10.965359]]}}, {"type": "Feature", "properties": {"name": "", "fclass": "service"}, "geometry": {"type": "LineString", "coordinates": [[106.6842777, 10.9634183], [106.6846718, 10.9636688], [106.6847202, 10.9637064], [106.6848126, 10.9637781], [106.684889, 10.9638347], [106.6849105, 10.9638794], [106.6849105, 10.9639124], [106.6848756, 10.9639729], [106.6845296, 10.9645996], [106.6845282, 10.9646194]]}}, {"type": "Feature", "properties": {"name": "Đại lộ Bình Dương", "fclass": "trunk"}, "geometry": {"type": "LineString", "coordinates": [[106.6715241, 10.9725436], [106.6716891, 10.9724571], [106.6725836, 10.9719879], [106.67283, 10.97186], [106.6734817, 10.9715543], [106.6738577, 10.9713502], [106.6744404, 10.9711046], [106.6755034, 10.9705816], [106.6776744, 10.9693369], [106.6778422, 10.9692328], [106.6786183, 10.9688018], [106.6794502, 10.9683339], [106.6808061, 10.9675831], [106.6815625, 10.9671641], [106.6825428, 10.9666932], [106.6829154, 10.9665143], [106.6831586, 10.9663999], [106.6832766, 10.9663354], [106.6854209, 10.9653148], [106.6863604, 10.9648701], [106.6867855, 10.9646791], [106.688262, 10.9639956], [106.6887682, 10.9637584], [106.6889661, 10.9636677], [106.68921847239916, 10.963547008254862]]}}, {"type": "Feature", "properties": {"name": "", "fclass": "service"}, "geometry": {"type": "LineString", "coordinates": [[106.683792, 10.9644114], [106.6836527, 10.96467]]}}, {"type": "Feature", "properties": {"name": "", "fclass": "residential"}, "geometry": {"type": "LineString", "coordinates": [[106.6839026, 10.9648054], [106.6839293, 10.9647723], [106.6839654, 10.9647356], [106.6840142, 10.9647166], [106.6840556, 10.9647054], [106.6841271, 10.9647041], [106.6842473, 10.9647054], [106.6843335, 10.9646785], [106.6844417, 10.9646379], [106.6845111, 10.9646202], [106.6845282, 10.9646194], [106.6845552, 10.9646182], [106.6845966, 10.96463], [106.6847342, 10.9647041], [106.684781, 10.9647218], [106.6848257, 10.9647212], [106.6848845, 10.9647146], [106.6849754, 10.964693], [106.6850552, 10.9646729], [106.6851073, 10.9646447], [106.6851501, 10.9646053], [106.6851888, 10.9645542], [106.6852523, 10.9644669], [106.6852837, 10.9644401], [106.6853652, 10.9644499], [106.6854647, 10.9644735], [106.6856651, 10.9645181], [106.6858087, 10.9645738], [106.6858289, 10.9645849], [106.6863604, 10.9648701]]}}, {"type": "Feature", "properties": {"name": "", "fclass": "residential"}, "geometry": {"type": "LineString", "coordinates": [[106.6854209, 10.9653148], [106.6853504, 10.9652277], [106.6852525, 10.9651237], [106.6851318, 10.9650091], [106.685003, 10.9649038], [106.6849695, 10.9648827]]}}, {"type": "Feature", "properties": {"name": "", "fclass": "residential"}, "geometry": {"type": "LineString", "coordinates": [[106.6672814, 10.959194], [106.6672738, 10.9590328], [106.6672165, 10.9587648], [106.6671955, 10.9586973], [106.6671669, 10.9586617], [106.6671115, 10.9586242], [106.6670349, 10.9586089]]}}, {"type": "Feature", "properties": {"name": "", "fclass": "residential"}, "geometry": {"type": "LineString", "coordinates": [[106.6663241, 10.9586195], [106.6663054, 10.958709], [106.6663067, 10.9587538], [106.6663966, 10.9591317], [106.66641, 10.9592172], [106.6663952, 10.9592752]]}}, {"type": "Feature", "properties": {"name": "", "fclass": "service"}, "geometry": {"type": "LineString", "coordinates": [[106.6654853, 10.9612049], [106.6660479, 10.9607735], [106.6661525, 10.9607156], [106.6661793, 10.9606313], [106.6661364, 10.9605207], [106.6660076, 10.9603364]]}}, {"type": "Feature", "properties": {"name": "", "fclass": "residential"}, "geometry": {"type": "LineString", "coordinates": [[106.6665378, 10.9609042], [106.6668177, 10.9607024], [106.6668421, 10.9606902], [106.66687, 10.9606876], [106.6668887, 10.9606978], [106.6669189, 10.9607383]]}}, {"type": "Feature", "properties": {"name": "", "fclass": "residential"}, "geometry": {"type": "LineString", "coordinates": [[106.6664932, 10.9625398], [106.666985, 10.9621688], [106.6672738, 10.9619529], [106.6673047, 10.9619258], [106.6673934, 10.9618666], [106.6675345, 10.9617782], [106.6678167, 10.9615807], [106.6680089, 10.9614569], [106.6680298, 10.9614471], [106.668165, 10.9613833], [106.6683391, 10.961339], [106.6685162, 10.9613214], [106.6685733, 10.9613214], [106.6686243, 10.9612948], [106.6686633, 10.9612506], [106.6686814, 10.9611946], [106.6686941, 10.961114], [106.6687094, 10.9610499], [106.6687197, 10.9610064], [106.6688412, 10.9607323], [106.6689403, 10.9605377], [106.6690334, 10.9603491], [106.6690754, 10.9602518], [106.6691084, 10.9601767], [106.669134, 10.9601015], [106.6691565, 10.960019], [106.6691955, 10.9598672], [106.66923, 10.9597021], [106.6693066, 10.9594133], [106.6693501, 10.9592541], [106.6694145, 10.959077]]}}, {"type": "Feature", "properties": {"name": "", "fclass": "residential"}, "geometry": {"type": "LineString", "coordinates": [[106.6680298, 10.9614471], [106.667965, 10.9613252], [106.6679549, 10.9613021], [106.6678966, 10.9611527]]}}, {"type": "Feature", "properties": {"name": "", "fclass": "residential"}, "geometry": {"type": "LineString", "coordinates": [[106.6672738, 10.9619529], [106.6669242, 10.9614653], [106.6667388, 10.9611975], [106.6665378, 10.9609042]]}}, {"type": "Feature", "properties": {"name": "", "fclass": "service"}, "geometry": {"type": "LineString", "coordinates": [[106.6676639, 10.9623166], [106.6682674, 10.9619269]]}}, {"type": "Feature", "properties": {"name": "", "fclass": "service"}, "geometry": {"type": "LineString", "coordinates": [[106.6683479, 10.9620625], [106.6678061, 10.9624259], [106.6677873, 10.9624325], [106.6677631, 10.9624338], [106.6677444, 10.9624167], [106.6676639, 10.9623166], [106.6675378, 10.9621757], [106.667515, 10.9621652], [106.6674989, 10.9621573], [106.6674708, 10.9621533], [106.6674466, 10.9621454], [106.6674252, 10.9621323], [106.6674051, 10.9621138], [106.6672738, 10.9619529]]}}, {"type": "Feature", "properties": {"name": "", "fclass": "residential"}, "geometry": {"type": "LineString", "coordinates": [[106.666985, 10.9621688], [106.6670282, 10.9622337], [106.6670336, 10.9622422], [106.6670436, 10.9622626], [106.6670584, 10.9623153], [106.6670611, 10.9623298], [106.6670691, 10.9623423], [106.6671456, 10.9624279], [106.6672691, 10.9625931]]}}, {"type": "Feature", "properties": {"name": "", "fclass": "residential"}, "geometry": {"type": "LineString", "coordinates": [[106.6726075, 10.9593479], [106.6729432, 10.9594127]]}}, {"type": "Feature", "properties": {"name": "", "fclass": "residential"}, "geometry": {"type": "LineString", "coordinates": [[106.6721653, 10.9606712], [106.6722348, 10.9604422], [106.6723093, 10.96027], [106.6723544, 10.9601737], [106.6723941, 10.9600671], [106.6724204, 10.9599462], [106.672485, 10.9597162], [106.6726075, 10.9593479], [106.6726783, 10.9591349], [106.6726889, 10.9591065], [106.6727323, 10.9590204], [106.6727447, 10.9590117], [106.6727591, 10.959009], [106.6727721, 10.9590103], [106.6730793, 10.9590922]]}}, {"type": "Feature", "properties": {"name": "", "fclass": "residential"}, "geometry": {"type": "LineString", "coordinates": [[106.6720013, 10.9600129], [106.671659, 10.9598483]]}}, {"type": "Feature", "properties": {"name": "", "fclass": "residential"}, "geometry": {"type": "LineString", "coordinates": [[106.6708973, 10.9607709], [106.6703434, 10.9605391]]}}, {"type": "Feature", "properties": {"name": "", "fclass": "service"}, "geometry": {"type": "LineString", "coordinates": [[106.6715918, 10.9610182], [106.6716505, 10.960893], [106.6717069, 10.9607336], [106.6718238, 10.960504]]}}, {"type": "Feature", "properties": {"name": "", "fclass": "residential"}, "geometry": {"type": "LineString", "coordinates": [[106.6711081, 10.9601848], [106.6710126, 10.9603732], [106.670965, 10.9605312], [106.6709308, 10.9606649], [106.6708973, 10.9607709], [106.6708578, 10.9608664], [106.6705848, 10.961312], [106.6704511, 10.9615473], [106.6703917, 10.9616517], [106.6703503, 10.9617478]]}}, {"type": "Feature", "properties": {"name": "", "fclass": "residential"}, "geometry": {"type": "LineString", "coordinates": [[106.6727673, 10.9609515], [106.6725026, 10.9614792], [106.6724932, 10.9615056], [106.6724939, 10.9615214], [106.6725006, 10.9615312], [106.6725194, 10.9615418], [106.672742, 10.961655]]}}, {"type": "Feature", "properties": {"name": "", "fclass": "residential"}, "geometry": {"type": "LineString", "coordinates": [[106.6714308, 10.9629955], [106.671069, 10.9623877]]}}, {"type": "Feature", "properties": {"name": "", "fclass": "residential"}, "geometry": {"type": "LineString", "coordinates": [[106.6711721, 10.963876], [106.6709268, 10.9633357], [106.6709456, 10.9632909], [106.6714308, 10.9629955], [106.6720399, 10.9626247], [106.6720962, 10.9625668], [106.6715142, 10.9620322], [106.6712916, 10.9618558], [106.670841, 10.9616293]]}}, {"type": "Feature", "properties": {"name": "", "fclass": "residential"}, "geometry": {"type": "LineString", "coordinates": [[106.6724551, 10.9632103], [106.6721418, 10.9627103], [106.6721258, 10.9626945], [106.6721056, 10.9626905], [106.6720869, 10.9626945], [106.6718321, 10.9628472]]}}, {"type": "Feature", "properties": {"name": "Hẻm 963 Lê Hồng Phong", "fclass": "residential"}, "geometry": {"type": "LineString", "coordinates": [[106.6735342, 10.9612956], [106.6737471, 10.9607802]]}}, {"type": "Feature", "properties": {"name": "", "fclass": "residential"}, "geometry": {"type": "LineString", "coordinates": [[106.6746212, 10.9620011], [106.6746865, 10.9621106], [106.67475, 10.9621509], [106.6748003, 10.9621535], [106.6748202, 10.9621703], [106.6748321, 10.9622028], [106.6747275, 10.9627772], [106.674688, 10.9629371], [106.6746495, 10.9630546]]}}, {"type": "Feature", "properties": {"name": "", "fclass": "residential"}, "geometry": {"type": "LineString", "coordinates": [[106.6741338, 10.9622914], [106.6741967, 10.962403], [106.6742152, 10.9624134], [106.6742616, 10.9624147], [106.6743211, 10.962416], [106.6743556, 10.9624445], [106.6743807, 10.9625563], [106.6743966, 10.9627395], [106.6743842, 10.9630143]]}}, {"type": "Feature", "properties": {"name": "", "fclass": "service"}, "geometry": {"type": "LineString", "coordinates": [[106.6743842, 10.9630143], [106.6746495, 10.9630546]]}}, {"type": "Feature", "properties": {"name": "", "fclass": "residential"}, "geometry": {"type": "LineString", "coordinates": [[106.6726845, 10.9630884], [106.6728345, 10.963357], [106.6730015, 10.9634998], [106.6731643, 10.963592], [106.6733733, 10.9636977], [106.6736698, 10.9637859], [106.6738737, 10.9638508], [106.6739722, 10.9638858], [106.6740056, 10.9638689], [106.6740428, 10.9638011], [106.6740533, 10.9637542], [106.6741051, 10.9636579], [106.6741455, 10.9635095], [106.6741508, 10.9633146], [106.6741079, 10.9631658], [106.6740958, 10.9631457], [106.6739725, 10.962942], [106.6739054, 10.9627695], [106.6737855, 10.9624722]]}}, {"type": "Feature", "properties": {"name": "", "fclass": "residential"}, "geometry": {"type": "LineString", "coordinates": [[106.6740958, 10.9631457], [106.6739255, 10.9632284], [106.673786, 10.963285], [106.6737753, 10.963287], [106.6737599, 10.9632876], [106.6737478, 10.9632824], [106.6737411, 10.9632712], [106.6736989, 10.9631974], [106.6736908, 10.9631889], [106.6736794, 10.9631869], [106.6736707, 10.9631895], [106.6735923, 10.9632244]]}}, {"type": "Feature", "properties": {"name": "", "fclass": "residential"}, "geometry": {"type": "LineString", "coordinates": [[106.6739722, 10.9638858], [106.6741186, 10.9639861], [106.6741334, 10.9640072], [106.6741401, 10.9640453], [106.6741562, 10.9640769], [106.6741938, 10.9641059], [106.6743051, 10.963994], [106.674428, 10.9638873], [106.6745129, 10.9638136], [106.6745786, 10.9637307]]}}, {"type": "Feature", "properties": {"name": "", "fclass": "residential"}, "geometry": {"type": "LineString", "coordinates": [[106.674428, 10.9638873], [106.6747101, 10.964098]]}}, {"type": "Feature", "properties": {"name": "", "fclass": "residential"}, "geometry": {"type": "LineString", "coordinates": [[106.6741938, 10.9641059], [106.6744512, 10.9643245], [106.674462, 10.9643416], [106.67447, 10.964364], [106.67447, 10.9643877], [106.6744633, 10.9644495]]}}, {"type": "Feature", "properties": {"name": "", "fclass": "residential"}, "geometry": {"type": "LineString", "coordinates": [[106.6738394, 10.9655004], [106.6739416, 10.9652988], [106.6740623, 10.9650552], [106.6741562, 10.96483], [106.6741616, 10.9648011], [106.6741589, 10.9647761], [106.6741508, 10.964751], [106.6741267, 10.9647339], [106.6739725, 10.9646576]]}}, {"type": "Feature", "properties": {"name": "", "fclass": "residential"}, "geometry": {"type": "LineString", "coordinates": [[106.6704511, 10.9615473], [106.6697909, 10.9611685]]}}, {"type": "Feature", "properties": {"name": "", "fclass": "residential"}, "geometry": {"type": "LineString", "coordinates": [[106.6692148, 10.961293], [106.6695698, 10.9614234], [106.669727, 10.9614899], [106.6702609, 10.9617826], [106.6702961, 10.9617932]]}}, {"type": "Feature", "properties": {"name": "", "fclass": "residential"}, "geometry": {"type": "LineString", "coordinates": [[106.6702961, 10.9617932], [106.6703314, 10.9617852], [106.6703503, 10.9617478]]}}, {"type": "Feature", "properties": {"name": "", "fclass": "residential"}, "geometry": {"type": "LineString", "coordinates": [[106.6692263, 10.962206], [106.6692853, 10.9620965], [106.6695698, 10.9614234]]}}, {"type": "Feature", "properties": {"name": "", "fclass": "residential"}, "geometry": {"type": "LineString", "coordinates": [[106.6689347, 10.9642858], [106.6686595, 10.9639614], [106.6681079, 10.9633744], [106.6681051, 10.9633278], [106.6683063, 10.9631092], [106.6684297, 10.9629855], [106.6685075, 10.9627432], [106.6685799, 10.9625878], [106.6688749, 10.9624957], [106.6690627, 10.9624272], [106.6692263, 10.962206]]}}, {"type": "Feature", "properties": {"name": "", "fclass": "residential"}, "geometry": {"type": "LineString", "coordinates": [[106.6688749, 10.9636675], [106.6687837, 10.9635358], [106.6692692, 10.9631935], [106.6695347, 10.9629433]]}}, {"type": "Feature", "properties": {"name": "", "fclass": "residential"}, "geometry": {"type": "LineString", "coordinates": [[106.6686595, 10.9639614], [106.6688642, 10.9637728], [106.6688749, 10.9636675], [106.6692397, 10.9633778], [106.6694516, 10.9632646], [106.6696528, 10.963175]]}}, {"type": "Feature", "properties": {"name": "", "fclass": "residential"}, "geometry": {"type": "LineString", "coordinates": [[106.667845, 10.9654365], [106.6677242, 10.9651763], [106.6681859, 10.9648382], [106.668374, 10.9646851], [106.6685989, 10.9645127], [106.6689347, 10.9642858], [106.6696434, 10.9639077]]}}, {"type": "Feature", "properties": {"name": "", "fclass": "service"}, "geometry": {"type": "LineString", "coordinates": [[106.6702334, 10.9643846], [106.6705661, 10.9649683]]}}, {"type": "Feature", "properties": {"name": "Cách Mạng Tháng Tám", "fclass": "secondary"}, "geometry": {"type": "LineString", "coordinates": [[106.668543, 10.9651889], [106.6688823, 10.9650582], [106.6699667, 10.9644763], [106.6701445, 10.9644328]]}}, {"type": "Feature", "properties": {"name": "", "fclass": "residential"}, "geometry": {"type": "LineString", "coordinates": [[106.6709456, 10.9632909], [106.6705915, 10.9627669]]}}, {"type": "Feature", "properties": {"name": "Cách Mạng Tháng Tám", "fclass": "secondary"}, "geometry": {"type": "LineString", "coordinates": [[106.6748297, 10.9618613], [106.6746212, 10.9620011], [106.6741338, 10.9622914], [106.6737855, 10.9624722], [106.6735893, 10.962574], [106.6726845, 10.9630884], [106.6724551, 10.9632103], [106.671812, 10.9635523], [106.6711721, 10.963876], [106.6710212, 10.9639578], [106.6702334, 10.9643846], [106.6701445, 10.9644328]]}}, {"type": "Feature", "properties": {"name": "", "fclass": "service"}, "geometry": {"type": "LineString", "coordinates": [[106.6710212, 10.9639578], [106.6707283, 10.9634766]]}}, {"type": "Feature", "properties": {"name": "", "fclass": "residential"}, "geometry": {"type": "LineString", "coordinates": [[106.6726726, 10.9645136], [106.6727769, 10.9643831], [106.6728218, 10.9643192], [106.6728567, 10.9642573], [106.6728815, 10.9642132]]}}, {"type": "Feature", "properties": {"name": "", "fclass": "residential"}, "geometry": {"type": "LineString", "coordinates": [[106.6710602, 10.9658208], [106.671128, 10.9659136], [106.6711776, 10.9659874], [106.6712192, 10.9660348], [106.671254, 10.9660334], [106.6713144, 10.9659795], [106.671356, 10.9659702], [106.6714337, 10.966015], [106.6716336, 10.9662243], [106.6716121, 10.9662612], [106.6715963, 10.9662928]]}}, {"type": "Feature", "properties": {"name": "", "fclass": "residential"}, "geometry": {"type": "LineString", "coordinates": [[106.6729701, 10.9663192], [106.6724074, 10.9663428]]}}, {"type": "Feature", "properties": {"name": "", "fclass": "residential"}, "geometry": {"type": "LineString", "coordinates": [[106.6706961, 10.9662481], [106.6708487, 10.9664851]]}}, {"type": "Feature", "properties": {"name": "", "fclass": "service"}, "geometry": {"type": "LineString", "coordinates": [[106.6721133, 10.9659121], [106.6722196, 10.9659905], [106.6718444, 10.9664954], [106.6715928, 10.9668472]]}}, {"type": "Feature", "properties": {"name": "", "fclass": "residential"}, "geometry": {"type": "LineString", "coordinates": [[106.6718444, 10.9664954], [106.6716617, 10.9663112], [106.6716215, 10.9662902], [106.6715963, 10.9662928], [106.6715705, 10.9662954], [106.6712621, 10.966672]]}}, {"type": "Feature", "properties": {"name": "", "fclass": "residential"}, "geometry": {"type": "LineString", "coordinates": [[106.670441, 10.9664124], [106.6706465, 10.9667931], [106.6707907, 10.9671019]]}}, {"type": "Feature", "properties": {"name": "", "fclass": "residential"}, "geometry": {"type": "LineString", "coordinates": [[106.6700152, 10.964565], [106.6701731, 10.9649104], [106.6702, 10.964988], [106.6702214, 10.9650407], [106.6701731, 10.9650605]]}}, {"type": "Feature", "properties": {"name": "Cách Mạng Tháng Tám", "fclass": "secondary"}, "geometry": {"type": "LineString", "coordinates": [[106.6701445, 10.9644328], [106.6700152, 10.964565], [106.6689627, 10.9651098], [106.6685751, 10.9652549]]}}, {"type": "Feature", "properties": {"name": "", "fclass": "secondary"}, "geometry": {"type": "LineString", "coordinates": [[106.6684157, 10.965226], [106.6684279, 10.9652039], [106.6684465, 10.9651865], [106.6684697, 10.9651757], [106.6684952, 10.9651724], [106.6685204, 10.9651769], [106.668543, 10.9651889]]}}, {"type": "Feature", "properties": {"name": "", "fclass": "secondary"}, "geometry": {"type": "LineString", "coordinates": [[106.668543, 10.9651889], [106.6685607, 10.9652072], [106.6685717, 10.96523], [106.6685751, 10.9652549]]}}, {"type": "Feature", "properties": {"name": "", "fclass": "secondary"}, "geometry": {"type": "LineString", "coordinates": [[106.6684431, 10.9653168], [106.6684255, 10.9652986], [106.6684168, 10.9652808], [106.6684144, 10.9652758], [106.668411, 10.9652508], [106.6684157, 10.965226]]}}, {"type": "Feature", "properties": {"name": "", "fclass": "secondary"}, "geometry": {"type": "LineString", "coordinates": [[106.6685751, 10.9652549], [106.6685704, 10.9652797], [106.6685582, 10.9653019], [106.6685396, 10.9653192], [106.6685164, 10.9653301]]}}, {"type": "Feature", "properties": {"name": "", "fclass": "residential"}, "geometry": {"type": "LineString", "coordinates": [[106.6699196, 10.9651903], [106.6699947, 10.9654107]]}}, {"type": "Feature", "properties": {"name": "", "fclass": "secondary"}, "geometry": {"type": "LineString", "coordinates": [[106.6685164, 10.9653301], [106.668491, 10.9653334], [106.6684657, 10.9653288], [106.6684431, 10.9653168]]}}, {"type": "Feature", "properties": {"name": "", "fclass": "residential"}, "geometry": {"type": "LineString", "coordinates": [[106.670022, 10.966014], [106.6703837, 10.9658702], [106.6704213, 10.9658386], [106.6704467, 10.965807], [106.6704655, 10.9657569], [106.6704762, 10.9657135], [106.6704829, 10.9656569], [106.6704802, 10.9655897], [106.6704695, 10.9655502], [106.6702214, 10.9650407]]}}, {"type": "Feature", "properties": {"name": "Ba Mươi Tháng Tư", "fclass": "secondary"}, "geometry": {"type": "LineString", "coordinates": [[106.6687357, 10.9658359], [106.6686036, 10.96551], [106.668535, 10.9653685], [106.6685164, 10.9653301]]}}, {"type": "Feature", "properties": {"name": "", "fclass": "residential"}, "geometry": {"type": "LineString", "coordinates": [[106.6735683, 10.9652492], [106.6737337, 10.9650289]]}}, {"type": "Feature", "properties": {"name": "", "fclass": "residential"}, "geometry": {"type": "LineString", "coordinates": [[106.6753368, 10.965536], [106.675213, 10.9654739], [106.6750896, 10.9653843], [106.6752103, 10.9651316]]}}, {"type": "Feature", "properties": {"name": "", "fclass": "service"}, "geometry": {"type": "LineString", "coordinates": [[106.6741405, 10.9657682], [106.674411, 10.9652974]]}}, {"type": "Feature", "properties": {"name": "Nguyễn Hữu Cảnh", "fclass": "residential"}, "geometry": {"type": "LineString", "coordinates": [[106.6701139, 10.9692014], [106.6705423, 10.9690545], [106.6713851, 10.9687629], [106.6714179, 10.9687518], [106.6723671, 10.9684305], [106.6726229, 10.9683533], [106.6727989, 10.968269], [106.6728382, 10.9682502], [106.6731515, 10.9681326], [106.67407, 10.9677879], [106.6748227, 10.9672697], [106.6748844, 10.9672251], [106.6755342, 10.9667554], [106.6756019, 10.9666457], [106.6759646, 10.9657501], [106.6761636, 10.9652589], [106.6765245, 10.9643678], [106.6771271, 10.9628798]]}}, {"type": "Feature", "properties": {"name": "", "fclass": "residential"}, "geometry": {"type": "LineString", "coordinates": [[106.6740698, 10.9657032], [106.6739269, 10.9658842], [106.67373, 10.9661116], [106.673567, 10.9663289], [106.6733333, 10.9666312]]}}, {"type": "Feature", "properties": {"name": "", "fclass": "residential"}, "geometry": {"type": "LineString", "coordinates": [[106.67365, 10.9653231], [106.6734674, 10.9655829], [106.6733561, 10.9657438], [106.673261, 10.9658588], [106.6732288, 10.9659267], [106.6731978, 10.9659977], [106.6730384, 10.9661935], [106.6729701, 10.9663192], [106.6729741, 10.9663723], [106.6729712, 10.9664404], [106.6729835, 10.966483], [106.6730826, 10.9665165], [106.6732125, 10.9665738], [106.6733333, 10.9666312], [106.6734589, 10.966698], [106.6736097, 10.9667658], [106.6737485, 10.966846], [106.6738757, 10.966951], [106.6739839, 10.9670492], [106.6740087, 10.9670341], [106.6743807, 10.9666448], [106.6743934, 10.9666324], [106.6747117, 10.9663207], [106.6748682, 10.9661806], [106.674949, 10.9661169], [106.6750337, 10.9659986], [106.6751552, 10.9657594], [106.6752346, 10.9656127], [106.6753011, 10.9655425], [106.6753368, 10.965536], [106.6753884, 10.9655477], [106.6754784, 10.9655997], [106.6755724, 10.9656218], [106.6757021, 10.9656634], [106.675853, 10.9657089], [106.675902, 10.9657322], [106.6759646, 10.9657501]]}}, {"type": "Feature", "properties": {"name": "", "fclass": "residential"}, "geometry": {"type": "LineString", "coordinates": [[106.6742499, 10.9663204], [106.6741522, 10.9662322], [106.6740516, 10.9661585], [106.6739993, 10.9661532], [106.6739537, 10.9661559], [106.6738357, 10.9662731], [106.6737203, 10.9663995]]}}, {"type": "Feature", "properties": {"name": "Trần Bình Trọng", "fclass": "residential"}, "geometry": {"type": "LineString", "coordinates": [[106.671812, 10.9635523], [106.6719971, 10.9637833], [106.6721587, 10.9639852], [106.672357, 10.9641917], [106.6726478, 10.9644913], [106.6726726, 10.9645136], [106.6729174, 10.9647335], [106.6731588, 10.9649557], [106.6735232, 10.9652207], [106.6735683, 10.9652492], [106.67365, 10.9653231], [106.6738394, 10.9655004], [106.6739097, 10.9655662], [106.6740698, 10.9657032], [106.6741405, 10.9657682], [106.6742711, 10.9658882], [106.6744807, 10.9660939], [106.67464, 10.9662503], [106.6747117, 10.9663207], [106.6750331, 10.9664998], [106.6755342, 10.9667554], [106.6761473, 10.9670547], [106.6765247, 10.9672514], [106.67682, 10.9674529], [106.6769764, 10.9675983], [106.6771639, 10.9678152], [106.6772639, 10.9680149], [106.6773246, 10.968136], [106.6775431, 10.968565], [106.6776405, 10.9687482], [106.6776998, 10.9688956], [106.6778121, 10.9691213], [106.6778177, 10.9691298], [106.6778422, 10.9692328]]}}, {"type": "Feature", "properties": {"name": "", "fclass": "residential"}, "geometry": {"type": "LineString", "coordinates": [[106.6737485, 10.966846], [106.6740589, 10.9665144], [106.6742499, 10.9663204], [106.6743393, 10.9662295], [106.6744807, 10.9660939]]}}, {"type": "Feature", "properties": {"name": "", "fclass": "residential"}, "geometry": {"type": "LineString", "coordinates": [[106.6743934, 10.9666324], [106.6747101, 10.9668563], [106.6747235, 10.9668879], [106.6747047, 10.9669287], [106.6746246, 10.9670405], [106.6744593, 10.9672711]]}}, {"type": "Feature", "properties": {"name": "", "fclass": "service"}, "geometry": {"type": "LineString", "coordinates": [[106.6694972, 10.9654844], [106.6687357, 10.9658359]]}}, {"type": "Feature", "properties": {"name": "", "fclass": "residential"}, "geometry": {"type": "LineString", "coordinates": [[106.6702429, 10.9665366], [106.670022, 10.966014], [106.6698298, 10.9655766], [106.6697413, 10.9653817], [106.6697332, 10.9653211], [106.669803, 10.96525], [106.6699196, 10.9651903], [106.6701731, 10.9650605]]}}, {"type": "Feature", "properties": {"name": "", "fclass": "service"}, "geometry": {"type": "LineString", "coordinates": [[106.6687357, 10.9658359], [106.6686024, 10.9658951]]}}, {"type": "Feature", "properties": {"name": "", "fclass": "service"}, "geometry": {"type": "LineString", "coordinates": [[106.6684458, 10.9659581], [106.6684652, 10.9659215], [106.6685598, 10.9658843], [106.6686024, 10.9658951]]}}, {"type": "Feature", "properties": {"name": "", "fclass": "service"}, "geometry": {"type": "LineString", "coordinates": [[106.6686024, 10.9658951], [106.6685826, 10.965941], [106.6684843, 10.9659787], [106.6684458, 10.9659581]]}}, {"type": "Feature", "properties": {"name": "", "fclass": "service"}, "geometry": {"type": "LineString", "coordinates": [[106.6684458, 10.9659581], [106.6681896, 10.9660675]]}}, {"type": "Feature", "properties": {"name": "", "fclass": "service"}, "geometry": {"type": "LineString", "coordinates": [[106.6688461, 10.9660952], [106.6689715, 10.9660427], [106.6690332, 10.96604], [106.6691995, 10.9663534], [106.6694462, 10.9662454]]}}, {"type": "Feature", "properties": {"name": "", "fclass": "residential"}, "geometry": {"type": "LineString", "coordinates": [[106.6692577, 10.9671171], [106.6695935, 10.9669262], [106.6701579, 10.9665899], [106.6702429, 10.9665366], [106.670441, 10.9664124], [106.670668, 10.9662701], [106.6706961, 10.9662481], [106.670697, 10.9662141], [106.6707158, 10.9661553], [106.6707448, 10.9660919], [106.6707841, 10.9660349], [106.670873, 10.9659467], [106.6709647, 10.9658732], [106.6710602, 10.9658208], [106.671115, 10.9657859], [106.6711444, 10.9657689], [106.6711564, 10.9657518], [106.6711498, 10.9657151], [106.6711457, 10.9656915], [106.6711524, 10.9656705], [106.6715813, 10.96542]]}}, {"type": "Feature", "properties": {"name": "", "fclass": "service"}, "geometry": {"type": "LineString", "coordinates": [[106.6691663, 10.9668818], [106.6694521, 10.966761], [106.6698246, 10.9666034], [106.6697042, 10.9662967], [106.6693195, 10.9664191], [106.6690311, 10.9665495]]}}, {"type": "Feature", "properties": {"name": "", "fclass": "service"}, "geometry": {"type": "LineString", "coordinates": [[106.6694521, 10.966761], [106.6693195, 10.9664191]]}}, {"type": "Feature", "properties": {"name": "", "fclass": "residential"}, "geometry": {"type": "LineString", "coordinates": [[106.6723342, 10.9665552], [106.6723534, 10.9667382], [106.6723649, 10.9669874], [106.6723779, 10.9671723], [106.6723871, 10.967195], [106.6725482, 10.9672228], [106.672644, 10.9672141], [106.6727219, 10.9671953], [106.6727416, 10.9671833], [106.6727959, 10.9671501], [106.6728534, 10.9670987], [106.6729095, 10.9669847], [106.6729976, 10.9667854], [106.6730091, 10.9667553], [106.6730206, 10.9667202], [106.6729835, 10.966483]]}}, {"type": "Feature", "properties": {"name": "", "fclass": "residential"}, "geometry": {"type": "LineString", "coordinates": [[106.6727416, 10.9671833], [106.672977, 10.967265], [106.6732649, 10.9673692], [106.6734455, 10.9674291]]}}, {"type": "Feature", "properties": {"name": "", "fclass": "residential"}, "geometry": {"type": "LineString", "coordinates": [[106.6723871, 10.967195], [106.6723055, 10.9671888], [106.672219, 10.9671874], [106.6721968, 10.9671927], [106.6721834, 10.9672046], [106.6721707, 10.9672243], [106.6720379, 10.9675047]]}}, {"type": "Feature", "properties": {"name": "", "fclass": "residential"}, "geometry": {"type": "LineString", "coordinates": [[106.6704433, 10.9677365], [106.6706043, 10.9676522], [106.6706666, 10.9676298], [106.6707498, 10.9676009], [106.6708805, 10.9675561]]}}, {"type": "Feature", "properties": {"name": "", "fclass": "residential"}, "geometry": {"type": "LineString", "coordinates": [[106.6706579, 10.9681313], [106.6705556, 10.9679447], [106.670495, 10.9678398], [106.6704433, 10.9677365], [106.6704291, 10.9677082]]}}, {"type": "Feature", "properties": {"name": "", "fclass": "service"}, "geometry": {"type": "LineString", "coordinates": [[106.6727989, 10.968269], [106.6727091, 10.9681532], [106.6726166, 10.9680636], [106.6718723, 10.9676081]]}}, {"type": "Feature", "properties": {"name": "", "fclass": "residential"}, "geometry": {"type": "LineString", "coordinates": [[106.6714179, 10.9687518], [106.6711678, 10.9680668]]}}, {"type": "Feature", "properties": {"name": "", "fclass": "service"}, "geometry": {"type": "LineString", "coordinates": [[106.6731856, 10.9705352], [106.673138, 10.9705408], [106.6731034, 10.9705395], [106.6730669, 10.9705343], [106.6730374, 10.9705181], [106.6730104, 10.9704934], [106.6729852, 10.9704436], [106.6729369, 10.9703255], [106.6724386, 10.9691241], [106.6722917, 10.9686674], [106.6722894, 10.9686397], [106.6722954, 10.9686206], [106.6723041, 10.9686061], [106.6723309, 10.968589], [106.6729395, 10.9683541], [106.6729608, 10.9683479], [106.6729812, 10.9683497], [106.6729956, 10.9683599], [106.6734072, 10.9693055], [106.6738162, 10.9702374], [106.6738226, 10.9702545], [106.6738216, 10.970267], [106.6738166, 10.9702772], [106.6738018, 10.9702857]]}}, {"type": "Feature", "properties": {"name": "", "fclass": "service"}, "geometry": {"type": "LineString", "coordinates": [[106.6704262, 10.9699663], [106.6705236, 10.9699268], [106.6705891, 10.9699099], [106.6707465, 10.9698717], [106.6708917, 10.9698439], [106.6709907, 10.9698282]]}}, {"type": "Feature", "properties": {"name": "", "fclass": "service"}, "geometry": {"type": "LineString", "coordinates": [[106.6729852, 10.9704436], [106.6728419, 10.9705985], [106.6727266, 10.9707505], [106.6726515, 10.9708406], [106.6725925, 10.9709045], [106.6724583, 10.9710257], [106.672292, 10.9711047], [106.6722381, 10.9711058], [106.672166, 10.9711073], [106.6720131, 10.9710968], [106.6718951, 10.9710731], [106.6717905, 10.9710441], [106.6716483, 10.970973], [106.6714982, 10.9708933], [106.6714176, 10.9708387], [106.6713559, 10.9707729], [106.671305, 10.9706887], [106.6711682, 10.9704016], [106.6709952, 10.9698934], [106.6709907, 10.9698282], [106.6710187, 10.9697264], [106.6710786, 10.9696099], [106.6711686, 10.9694641], [106.6712473, 10.9693627], [106.6713075, 10.9692862], [106.6713765, 10.9692202], [106.6714473, 10.9691646], [106.6715641, 10.9691212], [106.6716774, 10.9690934], [106.6717888, 10.9690847], [106.6719393, 10.969076], [106.672072, 10.9690847], [106.6722419, 10.9691055], [106.6724386, 10.9691241]]}}, {"type": "Feature", "properties": {"name": "", "fclass": "residential"}, "geometry": {"type": "LineString", "coordinates": [[106.6693992, 10.967461], [106.6695844, 10.9673724], [106.6696514, 10.9672908], [106.6696917, 10.9671776], [106.6697171, 10.967117], [106.6697721, 10.9670788], [106.6699062, 10.9670104], [106.6701262, 10.9669406], [106.6702737, 10.9668919], [106.6705419, 10.9667984]]}}, {"type": "Feature", "properties": {"name": "", "fclass": "residential"}, "geometry": {"type": "LineString", "coordinates": [[106.6704291, 10.9677082], [106.6704494, 10.9676779], [106.6704675, 10.967645], [106.6704521, 10.9675969], [106.6703434, 10.9673882], [106.6703307, 10.9673632]]}}, {"type": "Feature", "properties": {"name": "", "fclass": "residential"}, "geometry": {"type": "LineString", "coordinates": [[106.6695524, 10.9678301], [106.669318, 10.9678797], [106.669237, 10.9679003], [106.6689187, 10.9679209], [106.6687821, 10.9679254], [106.6687581, 10.9679136], [106.6686425, 10.9675407]]}}, {"type": "Feature", "properties": {"name": "", "fclass": "residential"}, "geometry": {"type": "LineString", "coordinates": [[106.6700023, 10.9678969], [106.6700806, 10.9680557], [106.6701985, 10.9683328]]}}, {"type": "Feature", "properties": {"name": "", "fclass": "residential"}, "geometry": {"type": "LineString", "coordinates": [[106.6698298, 10.9684866], [106.6700927, 10.9683808], [106.6701985, 10.9683328], [106.6703905, 10.9682457], [106.6705732, 10.9681677], [106.6706579, 10.9681313]]}}, {"type": "Feature", "properties": {"name": "", "fclass": "service"}, "geometry": {"type": "LineString", "coordinates": [[106.6695265, 10.9684625], [106.6697743, 10.9683553]]}}, {"type": "Feature", "properties": {"name": "", "fclass": "service"}, "geometry": {"type": "LineString", "coordinates": [[106.6698494, 10.968877], [106.6696845, 10.9688604], [106.6695335, 10.9688537], [106.669355, 10.9688878], [106.669127, 10.9689247], [106.6690426, 10.9688984], [106.6689916, 10.9688694], [106.6688883, 10.9686588], [106.6688642, 10.9685534], [106.668836, 10.9685113], [106.6688092, 10.968481], [106.6687207, 10.9684639], [106.6684753, 10.9683836], [106.6682781, 10.9683941], [106.6681561, 10.9684455], [106.6679603, 10.9685442]]}}, {"type": "Feature", "properties": {"name": "Đường 30 Tháng 4", "fclass": "secondary"}, "geometry": {"type": "LineString", "coordinates": [[106.6714632, 10.9725722], [106.6713818, 10.9723675], [106.6711329, 10.9717414], [106.6708872, 10.9711671], [106.670671, 10.9706007], [106.6704262, 10.9699663], [106.6703368, 10.9697492], [106.6701905, 10.9693942], [106.6701139, 10.9692014], [106.6700794, 10.9691247], [106.6699573, 10.9688248], [106.6698298, 10.9684866], [106.6697743, 10.9683553], [106.6696418, 10.9680416], [106.6695524, 10.9678301], [106.6693992, 10.967461], [106.6692577, 10.9671171], [106.6691853, 10.9669284], [106.6691663, 10.9668818], [106.669036, 10.9665616], [106.6690311, 10.9665495], [106.6688461, 10.9660952], [106.6687357, 10.9658359]]}}, {"type": "Feature", "properties": {"name": "", "fclass": "service"}, "geometry": {"type": "LineString", "coordinates": [[106.6687729, 10.9694483], [106.668478, 10.9693697], [106.667798, 10.969242]]}}, {"type": "Feature", "properties": {"name": "", "fclass": "service"}, "geometry": {"type": "LineString", "coordinates": [[106.6693866, 10.9696968], [106.6691836, 10.969223]]}}, {"type": "Feature", "properties": {"name": "", "fclass": "residential"}, "geometry": {"type": "LineString", "coordinates": [[106.67561704534874, 10.959314248321736], [106.6756133, 10.9593387], [106.6756099, 10.9593607], [106.6756054, 10.9593828], [106.6755804, 10.9595043], [106.675504, 10.9601297], [106.6761427, 10.9602712]]}}, {"type": "Feature", "properties": {"name": "", "fclass": "residential"}, "geometry": {"type": "LineString", "coordinates": [[106.6772992, 10.9599241], [106.67731177766248, 10.959879762088482]]}}, {"type": "Feature", "properties": {"name": "", "fclass": "residential"}, "geometry": {"type": "LineString", "coordinates": [[106.6756054, 10.9593828], [106.675983, 10.9594652], [106.6763696, 10.959532]]}}, {"type": "Feature", "properties": {"name": "", "fclass": "residential"}, "geometry": {"type": "LineString", "coordinates": [[106.67688294453804, 10.959711828773562], [106.6768802, 10.9597217]]}}, {"type": "Feature", "properties": {"name": "", "fclass": "residential"}, "geometry": {"type": "LineString", "coordinates": [[106.6763696, 10.959532], [106.6766118, 10.9596073], [106.6767398, 10.9596644], [106.6768802, 10.9597217], [106.6772992, 10.9599241], [106.67743595837378, 10.95999028675077]]}}, {"type": "Feature", "properties": {"name": "", "fclass": "residential"}, "geometry": {"type": "LineString", "coordinates": [[106.67745328327504, 10.960011923897406], [106.677404, 10.9600463], [106.677268, 10.9602022], [106.6771002, 10.9603771], [106.6769244, 10.9605651], [106.6767542, 10.9607569], [106.6766625, 10.9608709], [106.676567, 10.9610271], [106.6764023, 10.9612237], [106.676275, 10.9613469], [106.6762076, 10.9614332]]}}, {"type": "Feature", "properties": {"name": "", "fclass": "residential"}, "geometry": {"type": "LineString", "coordinates": [[106.6771415, 10.9609902], [106.6772113, 10.9608404], [106.6772437, 10.9607875], [106.6772787, 10.9607478], [106.6773083, 10.9607319]]}}, {"type": "Feature", "properties": {"name": "", "fclass": "residential"}, "geometry": {"type": "LineString", "coordinates": [[106.6779743, 10.9610895], [106.6778941, 10.9610594], [106.6776915, 10.9609445], [106.6774053, 10.9607637], [106.6773487, 10.9607346], [106.6773083, 10.9607319]]}}, {"type": "Feature", "properties": {"name": "", "fclass": "residential"}, "geometry": {"type": "LineString", "coordinates": [[106.6761792, 10.962023], [106.6761585, 10.9620539], [106.6761377, 10.9620789], [106.6761008, 10.9621237], [106.6760693, 10.9621909], [106.6760123, 10.9623021], [106.6759653, 10.9623921]]}}, {"type": "Feature", "properties": {"name": "", "fclass": "residential"}, "geometry": {"type": "LineString", "coordinates": [[106.6789878, 10.9610311], [106.67899245626207, 10.961019876828745]]}}, {"type": "Feature", "properties": {"name": "", "fclass": "residential"}, "geometry": {"type": "LineString", "coordinates": [[106.6795269, 10.9613184], [106.67954530817788, 10.961275011659872]]}}, {"type": "Feature", "properties": {"name": "", "fclass": "residential"}, "geometry": {"type": "LineString", "coordinates": [[106.6791044, 10.961142], [106.6791531, 10.9611487], [106.6792068, 10.9611685], [106.6793007, 10.9612067], [106.6793355, 10.961233], [106.6793771, 10.9612501], [106.6795269, 10.9613184]]}}, {"type": "Feature", "properties": {"name": "", "fclass": "residential"}, "geometry": {"type": "LineString", "coordinates": [[106.6799262, 10.9615083], [106.6799178, 10.9614967], [106.6795269, 10.9613184]]}}, {"type": "Feature", "properties": {"name": "", "fclass": "residential"}, "geometry": {"type": "LineString", "coordinates": [[106.6790254, 10.961452], [106.6793583, 10.9615358]]}}, {"type": "Feature", "properties": {"name": "", "fclass": "residential"}, "geometry": {"type": "LineString", "coordinates": [[106.6784983, 10.9616961], [106.678327, 10.9616241], [106.6783002, 10.9616083], [106.6782908, 10.9615832], [106.6783351, 10.9614779], [106.6783914, 10.9613147]]}}, {"type": "Feature", "properties": {"name": "", "fclass": "residential"}, "geometry": {"type": "LineString", "coordinates": [[106.6797982, 10.9617939], [106.6798517, 10.961697], [106.679924, 10.9615237], [106.6799262, 10.9615083]]}}, {"type": "Feature", "properties": {"name": "", "fclass": "residential"}, "geometry": {"type": "LineString", "coordinates": [[106.6772861, 10.9629473], [106.677433, 10.9625279], [106.6775425, 10.9622152], [106.6778201, 10.9614397], [106.6778692, 10.9613189], [106.6779529, 10.9611132], [106.6779569, 10.9611], [106.6779743, 10.9610895], [106.6783378, 10.9612896], [106.6783914, 10.9613147], [106.6784075, 10.9612896], [106.6786288, 10.9608667]]}}, {"type": "Feature", "properties": {"name": "", "fclass": "residential"}, "geometry": {"type": "LineString", "coordinates": [[106.67851, 10.963471], [106.6785958, 10.9631617], [106.6786969, 10.9628309], [106.6787961, 10.962467], [106.6789141, 10.9620315], [106.6789721, 10.961697], [106.6790254, 10.961452], [106.6790301, 10.9614305], [106.6790882, 10.9612026], [106.6791044, 10.961142], [106.6791087, 10.9610924], [106.6790849, 10.9610685], [106.6789878, 10.9610311], [106.6789573, 10.9610194], [106.6788087, 10.9609593], [106.6786482, 10.9608755], [106.6786288, 10.9608667], [106.6784096, 10.9607669]]}}, {"type": "Feature", "properties": {"name": "", "fclass": "residential"}, "geometry": {"type": "LineString", "coordinates": [[106.6780172, 10.9632619], [106.6780814, 10.9631019], [106.6781526, 10.9628869], [106.6781937, 10.9627362], [106.6782331, 10.9625763], [106.6783098, 10.9623834], [106.6783547, 10.9622382], [106.6784015, 10.9621187], [106.6784067, 10.9619691], [106.6784983, 10.9616961], [106.6785644, 10.9615435], [106.6785925, 10.9614296]]}}, {"type": "Feature", "properties": {"name": "", "fclass": "residential"}, "geometry": {"type": "LineString", "coordinates": [[106.6794633, 10.9638889], [106.6795313, 10.9637623], [106.6796011, 10.9636543], [106.6796534, 10.9635793], [106.6796708, 10.9635384], [106.6797097, 10.9634186], [106.6797245, 10.9633265]]}}, {"type": "Feature", "properties": {"name": "", "fclass": "residential"}, "geometry": {"type": "LineString", "coordinates": [[106.677665, 10.9638311], [106.6778702, 10.9639227], [106.6780711, 10.9639945], [106.6780829, 10.9640012], [106.6780933, 10.9640104], [106.6781094, 10.9640063], [106.6781242, 10.9640006], [106.6782145, 10.963941]]}}, {"type": "Feature", "properties": {"name": "", "fclass": "residential"}, "geometry": {"type": "LineString", "coordinates": [[106.6793624, 10.9638509], [106.6793116, 10.964041], [106.6792901, 10.9640764]]}}, {"type": "Feature", "properties": {"name": "Lê Hồng Phong", "fclass": "tertiary"}, "geometry": {"type": "LineString", "coordinates": [[106.6832498, 10.9662577], [106.6832631, 10.9661702], [106.6832865, 10.9658342], [106.6832809, 10.9657394], [106.6832558, 10.965637], [106.6831671, 10.9654976], [106.6831168, 10.965449], [106.6825905, 10.9652077], [106.6823085, 10.9650784], [106.6817954, 10.964867], [106.6815898, 10.9647778], [106.681353, 10.9646751], [106.681254, 10.9646337], [106.680681, 10.9644023], [106.6803332, 10.9642581], [106.6799307, 10.9640823], [106.6798546, 10.9640499], [106.6796314, 10.9639578], [106.6794633, 10.9638889], [106.6793624, 10.9638509], [106.6786893, 10.9635511], [106.67851, 10.963471], [106.6780172, 10.9632619], [106.6779261, 10.9632227], [106.677545, 10.9630587], [106.6772861, 10.9629473], [106.6772036, 10.9629118], [106.6771271, 10.9628798], [106.6764475, 10.9625954], [106.6763739, 10.9625645], [106.6759653, 10.9623921], [106.6759315, 10.9623778], [106.6755009, 10.9621909], [106.6748297, 10.9618613]]}}, {"type": "Feature", "properties": {"name": "", "fclass": "residential"}, "geometry": {"type": "LineString", "coordinates": [[106.678158, 10.9642106], [106.6782841, 10.9642066], [106.6783042, 10.964207], [106.6783214, 10.9642091], [106.6783398, 10.9642145], [106.6784873, 10.9643074], [106.6786411, 10.9644185]]}}, {"type": "Feature", "properties": {"name": "", "fclass": "residential"}, "geometry": {"type": "LineString", "coordinates": [[106.6779688, 10.9646645], [106.6779706, 10.9646553], [106.6779767, 10.9646424], [106.6781513, 10.9642593], [106.6781601, 10.9642297], [106.678158, 10.9642106], [106.6781465, 10.9641782], [106.6781039, 10.9640366], [106.6780933, 10.9640104]]}}, {"type": "Feature", "properties": {"name": "", "fclass": "residential"}, "geometry": {"type": "LineString", "coordinates": [[106.6787287, 10.9647655], [106.6787877, 10.9646707], [106.6788031, 10.9646404], [106.6788179, 10.9646072], [106.6788212, 10.9645898], [106.6788229, 10.9645667], [106.6788232, 10.9645256], [106.6788226, 10.9644698]]}}, {"type": "Feature", "properties": {"name": "", "fclass": "service"}, "geometry": {"type": "LineString", "coordinates": [[106.6778841, 10.9646625], [106.6779389, 10.9646791]]}}, {"type": "Feature", "properties": {"name": "", "fclass": "residential"}, "geometry": {"type": "LineString", "coordinates": [[106.6778241, 10.9622969], [106.6777812, 10.9623364], [106.6777503, 10.9624351], [106.677682, 10.9626286], [106.677545, 10.9630587]]}}, {"type": "Feature", "properties": {"name": "", "fclass": "residential"}, "geometry": {"type": "LineString", "coordinates": [[106.6750789, 10.9649288], [106.6752304, 10.9646352], [106.6752157, 10.9645048], [106.6752237, 10.9644193], [106.6754222, 10.9641493], [106.6754718, 10.9641204], [106.6754933, 10.9641164], [106.6755214, 10.9641336], [106.6755563, 10.964152], [106.6755801, 10.9641479], [106.6757123, 10.9639632], [106.6757437, 10.9639237], [106.6757601, 10.9639071], [106.6757748, 10.963902], [106.6757923, 10.9639071], [106.6758138, 10.9639136], [106.6758494, 10.963934], [106.675887, 10.9639646], [106.6759127, 10.9638905], [106.6761049, 10.9634341], [106.6763389, 10.9629091], [106.6764422, 10.9626542], [106.6764475, 10.9625954], [106.6765116, 10.9623637], [106.6766025, 10.9620856], [106.6767546, 10.961733], [106.676917, 10.9613867], [106.6769867, 10.961272], [106.6771415, 10.9609902]]}}, {"type": "Feature", "properties": {"name": "", "fclass": "residential"}, "geometry": {"type": "LineString", "coordinates": [[106.6779261, 10.9632227], [106.6778542, 10.9635346], [106.6777946, 10.9636447], [106.6777392, 10.9637241], [106.6776853, 10.9637979], [106.677665, 10.9638311], [106.6775987, 10.963922], [106.6775576, 10.9639958], [106.6775462, 10.9640446], [106.6775561, 10.9644681]]}}, {"type": "Feature", "properties": {"name": "", "fclass": "residential"}, "geometry": {"type": "LineString", "coordinates": [[106.675887, 10.9639646], [106.6760015, 10.964023], [106.676129, 10.9640756]]}}, {"type": "Feature", "properties": {"name": "", "fclass": "residential"}, "geometry": {"type": "LineString", "coordinates": [[106.6765245, 10.9643678], [106.6768222, 10.9644974], [106.6773595, 10.9648098]]}}, {"type": "Feature", "properties": {"name": "", "fclass": "residential"}, "geometry": {"type": "LineString", "coordinates": [[106.6754222, 10.9647181], [106.6753229, 10.9648709], [106.6752344, 10.9649815], [106.6752371, 10.9650631], [106.6752103, 10.9651316]]}}, {"type": "Feature", "properties": {"name": "", "fclass": "residential"}, "geometry": {"type": "LineString", "coordinates": [[106.6761636, 10.9652589], [106.6756891, 10.9650499]]}}, {"type": "Feature", "properties": {"name": "", "fclass": "residential"}, "geometry": {"type": "LineString", "coordinates": [[106.6778623, 10.9662955], [106.6775358, 10.9662026], [106.6774962, 10.9662026], [106.6774634, 10.9662092], [106.6772635, 10.9663244], [106.6772287, 10.9663303], [106.6771924, 10.966327], [106.6770436, 10.966302]]}}, {"type": "Feature", "properties": {"name": "", "fclass": "residential"}, "geometry": {"type": "LineString", "coordinates": [[106.6749513, 10.9678682], [106.6750802, 10.9675357], [106.6751124, 10.9675252], [106.6752049, 10.9675515], [106.6753511, 10.9675515], [106.6755268, 10.9675383], [106.6758983, 10.9675278], [106.6762255, 10.9675252]]}}, {"type": "Feature", "properties": {"name": "", "fclass": "residential"}, "geometry": {"type": "LineString", "coordinates": [[106.6762387, 10.9681896], [106.6760626, 10.9687165], [106.676019, 10.968847]]}}, {"type": "Feature", "properties": {"name": "", "fclass": "residential"}, "geometry": {"type": "LineString", "coordinates": [[106.6779688, 10.9646645], [106.677972, 10.9646697], [106.6779767, 10.9646734], [106.6780826, 10.9646963]]}}, {"type": "Feature", "properties": {"name": "", "fclass": "service"}, "geometry": {"type": "LineString", "coordinates": [[106.6780826, 10.9646963], [106.6782945, 10.9647024]]}}, {"type": "Feature", "properties": {"name": "", "fclass": "service"}, "geometry": {"type": "LineString", "coordinates": [[106.6779688, 10.9646645], [106.6779488, 10.964674], [106.6779389, 10.9646791], [106.6779339, 10.964685], [106.6779307, 10.9646908], [106.6779019, 10.9647533]]}}, {"type": "Feature", "properties": {"name": "", "fclass": "service"}, "geometry": {"type": "LineString", "coordinates": [[106.6780562, 10.9650481], [106.6780734, 10.9648443], [106.6780826, 10.9646963]]}}, {"type": "Feature", "properties": {"name": "", "fclass": "residential"}, "geometry": {"type": "LineString", "coordinates": [[106.679603, 10.9648788], [106.6797996, 10.9649341], [106.6799042, 10.9649946], [106.6801026, 10.9650078], [106.6801798, 10.9649941]]}}, {"type": "Feature", "properties": {"name": "", "fclass": "service"}, "geometry": {"type": "LineString", "coordinates": [[106.6783805, 10.9650945], [106.6782164, 10.9650634], [106.6780562, 10.9650481]]}}, {"type": "Feature", "properties": {"name": "", "fclass": "residential"}, "geometry": {"type": "LineString", "coordinates": [[106.6783047, 10.9652454], [106.6781312, 10.9652084], [106.6779891, 10.9651915]]}}, {"type": "Feature", "properties": {"name": "", "fclass": "service"}, "geometry": {"type": "LineString", "coordinates": [[106.6774855, 10.9654818], [106.6775911, 10.9655249], [106.6776069, 10.9655381], [106.6776146, 10.9655562], [106.6776035, 10.9656154], [106.6776099, 10.9656305], [106.6776223, 10.9656398], [106.6778737, 10.9657174], [106.6780904, 10.9657728]]}}, {"type": "Feature", "properties": {"name": "", "fclass": "residential"}, "geometry": {"type": "LineString", "coordinates": [[106.6787884, 10.9666035], [106.6787401, 10.966543], [106.6786985, 10.9664561], [106.6786435, 10.9662428], [106.6786449, 10.9662046], [106.6786838, 10.9661111], [106.6788031, 10.9658452], [106.6788138, 10.9657964], [106.6788232, 10.9657425], [106.678849, 10.9655703], [106.6788501, 10.9655456], [106.6788471, 10.9655252], [106.6788387, 10.9655107], [106.6788173, 10.9654998], [106.6782813, 10.9653268]]}}, {"type": "Feature", "properties": {"name": "", "fclass": "service"}, "geometry": {"type": "LineString", "coordinates": [[106.6798344, 10.9661019], [106.6793866, 10.966029]]}}, {"type": "Feature", "properties": {"name": "", "fclass": "residential"}, "geometry": {"type": "LineString", "coordinates": [[106.6792449, 10.9665641], [106.678846, 10.9665943], [106.6787884, 10.9666035], [106.6788219, 10.9665259], [106.6789332, 10.9662191], [106.6789908, 10.9660097], [106.6790888, 10.9656437]]}}, {"type": "Feature", "properties": {"name": "", "fclass": "residential"}, "geometry": {"type": "LineString", "coordinates": [[106.6771624, 10.9682784], [106.6772639, 10.9680149], [106.6773471, 10.9677545], [106.6775361, 10.9672022], [106.6775492, 10.9671638], [106.6776925, 10.9668779], [106.6777337, 10.9667462], [106.6777369, 10.9667347], [106.6778272, 10.9664095], [106.6778623, 10.9662955], [106.6778762, 10.9662504], [106.6780348, 10.9658936], [106.6780904, 10.9657728], [106.678103, 10.9657455], [106.6782813, 10.9653268], [106.6783047, 10.9652454], [106.6783805, 10.9650945], [106.6784504, 10.9649572], [106.6785013, 10.9648581], [106.6785248, 10.9647859], [106.6785348, 10.9647056], [106.6785436, 10.9646102], [106.6785557, 10.9645755], [106.6786411, 10.9644185], [106.678741, 10.964463], [106.6787702, 10.9644745], [106.6787889, 10.9644778], [106.6788056, 10.9644771], [106.6788226, 10.9644698], [106.6788392, 10.9644507], [106.6788693, 10.9643969], [106.6789295, 10.9642866], [106.6789938, 10.9641887], [106.6790318, 10.9641368], [106.67907, 10.9641125], [106.6791028, 10.9641007], [106.6791441, 10.964096], [106.6791889, 10.9640955], [106.679239, 10.9640908], [106.6792901, 10.9640764]]}}, {"type": "Feature", "properties": {"name": "", "fclass": "residential"}, "geometry": {"type": "LineString", "coordinates": [[106.6794502, 10.9683339], [106.6794548, 10.9678511], [106.6794359, 10.9677473], [106.6794257, 10.9676491], [106.6793494, 10.9676481], [106.6793583, 10.9671221], [106.6792332, 10.9669112], [106.6792272, 10.9668423], [106.6792018, 10.9667799], [106.6792152, 10.9667241], [106.6792258, 10.9666543], [106.6792449, 10.9665641], [106.6793691, 10.9660956], [106.6793866, 10.966029], [106.6794427, 10.9658288], [106.6794989, 10.9656534], [106.6795471, 10.9655076], [106.6795631, 10.9654288], [106.6795812, 10.9653047], [106.6795892, 10.965151], [106.6795912, 10.9649835], [106.6795932, 10.9649106], [106.679603, 10.9648788], [106.6796133, 10.9648456], [106.6796635, 10.9647372], [106.6798546, 10.9640499]]}}, {"type": "Feature", "properties": {"name": "", "fclass": "residential"}, "geometry": {"type": "LineString", "coordinates": [[106.6777369, 10.9667347], [106.6787186, 10.9669669]]}}, {"type": "Feature", "properties": {"name": "", "fclass": "residential"}, "geometry": {"type": "LineString", "coordinates": [[106.6775361, 10.9672022], [106.6776659, 10.9672158], [106.6777946, 10.9672065], [106.6779917, 10.9672092], [106.678146, 10.9672302]]}}, {"type": "Feature", "properties": {"name": "", "fclass": "residential"}, "geometry": {"type": "LineString", "coordinates": [[106.6794257, 10.9676491], [106.6795511, 10.9676387], [106.6798593, 10.9676094], [106.6800812, 10.9675884], [106.6801489, 10.9675693], [106.6801667, 10.9675568], [106.6801807, 10.9675439], [106.6801907, 10.9675252], [106.6801948, 10.9675036], [106.6801932, 10.9674593], [106.6801918, 10.9673928], [106.6801818, 10.9673092]]}}, {"type": "Feature", "properties": {"name": "", "fclass": "residential"}, "geometry": {"type": "LineString", "coordinates": [[106.6793494, 10.9676481], [106.6792393, 10.9676394], [106.6791518, 10.9676265], [106.6789587, 10.9675699], [106.6787562, 10.967508], [106.678606, 10.9674738]]}}, {"type": "Feature", "properties": {"name": "", "fclass": "residential"}, "geometry": {"type": "LineString", "coordinates": [[106.6778121, 10.9691213], [106.6778415, 10.9690735], [106.6778677, 10.9690218], [106.6778902, 10.9689514], [106.677911, 10.9688822], [106.6780501, 10.968273], [106.6780857, 10.9681131]]}}, {"type": "Feature", "properties": {"name": "", "fclass": "trunk_link"}, "geometry": {"type": "LineString", "coordinates": [[106.6778422, 10.9692328], [106.67784822700553, 10.969301737463194]]}}, {"type": "Feature", "properties": {"name": "", "fclass": "service"}, "geometry": {"type": "LineString", "coordinates": [[106.6746246, 10.9670405], [106.6748844, 10.9672251]]}}, {"type": "Feature", "properties": {"name": "", "fclass": "residential"}, "geometry": {"type": "LineString", "coordinates": [[106.6739839, 10.9670492], [106.6739094, 10.9671328], [106.6738705, 10.9672079], [106.6738397, 10.9672974], [106.6737713, 10.9674843], [106.6737203, 10.967587]]}}, {"type": "Feature", "properties": {"name": "", "fclass": "residential"}, "geometry": {"type": "LineString", "coordinates": [[106.6735594, 10.9675265], [106.6737203, 10.967587], [106.6739698, 10.9676752]]}}, {"type": "Feature", "properties": {"name": "", "fclass": "residential"}, "geometry": {"type": "LineString", "coordinates": [[106.6731515, 10.9681326], [106.6732738, 10.9678488], [106.6734455, 10.9674291], [106.6735479, 10.9671462]]}}, {"type": "Feature", "properties": {"name": "", "fclass": "residential"}, "geometry": {"type": "LineString", "coordinates": [[106.6748723, 10.9683745], [106.6756354, 10.9685784]]}}, {"type": "Feature", "properties": {"name": "", "fclass": "residential"}, "geometry": {"type": "LineString", "coordinates": [[106.6748357, 10.9686459], [106.6743802, 10.9686021]]}}, {"type": "Feature", "properties": {"name": "", "fclass": "residential"}, "geometry": {"type": "LineString", "coordinates": [[106.6748005, 10.9688728], [106.6744965, 10.9688602], [106.674096, 10.9688282], [106.673993, 10.9688333], [106.67385, 10.9688343]]}}, {"type": "Feature", "properties": {"name": "", "fclass": "residential"}, "geometry": {"type": "LineString", "coordinates": [[106.6738534, 10.9693015], [106.674698, 10.9692302], [106.6747168, 10.9692288], [106.674747, 10.969217]]}}, {"type": "Feature", "properties": {"name": "", "fclass": "residential"}, "geometry": {"type": "LineString", "coordinates": [[106.674747, 10.969217], [106.6748295, 10.9692667], [106.675044, 10.9693157], [106.6753239, 10.9694255], [106.6754872, 10.9695035]]}}, {"type": "Feature", "properties": {"name": "", "fclass": "residential"}, "geometry": {"type": "LineString", "coordinates": [[106.67407, 10.9677879], [106.6739654, 10.9681363], [106.6738912, 10.9685271], [106.67385, 10.9688343], [106.6738287, 10.9689617], [106.6738413, 10.9692529], [106.6738534, 10.9693015], [106.6739118, 10.9695361], [106.6740935, 10.9699747], [106.6741516, 10.9701607], [106.6742089, 10.9703445], [106.6742683, 10.9705395], [106.6744404, 10.9711046]]}}, {"type": "Feature", "properties": {"name": "", "fclass": "residential"}, "geometry": {"type": "LineString", "coordinates": [[106.674747, 10.969217], [106.6748005, 10.9688728], [106.6748357, 10.9686459], [106.6748389, 10.9686253], [106.6748723, 10.9683745], [106.6749053, 10.9681264], [106.6749104, 10.9679509], [106.6749513, 10.9678682], [106.6752858, 10.9679559], [106.6761026, 10.968156], [106.6762387, 10.9681896], [106.6766929, 10.9682768], [106.6771219, 10.9683596], [106.6771385, 10.9683558], [106.6771624, 10.9682784]]}}, {"type": "Feature", "properties": {"name": "", "fclass": "residential"}, "geometry": {"type": "LineString", "coordinates": [[106.6771385, 10.9683558], [106.6771516, 10.9685171], [106.6771534, 10.9685854], [106.677194, 10.9686288], [106.6772698, 10.9686678], [106.6774125, 10.9686917], [106.6775181, 10.9687183], [106.6776405, 10.9687482]]}}, {"type": "Feature", "properties": {"name": "", "fclass": "residential"}, "geometry": {"type": "LineString", "coordinates": [[106.6756354, 10.9685784], [106.6757283, 10.9686079], [106.6758208, 10.9686373]]}}, {"type": "Feature", "properties": {"name": "", "fclass": "residential"}, "geometry": {"type": "LineString", "coordinates": [[106.675605, 10.9689562], [106.6757283, 10.9686079]]}}, {"type": "Feature", "properties": {"name": "", "fclass": "residential"}, "geometry": {"type": "LineString", "coordinates": [[106.6759316, 10.9690643], [106.675605, 10.9689562], [106.6752346, 10.9688336]]}}, {"type": "Feature", "properties": {"name": "", "fclass": "residential"}, "geometry": {"type": "LineString", "coordinates": [[106.675836, 10.9692129], [106.6759316, 10.9690643], [106.6759813, 10.9690057], [106.6760132, 10.9689314], [106.676019, 10.968847]]}}, {"type": "Feature", "properties": {"name": "", "fclass": "residential"}, "geometry": {"type": "LineString", "coordinates": [[106.6752626, 10.9698318], [106.6754597, 10.9699503], [106.6756931, 10.9701307]]}}, {"type": "Feature", "properties": {"name": "", "fclass": "residential"}, "geometry": {"type": "LineString", "coordinates": [[106.6815898, 10.9647778], [106.6816113, 10.9651637], [106.6816733, 10.9653633], [106.6816706, 10.9657593], [106.6816774, 10.966034]]}}, {"type": "Feature", "properties": {"name": "", "fclass": "residential"}, "geometry": {"type": "LineString", "coordinates": [[106.6805937, 10.9654503], [106.680695, 10.9654861], [106.6809334, 10.9655593]]}}, {"type": "Feature", "properties": {"name": "", "fclass": "residential"}, "geometry": {"type": "LineString", "coordinates": [[106.6816706, 10.9657593], [106.6822131, 10.9656431]]}}, {"type": "Feature", "properties": {"name": "", "fclass": "residential"}, "geometry": {"type": "LineString", "coordinates": [[106.680681, 10.9644023], [106.6806314, 10.9644894], [106.6805728, 10.9649171], [106.6805896, 10.9651316], [106.6805937, 10.9654503], [106.6804866, 10.9657157], [106.6804644, 10.9657842], [106.6804539, 10.9658417], [106.6804484, 10.9658831], [106.6804554, 10.965914], [106.6804905, 10.9659453], [106.6805146, 10.965962], [106.6805557, 10.9659843], [106.680621, 10.9660108], [106.6806593, 10.9660261], [106.6806991, 10.9660554], [106.6807303, 10.9660958], [106.6807402, 10.9661334], [106.6807587, 10.9662616], [106.6807743, 10.9664511], [106.6807786, 10.9665486], [106.6807757, 10.9666545], [106.6807672, 10.966805], [106.6807587, 10.9669722], [106.6807558, 10.9671031], [106.6807686, 10.9671909], [106.6807857, 10.9673066], [106.6808084, 10.9673818], [106.6808061, 10.9675831]]}}, {"type": "Feature", "properties": {"name": "", "fclass": "residential"}, "geometry": {"type": "LineString", "coordinates": [[106.6825428, 10.9666932], [106.6821975, 10.965886]]}}, {"type": "Feature", "properties": {"name": "", "fclass": "tertiary"}, "geometry": {"type": "LineString", "coordinates": [[106.6832498, 10.9662577], [106.6832766, 10.9663354]]}}, {"type": "Feature", "properties": {"name": "Lê Hồng Phong", "fclass": "tertiary"}, "geometry": {"type": "LineString", "coordinates": [[106.6831586, 10.9663999], [106.6832498, 10.9662577]]}}, {"type": "Feature", "properties": {"name": "", "fclass": "trunk_link"}, "geometry": {"type": "LineString", "coordinates": [[106.6832766, 10.9663354], [106.68326268628294, 10.96640572476555]]}}, {"type": "Feature", "properties": {"name": "", "fclass": "trunk_link"}, "geometry": {"type": "LineString", "coordinates": [[106.68315099197942, 10.966458014277721], [106.6831586, 10.9663999]]}}, {"type": "Feature", "properties": {"name": "", "fclass": "service"}, "geometry": {"type": "LineString", "coordinates": [[106.688262, 10.9639956], [106.6882351, 10.9638808], [106.6882727, 10.9638544], [106.6883021, 10.9638388], [106.6884564, 10.963757], [106.6886052, 10.9636912], [106.6886616, 10.9636951], [106.6886888, 10.9637147], [106.6887682, 10.9637584]]}}, {"type": "Feature", "properties": {"name": "", "fclass": "residential"}, "geometry": {"type": "LineString", "coordinates": [[106.6867855, 10.9646791], [106.6871019, 10.9641625]]}}, {"type": "Feature", "properties": {"name": "Đại lộ Bình Dương", "fclass": "trunk"}, "geometry": {"type": "LineString", "coordinates": [[106.6680743, 10.9786642], [106.6688484, 10.9771154], [106.6691849, 10.9764327], [106.6696632, 10.9754819], [106.6697004, 10.975406]]}}, {"type": "Feature", "properties": {"name": "", "fclass": "trunk_link"}, "geometry": {"type": "LineString", "coordinates": [[106.66815615544905, 10.978709323308266], [106.6681543, 10.9787083], [106.6680743, 10.9786642]]}}, {"type": "Feature", "properties": {"name": "", "fclass": "residential"}, "geometry": {"type": "LineString", "coordinates": [[106.66579, 10.9814048], [106.666013, 10.9818245], [106.6661015, 10.9820088], [106.6661552, 10.9821931], [106.6661766, 10.98228], [106.6661833, 10.9823445], [106.666186, 10.9824196], [106.6661377, 10.9824617], [106.6661109, 10.982521], [106.6659996, 10.9826789], [106.6658056, 10.9828596]]}}, {"type": "Feature", "properties": {"name": "", "fclass": "trunk_link"}, "geometry": {"type": "LineString", "coordinates": [[106.6659041, 10.984013], [106.6659681, 10.9839929], [106.6660291, 10.9839652], [106.6660705, 10.9839406], [106.6661095, 10.9839126], [106.666149, 10.9838824], [106.6661847, 10.983848], [106.6662108, 10.9838171], [106.6662339, 10.9837839]]}}, {"type": "Feature", "properties": {"name": "", "fclass": "trunk_link"}, "geometry": {"type": "LineString", "coordinates": [[106.6661824, 10.9840426], [106.66622853777386, 10.98404598773864]]}}, {"type": "Feature", "properties": {"name": "Bác sĩ Yersin", "fclass": "secondary"}, "geometry": {"type": "LineString", "coordinates": [[106.6661631, 10.9841321], [106.666005, 10.9841206], [106.6658922, 10.9841091]]}}, {"type": "Feature", "properties": {"name": "", "fclass": "tertiary"}, "geometry": {"type": "LineString", "coordinates": [[106.6609758, 10.9466693], [106.66112548311979, 10.946206509499882]]}}, {"type": "Feature", "properties": {"name": "", "fclass": "service"}, "geometry": {"type": "LineString", "coordinates": [[106.66125731055816, 10.94625152793481], [106.6611072, 10.9467246]]}}, {"type": "Feature", "properties": {"name": "", "fclass": "service"}, "geometry": {"type": "LineString", "coordinates": [[106.6611072, 10.9467246], [106.6610992, 10.9467602], [106.661059, 10.9468181], [106.6610147, 10.9468392], [106.6609168, 10.9468523]]}}, {"type": "Feature", "properties": {"name": "", "fclass": "tertiary"}, "geometry": {"type": "LineString", "coordinates": [[106.6609758, 10.9466693], [106.6609449, 10.9467825], [106.6609168, 10.9468523], [106.6608377, 10.9469142], [106.6601697, 10.9474299]]}}, {"type": "Feature", "properties": {"name": "", "fclass": "residential"}, "geometry": {"type": "LineString", "coordinates": [[106.6628505, 10.9479428], [106.6628319, 10.9479083], [106.6627917, 10.9478846], [106.6626576, 10.947857], [106.6624725, 10.9478096], [106.662337, 10.9477964], [106.6622566, 10.9478201], [106.662219, 10.9478333], [106.6621587, 10.9479149], [106.6621318, 10.9480518]]}}, {"type": "Feature", "properties": {"name": "", "fclass": "residential"}, "geometry": {"type": "LineString", "coordinates": [[106.6611631, 10.9494187], [106.6629239, 10.948821], [106.6629486, 10.9487787], [106.6629513, 10.9487076], [106.6629442, 10.9486214], [106.6628449, 10.9482693], [106.662818, 10.9480499], [106.6628505, 10.9479428], [106.6631293, 10.9479192], [106.6630673, 10.9473832], [106.6630371, 10.9472882], [106.6629661, 10.9472092], [106.6628963, 10.947142], [106.6627642, 10.9471063], [106.6621318, 10.9470472], [106.6620265, 10.9470659]]}}, {"type": "Feature", "properties": {"name": "", "fclass": "residential"}, "geometry": {"type": "LineString", "coordinates": [[106.6619767, 10.9466992], [106.6620265, 10.9470659], [106.6612714, 10.948232], [106.6611823, 10.9483889], [106.6611539, 10.948534], [106.6611631, 10.9494187], [106.6611311, 10.9505909]]}}, {"type": "Feature", "properties": {"name": "", "fclass": "service"}, "geometry": {"type": "LineString", "coordinates": [[106.6609548, 10.9488407], [106.6608296, 10.9487708], [106.6606754, 10.9486299], [106.6605534, 10.9486562], [106.6602556, 10.9488011], [106.6601171, 10.9488471]]}}, {"type": "Feature", "properties": {"name": "Phan Bội Châu", "fclass": "tertiary"}, "geometry": {"type": "LineString", "coordinates": [[106.6638188, 10.9498788], [106.66241, 10.950463], [106.6621114, 10.9505894], [106.6618957, 10.9506743], [106.6614097, 10.9509157], [106.6611884, 10.9509782], [106.6610916, 10.9509842], [106.66105, 10.9509513], [106.6609892, 10.950888], [106.660953, 10.9507695], [106.6609462, 10.9506322], [106.6609676, 10.950116], [106.6609595, 10.949227], [106.6609553, 10.9488892], [106.6609548, 10.9488407], [106.6609354, 10.9484899], [106.6609118, 10.9482165], [106.6606865, 10.9478506], [106.6604593, 10.9476236], [106.6602047, 10.9474896], [106.6601697, 10.9474299]]}}, {"type": "Feature", "properties": {"name": "Hèm 68", "fclass": "residential"}, "geometry": {"type": "LineString", "coordinates": [[106.6596824, 10.9496824], [106.6598882, 10.9495871], [106.6600116, 10.9494871], [106.6601819, 10.9493449], [106.6602986, 10.9492066], [106.6604273, 10.9491171], [106.6604957, 10.9490539], [106.6606352, 10.9489656], [106.6607384, 10.9489327], [106.6609553, 10.9488892]]}}, {"type": "Feature", "properties": {"name": "", "fclass": "residential"}, "geometry": {"type": "LineString", "coordinates": [[106.6609595, 10.949227], [106.6607537, 10.9493222], [106.6606957, 10.9493576], [106.6606411, 10.949398], [106.6606039, 10.9494354]]}}, {"type": "Feature", "properties": {"name": "", "fclass": "service"}, "geometry": {"type": "LineString", "coordinates": [[106.6621114, 10.9505894], [106.6619065, 10.9500111], [106.6622901, 10.9498004], [106.6633576, 10.9493791], [106.6634327, 10.9494133], [106.6635668, 10.9496898]]}}, {"type": "Feature", "properties": {"name": "", "fclass": "residential"}, "geometry": {"type": "LineString", "coordinates": [[106.6646756, 10.9474304], [106.6643621, 10.9471275], [106.6640912, 10.9468576]]}}, {"type": "Feature", "properties": {"name": "", "fclass": "residential"}, "geometry": {"type": "LineString", "coordinates": [[106.6640308, 10.9481006], [106.664147, 10.9480099]]}}, {"type": "Feature", "properties": {"name": "", "fclass": "residential"}, "geometry": {"type": "LineString", "coordinates": [[106.6635062, 10.9484698], [106.6634475, 10.9483435], [106.6633663, 10.9481302], [106.663306, 10.9479788], [106.6632476, 10.9478247], [106.6632483, 10.9478155], [106.6632523, 10.9478089], [106.6632999, 10.9477747]]}}, {"type": "Feature", "properties": {"name": "", "fclass": "residential"}, "geometry": {"type": "LineString", "coordinates": [[106.6633516, 10.9484967], [106.6631229, 10.9485799]]}}, {"type": "Feature", "properties": {"name": "", "fclass": "residential"}, "geometry": {"type": "LineString", "coordinates": [[106.6636847, 10.9491312], [106.6635062, 10.9484698], [106.6638155, 10.9482674], [106.6640308, 10.9481006]]}}, {"type": "Feature", "properties": {"name": "", "fclass": "residential"}, "geometry": {"type": "LineString", "coordinates": [[106.6631293, 10.9479192], [106.6631605, 10.9479939], [106.6633254, 10.9484219], [106.6633516, 10.9484967], [106.6634005, 10.9486365], [106.6635929, 10.9491678], [106.6638029, 10.9497478], [106.663819, 10.9498241], [106.6638188, 10.9498788]]}}, {"type": "Feature", "properties": {"name": "", "fclass": "residential"}, "geometry": {"type": "LineString", "coordinates": [[106.6636847, 10.9491312], [106.6635929, 10.9491678]]}}, {"type": "Feature", "properties": {"name": "Hèm 1405", "fclass": "residential"}, "geometry": {"type": "LineString", "coordinates": [[106.6639167, 10.9498656], [106.6638793, 10.9497056], [106.663835, 10.9495924], [106.6636847, 10.9491312]]}}, {"type": "Feature", "properties": {"name": "Hẻm 1397 Đường Lê Hồng Phong", "fclass": "residential"}, "geometry": {"type": "LineString", "coordinates": [[106.6638649, 10.9498988], [106.6639167, 10.9498656], [106.6641462, 10.9497201], [106.6644077, 10.9495687], [106.6646813, 10.9494305], [106.6649764, 10.9493027], [106.6652553, 10.9491895]]}}, {"type": "Feature", "properties": {"name": "", "fclass": "residential"}, "geometry": {"type": "LineString", "coordinates": [[106.6642357, 10.9507895], [106.6635239, 10.9511276]]}}, {"type": "Feature", "properties": {"name": "", "fclass": "residential"}, "geometry": {"type": "LineString", "coordinates": [[106.666884, 10.9459462], [106.6673196, 10.9454494], [106.6680997, 10.9445598]]}}, {"type": "Feature", "properties": {"name": "", "fclass": "residential"}, "geometry": {"type": "LineString", "coordinates": [[106.6662292, 10.9457377], [106.6660961, 10.9456265], [106.6660103, 10.9455291], [106.6659701, 10.9454738], [106.665954, 10.9454132], [106.6659701, 10.9453237], [106.6660452, 10.9451999], [106.6661686, 10.9450735]]}}, {"type": "Feature", "properties": {"name": "", "fclass": "residential"}, "geometry": {"type": "LineString", "coordinates": [[106.6674847, 10.9464615], [106.6679066, 10.9459083], [106.6683398, 10.9454224], [106.6684726, 10.9452697], [106.6686456, 10.9451156]]}}, {"type": "Feature", "properties": {"name": "", "fclass": "residential"}, "geometry": {"type": "LineString", "coordinates": [[106.667475, 10.9464327], [106.6670688, 10.9469403]]}}, {"type": "Feature", "properties": {"name": "Hẻm 1369 Lê Hồng Phong", "fclass": "residential"}, "geometry": {"type": "LineString", "coordinates": [[106.664147, 10.9480099], [106.6646756, 10.9474304], [106.6650754, 10.9469921], [106.6661053, 10.9459844], [106.6661549, 10.9458385], [106.6662292, 10.9457377], [106.6664557, 10.9458976], [106.6666114, 10.946106], [106.6666858, 10.9460991], [106.666884, 10.9459462], [106.6671813, 10.9462311], [106.667475, 10.9464327], [106.6674847, 10.9464615], [106.6677086, 10.9471242], [106.6677157, 10.9473048], [106.6666999, 10.9489276], [106.6666858, 10.9490457], [106.6667247, 10.9491222], [106.6667247, 10.9492577], [106.6652205, 10.9502758], [106.6642671, 10.9508949]]}}, {"type": "Feature", "properties": {"name": "Đường An Thạnh 24", "fclass": "residential"}, "geometry": {"type": "LineString", "coordinates": [[106.66606702050234, 10.951707096369843], [106.666013, 10.9517017], [106.665897, 10.9517503], [106.6643686, 10.9523912]]}}, {"type": "Feature", "properties": {"name": "", "fclass": "residential"}, "geometry": {"type": "LineString", "coordinates": [[106.665897, 10.9517503], [106.6658521, 10.9516491]]}}, {"type": "Feature", "properties": {"name": "", "fclass": "track"}, "geometry": {"type": "LineString", "coordinates": [[106.6663449, 10.9527136], [106.6663396, 10.9527531], [106.6663282, 10.9528584], [106.6663241, 10.9529019], [106.6663161, 10.9529828], [106.6663121, 10.9530724], [106.6663134, 10.9531171], [106.6663362, 10.9531817], [106.6668052, 10.9539979]]}}, {"type": "Feature", "properties": {"name": "", "fclass": "service"}, "geometry": {"type": "LineString", "coordinates": [[106.6678383, 10.9534322], [106.668077, 10.9538966]]}}, {"type": "Feature", "properties": {"name": "", "fclass": "residential"}, "geometry": {"type": "LineString", "coordinates": [[106.6624711, 10.9505733], [106.66241, 10.950463]]}}, {"type": "Feature", "properties": {"name": "Xóm Guốc", "fclass": "residential"}, "geometry": {"type": "LineString", "coordinates": [[106.6599699, 10.9502319], [106.6601144, 10.9504346], [106.6602703, 10.9506532], [106.6604304, 10.9508632], [106.6606745, 10.9509843], [106.6608743, 10.9510198], [106.6610916, 10.9509842]]}}, {"type": "Feature", "properties": {"name": "", "fclass": "residential"}, "geometry": {"type": "MultiLineString", "coordinates": [[[106.6628667, 10.9513118], [106.6627373, 10.9509926]], [[106.6627373, 10.9509926], [106.6626602, 10.9508024], [106.6625798, 10.9506589], [106.6625476, 10.9506115], [106.6625127, 10.9505799], [106.6624711, 10.9505733], [106.6624416, 10.9505944], [106.6624255, 10.9506523], [106.6625074, 10.9509157], [106.6625643, 10.9510447], [106.6626454, 10.951021], [106.6627112, 10.9509986], [106.6627373, 10.9509926]]]}}, {"type": "Feature", "properties": {"name": "", "fclass": "residential"}, "geometry": {"type": "LineString", "coordinates": [[106.6618957, 10.9506743], [106.6619334, 10.9507945], [106.6619508, 10.9508116], [106.6619897, 10.9508011], [106.6620152, 10.9507945], [106.6620406, 10.9508116], [106.6620702, 10.9508432], [106.6622459, 10.951279], [106.6622754, 10.9513054], [106.6625791, 10.9511856], [106.6626173, 10.951171], [106.6627058, 10.9513752], [106.6628667, 10.9513118], [106.6629566, 10.9512764]]}}, {"type": "Feature", "properties": {"name": "Đường Võ Minh Đức", "fclass": "tertiary"}, "geometry": {"type": "LineString", "coordinates": [[106.6614097, 10.9509157], [106.6614612, 10.9512815]]}}, {"type": "Feature", "properties": {"name": "", "fclass": "residential"}, "geometry": {"type": "LineString", "coordinates": [[106.6626173, 10.951171], [106.6625643, 10.9510447]]}}, {"type": "Feature", "properties": {"name": "", "fclass": "residential"}, "geometry": {"type": "LineString", "coordinates": [[106.6619334, 10.9507945], [106.66192, 10.9508097], [106.6619173, 10.9508209], [106.6619132, 10.9508419], [106.6619213, 10.9508847], [106.6620943, 10.9513436], [106.6621359, 10.9514331]]}}, {"type": "Feature", "properties": {"name": "", "fclass": "tertiary"}, "geometry": {"type": "LineString", "coordinates": [[106.6611884, 10.9509782], [106.6612186, 10.9510565], [106.6612481, 10.9511026], [106.6612709, 10.9511303], [106.6613004, 10.9511658], [106.6613232, 10.9511922], [106.6614224, 10.9512619], [106.6614612, 10.9512815]]}}, {"type": "Feature", "properties": {"name": "", "fclass": "residential"}, "geometry": {"type": "LineString", "coordinates": [[106.6614565, 10.9513902], [106.6615652, 10.9513969], [106.6616839, 10.9514055], [106.6617858, 10.951414]]}}, {"type": "Feature", "properties": {"name": "", "fclass": "residential"}, "geometry": {"type": "LineString", "coordinates": [[106.6623395, 10.9515396], [106.6622754, 10.9513054]]}}, {"type": "Feature", "properties": {"name": "", "fclass": "residential"}, "geometry": {"type": "LineString", "coordinates": [[106.6643104, 10.9510376], [106.664236, 10.9510579], [106.6641891, 10.9510697], [106.6641301, 10.9510895], [106.6641086, 10.9510941], [106.6640845, 10.9510974], [106.6640469, 10.9511158], [106.6639879, 10.9511632], [106.6639329, 10.9512053]]}}, {"type": "Feature", "properties": {"name": "", "fclass": "residential"}, "geometry": {"type": "LineString", "coordinates": [[106.6635239, 10.9511276], [106.6635427, 10.9511777], [106.6637707, 10.9517175]]}}, {"type": "Feature", "properties": {"name": "", "fclass": "residential"}, "geometry": {"type": "LineString", "coordinates": [[106.6637707, 10.9517175], [106.6638805, 10.9516756], [106.664412, 10.9514731]]}}, {"type": "Feature", "properties": {"name": "", "fclass": "residential"}, "geometry": {"type": "LineString", "coordinates": [[106.6638937, 10.9518952], [106.6639028, 10.9520401], [106.6639041, 10.9522034], [106.6639142, 10.9523113], [106.6639236, 10.9523535], [106.663942, 10.9524108]]}}, {"type": "Feature", "properties": {"name": "", "fclass": "residential"}, "geometry": {"type": "LineString", "coordinates": [[106.664375, 10.9522573], [106.6642508, 10.9522942], [106.6639987, 10.9523838], [106.663942, 10.9524108], [106.6638324, 10.9524628], [106.6636714, 10.9525905], [106.6635574, 10.9527221]]}}, {"type": "Feature", "properties": {"name": "", "fclass": "residential"}, "geometry": {"type": "LineString", "coordinates": [[106.6643786, 10.9524876], [106.6639584, 10.9526096]]}}, {"type": "Feature", "properties": {"name": "", "fclass": "residential"}, "geometry": {"type": "LineString", "coordinates": [[106.6644077, 10.9527195], [106.6649066, 10.9525523]]}}, {"type": "Feature", "properties": {"name": "", "fclass": "residential"}, "geometry": {"type": "LineString", "coordinates": [[106.665609, 10.952919], [106.665543, 10.9528465]]}}, {"type": "Feature", "properties": {"name": "", "fclass": "residential"}, "geometry": {"type": "LineString", "coordinates": [[106.6647784, 10.953672], [106.6648016, 10.9535718], [106.665543, 10.9528465], [106.6661751, 10.952228]]}}, {"type": "Feature", "properties": {"name": "", "fclass": "residential"}, "geometry": {"type": "LineString", "coordinates": [[106.66623442670861, 10.952288181681833], [106.665609, 10.952919], [106.6648852, 10.9536493], [106.6647784, 10.953672]]}}, {"type": "Feature", "properties": {"name": "", "fclass": "residential"}, "geometry": {"type": "LineString", "coordinates": [[106.6627058, 10.9513752], [106.6625194, 10.951466], [106.6623395, 10.9515396], [106.6622458, 10.951578], [106.6620541, 10.9516556]]}}, {"type": "Feature", "properties": {"name": "", "fclass": "residential"}, "geometry": {"type": "LineString", "coordinates": [[106.6637707, 10.9517175], [106.6636701, 10.9517241], [106.6634917, 10.951703], [106.6633013, 10.9516017], [106.6631457, 10.9515543], [106.6629969, 10.9515516], [106.662789, 10.9516161], [106.6625275, 10.9517123], [106.6622727, 10.9518281], [106.6622391, 10.9518913], [106.6622418, 10.951944], [106.662215, 10.9519953], [106.6618998, 10.9522771]]}}, {"type": "Feature", "properties": {"name": "", "fclass": "residential"}, "geometry": {"type": "LineString", "coordinates": [[106.6614075, 10.9521836], [106.6615096, 10.9522179], [106.6615579, 10.9522284], [106.6617966, 10.9522718]]}}, {"type": "Feature", "properties": {"name": "", "fclass": "residential"}, "geometry": {"type": "LineString", "coordinates": [[106.661648, 10.9532456], [106.6618341, 10.9531843], [106.6620715, 10.9530934], [106.6621587, 10.9529868], [106.6622137, 10.9529539], [106.6624108, 10.952863], [106.6626924, 10.9527024], [106.6627675, 10.9525576], [106.6628695, 10.9525036], [106.6630036, 10.9524193], [106.6632181, 10.9523337], [106.6632932, 10.9522297], [106.6633683, 10.952152], [106.6634528, 10.9521059], [106.6637318, 10.9519703], [106.6638686, 10.9519387], [106.6638937, 10.9518952], [106.6638967, 10.95189], [106.66389, 10.9517741], [106.6638805, 10.9516756]]}}, {"type": "Feature", "properties": {"name": "", "fclass": "service"}, "geometry": {"type": "LineString", "coordinates": [[106.661556, 10.9530121], [106.6613071, 10.9529828], [106.6610496, 10.9529354], [106.6608605, 10.9528907], [106.6607277, 10.9529038], [106.6606338, 10.9529157], [106.66054, 10.9529486], [106.6604327, 10.95305]]}}, {"type": "Feature", "properties": {"name": "Đường Võ Minh Đức", "fclass": "tertiary"}, "geometry": {"type": "LineString", "coordinates": [[106.662119, 10.9558008], [106.6620924, 10.9556783], [106.6619459, 10.954424], [106.6619413, 10.9543847], [106.6618139, 10.9537102], [106.6618104, 10.9536913], [106.6616932, 10.9533603], [106.661648, 10.9532456], [106.661556, 10.9530121], [106.6615502, 10.9529974], [106.6614841, 10.9527721], [106.6614439, 10.9526181], [106.6614228, 10.9524984], [106.6614076, 10.9523377], [106.6614075, 10.9521836], [106.6614075, 10.95217], [106.6614089, 10.9519725], [106.6614216, 10.951701], [106.6614542, 10.9514418], [106.6614565, 10.9513902], [106.6614612, 10.9512815]]}}, {"type": "Feature", "properties": {"name": "", "fclass": "service"}, "geometry": {"type": "LineString", "coordinates": [[106.6618139, 10.9537102], [106.6624872, 10.9535306]]}}, {"type": "Feature", "properties": {"name": "", "fclass": "service"}, "geometry": {"type": "LineString", "coordinates": [[106.663516, 10.9546027], [106.6633764, 10.9544015], [106.6633636, 10.9543818], [106.663359, 10.9543719], [106.6633536, 10.9543548], [106.6633529, 10.9543397], [106.6633536, 10.9543061], [106.6633502, 10.9542916], [106.6633429, 10.9542791], [106.6633335, 10.9542719], [106.6633181, 10.9542692], [106.6631303, 10.9542831], [106.6631176, 10.9542864], [106.6630961, 10.9542962], [106.663084, 10.9542989], [106.6628782, 10.9542962], [106.6628641, 10.9542923], [106.6628473, 10.9542817], [106.6628279, 10.9542666], [106.6628104, 10.95426], [106.662787, 10.9542574], [106.6627608, 10.9542587], [106.6627374, 10.954262], [106.6623464, 10.9543463], [106.6619459, 10.954424]]}}, {"type": "Feature", "properties": {"name": "", "fclass": "residential"}, "geometry": {"type": "LineString", "coordinates": [[106.6607277, 10.9557887], [106.6601978, 10.9556057]]}}, {"type": "Feature", "properties": {"name": "", "fclass": "residential"}, "geometry": {"type": "LineString", "coordinates": [[106.6628736, 10.955308], [106.6627826, 10.955448], [106.6627107, 10.9556122], [106.6626561, 10.9557894], [106.662637, 10.9558556], [106.6625851, 10.9559124], [106.6625021, 10.9560189], [106.6624647, 10.9560836], [106.6624393, 10.9561561]]}}, {"type": "Feature", "properties": {"name": "", "fclass": "residential"}, "geometry": {"type": "LineString", "coordinates": [[106.6634981, 10.9533991], [106.6638172, 10.953259], [106.6638449, 10.9532318], [106.6638826, 10.953152], [106.6639836, 10.9530839], [106.6640233, 10.9530314], [106.6640629, 10.9530002], [106.6642473, 10.952901], [106.6644284, 10.9528529]]}}, {"type": "Feature", "properties": {"name": "", "fclass": "residential"}, "geometry": {"type": "LineString", "coordinates": [[106.6647784, 10.953672], [106.6646521, 10.9537824]]}}, {"type": "Feature", "properties": {"name": "", "fclass": "residential"}, "geometry": {"type": "LineString", "coordinates": [[106.6644873, 10.9539066], [106.6646521, 10.9537824]]}}, {"type": "Feature", "properties": {"name": "", "fclass": "residential"}, "geometry": {"type": "LineString", "coordinates": [[106.6628736, 10.955308], [106.6628786, 10.9552323], [106.6631413, 10.9549702], [106.6634123, 10.954695], [106.663516, 10.9546027], [106.6636547, 10.9544795], [106.6639008, 10.9542879], [106.6644112, 10.9539179], [106.6644873, 10.9539066], [106.6644616, 10.9539776]]}}, {"type": "Feature", "properties": {"name": "", "fclass": "residential"}, "geometry": {"type": "LineString", "coordinates": [[106.6635705, 10.9546743], [106.663516, 10.9546027]]}}, {"type": "Feature", "properties": {"name": "", "fclass": "residential"}, "geometry": {"type": "LineString", "coordinates": [[106.6644616, 10.9539776], [106.6640087, 10.9543114], [106.6637626, 10.954503], [106.6636246, 10.954627], [106.6635705, 10.9546743], [106.6635202, 10.9547185], [106.6632492, 10.9549817], [106.6630833, 10.9551579], [106.6629551, 10.9552763], [106.6628736, 10.955308]]}}, {"type": "Feature", "properties": {"name": "", "fclass": "residential"}, "geometry": {"type": "LineString", "coordinates": [[106.663599, 10.9554727], [106.6636889, 10.9553831], [106.6638055, 10.955262], [106.6638887, 10.9551791], [106.6639785, 10.9551198], [106.6640832, 10.9550803], [106.6642052, 10.9550698], [106.66435, 10.9550882], [106.6644748, 10.9551448], [106.6645619, 10.9553081], [106.6646183, 10.9553963], [106.6651324, 10.9552096]]}}, {"type": "Feature", "properties": {"name": "", "fclass": "residential"}, "geometry": {"type": "LineString", "coordinates": [[106.6652309, 10.9555043], [106.6648154, 10.9557294], [106.6644305, 10.9559453], [106.6643701, 10.9559546], [106.664118, 10.9558769], [106.6640322, 10.9558426], [106.663949, 10.9557913], [106.6638243, 10.9557334], [106.6636513, 10.9555846], [106.6636138, 10.9555253], [106.663599, 10.9554727], [106.6631712, 10.9555859], [106.6631551, 10.9556004], [106.6631538, 10.9556254], [106.6631645, 10.9556531], [106.6632678, 10.9558874]]}}, {"type": "Feature", "properties": {"name": "", "fclass": "service"}, "geometry": {"type": "LineString", "coordinates": [[106.6638646, 10.9576444], [106.6635025, 10.9571659], [106.6635239, 10.9571238], [106.6635963, 10.9570553], [106.6641489, 10.9567077]]}}, {"type": "Feature", "properties": {"name": "", "fclass": "residential"}, "geometry": {"type": "LineString", "coordinates": [[106.6622619, 10.9580849], [106.6625862, 10.9578049], [106.6626251, 10.9577817], [106.6629476, 10.957637], [106.6633026, 10.9575082], [106.6633268, 10.9574904], [106.6633409, 10.957476], [106.6633476, 10.9574588], [106.6633489, 10.9574404], [106.6633435, 10.9574141], [106.6633328, 10.9573877], [106.6631283, 10.9571172], [106.6631182, 10.9570922], [106.6631149, 10.9570645], [106.6631209, 10.9570415], [106.663139, 10.9570276], [106.6640604, 10.9564588], [106.6640758, 10.956445], [106.6640892, 10.9564319], [106.6641033, 10.9564141], [106.6641267, 10.9563825]]}}, {"type": "Feature", "properties": {"name": "", "fclass": "residential"}, "geometry": {"type": "LineString", "coordinates": [[106.6673196, 10.9454494], [106.6668016, 10.9449313]]}}, {"type": "Feature", "properties": {"name": "", "fclass": "residential"}, "geometry": {"type": "LineString", "coordinates": [[106.6684423, 10.9464591], [106.6684951, 10.9464035], [106.6685152, 10.9463834], [106.6686736, 10.946181], [106.6689322, 10.9458262]]}}, {"type": "Feature", "properties": {"name": "", "fclass": "residential"}, "geometry": {"type": "LineString", "coordinates": [[106.6677157, 10.9473048], [106.6681497, 10.9467885], [106.6682491, 10.9466692], [106.668383, 10.9464998], [106.6684119, 10.94647], [106.6684423, 10.9464591], [106.6684741, 10.94647], [106.6687681, 10.9469037], [106.6687957, 10.9469403], [106.6688288, 10.946943], [106.6688744, 10.9469172], [106.6693437, 10.9463602]]}}, {"type": "Feature", "properties": {"name": "", "fclass": "residential"}, "geometry": {"type": "LineString", "coordinates": [[106.66926975963402, 10.954285387555508], [106.6688427, 10.9536965], [106.6684592, 10.9530632], [106.6684189, 10.9530513], [106.6683643, 10.9530688]]}}, {"type": "Feature", "properties": {"name": "", "fclass": "residential"}, "geometry": {"type": "LineString", "coordinates": [[106.6697663, 10.9555562], [106.6699961, 10.9551079]]}}, {"type": "Feature", "properties": {"name": "Lê Hồng Phong", "fclass": "tertiary"}, "geometry": {"type": "LineString", "coordinates": [[106.6748297, 10.9618613], [106.6735342, 10.9612956], [106.6732554, 10.9611739], [106.6727673, 10.9609515], [106.6723812, 10.9607755], [106.6721653, 10.9606712], [106.6718238, 10.960504], [106.6717222, 10.9604542], [106.6711081, 10.9601848], [106.6710924, 10.9601779], [106.6708377, 10.9600605], [106.6707084, 10.9600033], [106.6705302, 10.9598907], [106.6699313, 10.9594672], [106.6694145, 10.959077], [106.6693814, 10.9590537], [106.6693513, 10.9590323], [106.6690098, 10.9587892], [106.6687184, 10.9585817], [106.6685799, 10.9584964], [106.6684392, 10.9583941], [106.6682934, 10.9582881], [106.6681864, 10.9582063], [106.6680529, 10.9581042], [106.6677879, 10.9579016], [106.667311, 10.9575671], [106.667147, 10.9574476], [106.6667381, 10.9571512], [106.6662953, 10.9568078], [106.6661764, 10.9567178], [106.6658611, 10.9564792], [106.66554, 10.956247], [106.6653974, 10.9560021], [106.6652309, 10.9555043], [106.6651324, 10.9552096], [106.6651028, 10.9551212], [106.6650683, 10.9550338], [106.6648286, 10.9543136], [106.6646521, 10.9537824], [106.6645288, 10.9533924], [106.6644382, 10.9529018], [106.6644284, 10.9528529], [106.6644077, 10.9527195], [106.6643945, 10.9526405], [106.6643786, 10.9524876], [106.6643686, 10.9523912], [106.664375, 10.9522573], [106.664412, 10.9514731], [106.6644142, 10.95138], [106.6643104, 10.9510376], [106.6642671, 10.9508949], [106.6642357, 10.9507895], [106.6641787, 10.9505985], [106.6639181, 10.9499527], [106.6638649, 10.9498988], [106.6638188, 10.9498788]]}}, {"type": "Feature", "properties": {"name": "Hẻm 1101 Lê Hồng Phong", "fclass": "residential"}, "geometry": {"type": "LineString", "coordinates": [[106.6687184, 10.9585817], [106.6688857, 10.9583793], [106.6690985, 10.9581237], [106.6692496, 10.9579683], [106.669382, 10.957832], [106.6695278, 10.9576902], [106.6695588, 10.9576637], [106.6695403, 10.9576322], [106.6695249, 10.9576057], [106.6694839, 10.9575272], [106.6694574, 10.9574612], [106.669459, 10.9573751], [106.6695677, 10.9571691], [106.6699056, 10.9566106], [106.6702401, 10.9560007], [106.6703239, 10.9558733], [106.6705083, 10.9554979], [106.6705497, 10.9554137], [106.67055818411907, 10.955389276729555]]}}, {"type": "Feature", "properties": {"name": "", "fclass": "residential"}, "geometry": {"type": "LineString", "coordinates": [[106.6682934, 10.9582881], [106.6683378, 10.9580622], [106.6683435, 10.9578931], [106.6683116, 10.9577001], [106.6682592, 10.9574943], [106.668233, 10.9573583], [106.6682199, 10.9572884], [106.6682106, 10.9572388], [106.6682143, 10.9572039], [106.6682686, 10.9570734], [106.6684426, 10.9566787], [106.6685157, 10.9565129], [106.6692301, 10.9552792]]}}, {"type": "Feature", "properties": {"name": "", "fclass": "residential"}, "geometry": {"type": "LineString", "coordinates": [[106.6684426, 10.9566787], [106.6687464, 10.9567431], [106.6689355, 10.9568122], [106.6692044, 10.9569387]]}}, {"type": "Feature", "properties": {"name": "Hẻm 1249", "fclass": "residential"}, "geometry": {"type": "LineString", "coordinates": [[106.6650683, 10.9550338], [106.6655526, 10.9547052], [106.6660119, 10.9544427], [106.666634, 10.9540944], [106.6668052, 10.9539979], [106.6669076, 10.9539402], [106.6675316, 10.9535886], [106.6677322, 10.9535055], [106.6678383, 10.9534322], [106.6683643, 10.9530688]]}}, {"type": "Feature", "properties": {"name": "", "fclass": "residential"}, "geometry": {"type": "LineString", "coordinates": [[106.6669076, 10.9539402], [106.6671462, 10.9545629], [106.667165, 10.9546116], [106.6671824, 10.9546484], [106.6672884, 10.9548459], [106.6675907, 10.9554295]]}}, {"type": "Feature", "properties": {"name": "", "fclass": "residential"}, "geometry": {"type": "LineString", "coordinates": [[106.6682585, 10.9550721], [106.6680481, 10.9547195], [106.6680394, 10.9547044], [106.6680367, 10.9546781], [106.6680468, 10.9546609], [106.6680636, 10.9546484], [106.6681896, 10.9545813]]}}, {"type": "Feature", "properties": {"name": "", "fclass": "residential"}, "geometry": {"type": "LineString", "coordinates": [[106.666652, 10.9562625], [106.6664127, 10.9560033]]}}, {"type": "Feature", "properties": {"name": "", "fclass": "residential"}, "geometry": {"type": "LineString", "coordinates": [[106.666839, 10.9561125], [106.667393, 10.9565326], [106.6674252, 10.9565313], [106.6675512, 10.9563667]]}}, {"type": "Feature", "properties": {"name": "", "fclass": "residential"}, "geometry": {"type": "LineString", "coordinates": [[106.6670349, 10.9586089], [106.666874, 10.9585984], [106.6667803, 10.958602], [106.666359, 10.9586182], [106.6663241, 10.9586195], [106.6662772, 10.9585865], [106.6662383, 10.958397], [106.6662101, 10.9580191], [106.6662208, 10.9576057], [106.6662208, 10.9575622], [106.6662061, 10.9575318], [106.6660934, 10.9574119], [106.6660766, 10.9573801], [106.6660722, 10.9573502], [106.6661849, 10.9570152], [106.6662185, 10.9569248], [106.666241, 10.9568747], [106.66628, 10.9568408], [106.6662953, 10.9568078], [106.666652, 10.9562625], [106.666839, 10.9561125], [106.6670796, 10.9559356], [106.6674297, 10.9556802], [106.6675354, 10.9555732], [106.6675542, 10.9555433], [106.6675683, 10.9555067], [106.6675769, 10.9554648], [106.6675907, 10.9554295], [106.6676082, 10.9554118], [106.6676506, 10.9553769], [106.6677198, 10.9553402], [106.6677835, 10.9553034], [106.6678714, 10.9552648], [106.6679688, 10.9552372], [106.6680586, 10.9552078], [106.6682009, 10.9551159], [106.6682585, 10.9550721], [106.6683672, 10.9549895], [106.6685171, 10.9548673], [106.668753, 10.9546567], [106.66911048957061, 10.954406930115985]]}}, {"type": "Feature", "properties": {"name": "", "fclass": "residential"}, "geometry": {"type": "LineString", "coordinates": [[106.667311, 10.9575671], [106.6672233, 10.9577972], [106.6672106, 10.9578367], [106.6672012, 10.9578729], [106.6671985, 10.9578907], [106.6671798, 10.9580974], [106.6671704, 10.9581606], [106.667167, 10.9581823], [106.667163, 10.9582001], [106.6671301, 10.9583213]]}}, {"type": "Feature", "properties": {"name": "", "fclass": "residential"}, "geometry": {"type": "LineString", "coordinates": [[106.6667803, 10.958602], [106.6669567, 10.9580116], [106.667147, 10.9574476]]}}, {"type": "Feature", "properties": {"name": "", "fclass": "residential"}, "geometry": {"type": "LineString", "coordinates": [[106.6680529, 10.9581042], [106.6679241, 10.958476], [106.6678745, 10.9586234]]}}, {"type": "Feature", "properties": {"name": "", "fclass": "service"}, "geometry": {"type": "LineString", "coordinates": [[106.6681864, 10.9582063], [106.6680622, 10.9586063]]}}, {"type": "Feature", "properties": {"name": "", "fclass": "service"}, "geometry": {"type": "LineString", "coordinates": [[106.67229617405933, 10.956364635058735], [106.67227640973272, 10.956341150388287]]}}, {"type": "Feature", "properties": {"name": "", "fclass": "residential"}, "geometry": {"type": "LineString", "coordinates": [[106.6699056, 10.9566106], [106.6700698, 10.9567064], [106.6701503, 10.9567432], [106.6704272, 10.9568683], [106.6704386, 10.956869], [106.6704527, 10.956865], [106.6704594, 10.9568578], [106.6705795, 10.9566498], [106.6706371, 10.9564825], [106.67081, 10.9560786], [106.67102897725086, 10.955549613817128]]}}, {"type": "Feature", "properties": {"name": "", "fclass": "residential"}, "geometry": {"type": "MultiLineString", "coordinates": [[[106.6707084, 10.9600033], [106.6710331, 10.9593737], [106.6711401, 10.959172], [106.6712072, 10.959027], [106.6712804, 10.9588688], [106.6713989, 10.9586181], [106.6715566, 10.9582453], [106.6717516, 10.9577969], [106.6719083, 10.9574106], [106.6719821, 10.9572258], [106.67198712551453, 10.957212127644267]], [[106.67215122791463, 10.956790062305403], [106.6722011, 10.9566584], [106.67220858500355, 10.956642065398384]]]}}, {"type": "Feature", "properties": {"name": "", "fclass": "residential"}, "geometry": {"type": "LineString", "coordinates": [[106.6712072, 10.959027], [106.6708571, 10.9588262]]}}, {"type": "Feature", "properties": {"name": "", "fclass": "residential"}, "geometry": {"type": "LineString", "coordinates": [[106.6699597, 10.955664], [106.6694483, 10.9565871], [106.6692044, 10.9569387], [106.6690822, 10.9571097], [106.6690794, 10.957129], [106.6690868, 10.9571494], [106.6691002, 10.9571679], [106.6692263, 10.9572541], [106.6692397, 10.9572692], [106.6692424, 10.9572824], [106.6692417, 10.9573035], [106.6692277, 10.9573613], [106.6692182, 10.9574003], [106.6692115, 10.9574187], [106.6691981, 10.9574384], [106.6691036, 10.9575306], [106.6690935, 10.9575517], [106.6690942, 10.9575773], [106.6690989, 10.9576037], [106.6692496, 10.9579683]]}}, {"type": "Feature", "properties": {"name": "", "fclass": "residential"}, "geometry": {"type": "LineString", "coordinates": [[106.6685171, 10.9548673], [106.6690533, 10.9551724], [106.6692301, 10.9552792], [106.6697663, 10.9555562], [106.6699597, 10.955664], [106.6700202, 10.9556978], [106.6703239, 10.9558733], [106.6704467, 10.9559361], [106.6707847, 10.9560665], [106.67081, 10.9560786], [106.6713104, 10.956318], [106.6713667, 10.9563469], [106.6713399, 10.9564812], [106.6708021, 10.9577452], [106.670769, 10.9578152], [106.670672, 10.958077], [106.67055, 10.9583824], [106.670385, 10.9585997], [106.6702589, 10.9588249], [106.6699313, 10.9594672]]}}, {"type": "Feature", "properties": {"name": "", "fclass": "service"}, "geometry": {"type": "LineString", "coordinates": [[106.6682106, 10.9572388], [106.6687028, 10.9573382], [106.6688589, 10.9573964], [106.6689634, 10.9574547], [106.6690935, 10.9575517]]}}, {"type": "Feature", "properties": {"name": "", "fclass": "service"}, "geometry": {"type": "LineString", "coordinates": [[106.6694574, 10.9574612], [106.6693962, 10.9574105], [106.6693255, 10.9573907], [106.6692277, 10.9573613]]}}, {"type": "Feature", "properties": {"name": "", "fclass": "residential"}, "geometry": {"type": "LineString", "coordinates": [[106.6695588, 10.9576637], [106.6695897, 10.9576412], [106.6696165, 10.9576149], [106.6697554, 10.9574444], [106.6698613, 10.9573371], [106.6698727, 10.9573331], [106.6698888, 10.9573351], [106.6699009, 10.9573403], [106.6700444, 10.9574319], [106.6700698, 10.9574398], [106.6700859, 10.9574371], [106.6701061, 10.957424], [106.6701946, 10.9573107]]}}, {"type": "Feature", "properties": {"name": "", "fclass": "residential"}, "geometry": {"type": "LineString", "coordinates": [[106.6696422, 10.9585526], [106.6696709, 10.9585216], [106.6698238, 10.9583874], [106.6700451, 10.9581579], [106.6704392, 10.9576551], [106.670769, 10.9578152]]}}, {"type": "Feature", "properties": {"name": "", "fclass": "service"}, "geometry": {"type": "LineString", "coordinates": [[106.6684392, 10.9583941], [106.6686121, 10.9581349]]}}, {"type": "Feature", "properties": {"name": "", "fclass": "service"}, "geometry": {"type": "LineString", "coordinates": [[106.6693513, 10.9590323], [106.6694895, 10.9587464], [106.66955, 10.9586529], [106.6696422, 10.9585526]]}}, {"type": "Feature", "properties": {"name": "", "fclass": "residential"}, "geometry": {"type": "LineString", "coordinates": [[106.6690098, 10.9587892], [106.6688443, 10.9590491], [106.668814, 10.959122], [106.6687975, 10.9591977], [106.6687452, 10.9595921], [106.6686847, 10.9600675], [106.6686434, 10.9606239], [106.6686276, 10.9610376], [106.6686322, 10.9610517]]}}, {"type": "Feature", "properties": {"name": "", "fclass": "residential"}, "geometry": {"type": "LineString", "coordinates": [[106.6686322, 10.9610517], [106.6686413, 10.9610559], [106.6687094, 10.9610499]]}}, {"type": "Feature", "properties": {"name": "", "fclass": "residential"}, "geometry": {"type": "LineString", "coordinates": [[106.6591756, 10.9435948], [106.6582486, 10.9441616], [106.6575184, 10.9446679], [106.6574956, 10.9446725], [106.6574749, 10.9446594], [106.6572036, 10.9441384], [106.6569911, 10.9437569], [106.6577324, 10.9433794], [106.6584926, 10.9429721]]}}, {"type": "Feature", "properties": {"name": "", "fclass": "residential"}, "geometry": {"type": "LineString", "coordinates": [[106.6582408, 10.9472007], [106.6582306, 10.9467391], [106.6582185, 10.9466641], [106.6582078, 10.9466009], [106.6582118, 10.9465258], [106.6582313, 10.9464607], [106.6582379, 10.9464501]]}}, {"type": "Feature", "properties": {"name": "", "fclass": "track"}, "geometry": {"type": "LineString", "coordinates": [[106.6567553, 10.9419207], [106.6568372, 10.9418028], [106.6569418, 10.9415368], [106.6571428, 10.9409763]]}}, {"type": "Feature", "properties": {"name": "", "fclass": "residential"}, "geometry": {"type": "LineString", "coordinates": [[106.658769, 10.944912], [106.6582486, 10.9441616], [106.6577324, 10.9433794], [106.6572664, 10.9424672], [106.6567553, 10.9419207], [106.6565399, 10.9416654]]}}, {"type": "Feature", "properties": {"name": "", "fclass": "residential"}, "geometry": {"type": "LineString", "coordinates": [[106.6569911, 10.9437569], [106.6568063, 10.9433131]]}}, {"type": "Feature", "properties": {"name": "", "fclass": "residential"}, "geometry": {"type": "LineString", "coordinates": [[106.6572036, 10.9441384], [106.6571738, 10.9442281], [106.6571469, 10.9443348], [106.6571376, 10.9444085], [106.6571402, 10.9444954], [106.6571831, 10.9446495], [106.6571923, 10.9446709], [106.6572073, 10.9447061], [106.6572052, 10.9447443], [106.6571825, 10.9447865], [106.6571416, 10.9448318], [106.6571027, 10.944851], [106.6570525, 10.9448622], [106.656809, 10.9449049], [106.6566629, 10.9449543], [106.6566448, 10.9449708], [106.6566414, 10.9449945], [106.6566507, 10.9450589], [106.6567027, 10.9455462], [106.6567034, 10.9455999], [106.6567057, 10.9456373], [106.6566407, 10.9456423], [106.6560258, 10.9456897], [106.6556101, 10.9457516], [106.6555054, 10.9457608], [106.6549234, 10.9458253], [106.6547102, 10.9458767], [106.6545184, 10.9459372], [106.6543615, 10.9459728]]}}, {"type": "Feature", "properties": {"name": "", "fclass": "residential"}, "geometry": {"type": "LineString", "coordinates": [[106.6567057, 10.9456373], [106.6570269, 10.9456486], [106.6572254, 10.945638]]}}, {"type": "Feature", "properties": {"name": "", "fclass": "residential"}, "geometry": {"type": "LineString", "coordinates": [[106.6563369, 10.9462295], [106.6562994, 10.9459425]]}}, {"type": "Feature", "properties": {"name": "", "fclass": "residential"}, "geometry": {"type": "LineString", "coordinates": [[106.6558899, 10.9468942], [106.6557683, 10.946377], [106.6556101, 10.9457516]]}}, {"type": "Feature", "properties": {"name": "", "fclass": "residential"}, "geometry": {"type": "LineString", "coordinates": [[106.6565235, 10.9469558], [106.6564615, 10.9464785], [106.6564415, 10.946298], [106.6564268, 10.9462401], [106.6563959, 10.9462256], [106.6563369, 10.9462295], [106.656286, 10.9462374], [106.65618, 10.9462532]]}}, {"type": "Feature", "properties": {"name": "Phan Bội Châu", "fclass": "residential"}, "geometry": {"type": "LineString", "coordinates": [[106.6601697, 10.9474299], [106.6600774, 10.9474333], [106.6584388, 10.9472277], [106.6582408, 10.9472007], [106.6571428, 10.9470508], [106.6566123, 10.9469644], [106.6565235, 10.9469558], [106.6558899, 10.9468942], [106.6558532, 10.9468906], [106.6553728, 10.9469012], [106.6534607, 10.9469433], [106.6530101, 10.9470065]]}}, {"type": "Feature", "properties": {"name": "", "fclass": "residential"}, "geometry": {"type": "LineString", "coordinates": [[106.6556583, 10.9476057], [106.6556557, 10.9480275]]}}, {"type": "Feature", "properties": {"name": "", "fclass": "service"}, "geometry": {"type": "LineString", "coordinates": [[106.6571923, 10.9446709], [106.6564403, 10.9448759], [106.6563705, 10.9448653], [106.6563276, 10.9448311], [106.6562927, 10.9448127], [106.6562364, 10.9448074], [106.6561251, 10.9448021], [106.6559977, 10.9448166], [106.6556867, 10.9448508], [106.6555834, 10.9448442], [106.6555472, 10.9448377], [106.6554573, 10.9447692], [106.6554265, 10.944735], [106.6554117, 10.9446718], [106.6554332, 10.9446283], [106.6554498, 10.9441046], [106.6555254, 10.9435196], [106.6555146, 10.9435059], [106.6554845, 10.9434931], [106.6554453, 10.9434976], [106.6554314, 10.9435052], [106.6554206, 10.9435271], [106.6553607, 10.9438536], [106.6553001, 10.9443469], [106.6552843, 10.9447072], [106.6552656, 10.9447668], [106.6552434, 10.9447795], [106.6551967, 10.9447737], [106.6550975, 10.9447451], [106.6549483, 10.9447289], [106.6545119, 10.9447127], [106.6544092, 10.944715], [106.6541908, 10.9447482], [106.6541272, 10.9447909], [106.6540644, 10.944843], [106.6536254, 10.944947], [106.6535342, 10.9449261], [106.6534316, 10.9448775], [106.653375, 10.9448618], [106.6532164, 10.9448442], [106.652802, 10.9448821], [106.6527805, 10.9448788], [106.6527698, 10.9448657], [106.6527631, 10.9448321], [106.6527186, 10.9443658], [106.6526323, 10.9438178]]}}, {"type": "Feature", "properties": {"name": "", "fclass": "residential"}, "geometry": {"type": "LineString", "coordinates": [[106.6553728, 10.9469012], [106.655311, 10.9465087], [106.6553043, 10.9464666], [106.6552922, 10.9464429], [106.6549757, 10.9464903]]}}, {"type": "Feature", "properties": {"name": "", "fclass": "service"}, "geometry": {"type": "LineString", "coordinates": [[106.6534607, 10.9469433], [106.653522, 10.9474146], [106.6533047, 10.9474804]]}}, {"type": "Feature", "properties": {"name": "", "fclass": "service"}, "geometry": {"type": "LineString", "coordinates": [[106.6539881, 10.947761], [106.6539176, 10.9477424], [106.6538599, 10.9477359], [106.6536105, 10.9478438]]}}, {"type": "Feature", "properties": {"name": "", "fclass": "residential"}, "geometry": {"type": "LineString", "coordinates": [[106.6549304, 10.9480339], [106.6556557, 10.9480275], [106.6558481, 10.9480258], [106.6558716, 10.9480584], [106.6558796, 10.9481072], [106.6558563, 10.9485077]]}}, {"type": "Feature", "properties": {"name": "", "fclass": "residential"}, "geometry": {"type": "LineString", "coordinates": [[106.6549803, 10.9488763], [106.6557468, 10.9488625], [106.6558641, 10.9488605]]}}, {"type": "Feature", "properties": {"name": "Đường số 2", "fclass": "residential"}, "geometry": {"type": "LineString", "coordinates": [[106.6536055, 10.9509934], [106.6536195, 10.9509036], [106.6536884, 10.9496431], [106.6536995, 10.9493353]]}}, {"type": "Feature", "properties": {"name": "", "fclass": "residential"}, "geometry": {"type": "LineString", "coordinates": [[106.6543206, 10.950337], [106.6548346, 10.9503685]]}}, {"type": "Feature", "properties": {"name": "Đường số 8", "fclass": "residential"}, "geometry": {"type": "LineString", "coordinates": [[106.6548036, 10.9510355], [106.6548069, 10.9509457], [106.6548346, 10.9503685], [106.6548576, 10.9496888]]}}, {"type": "Feature", "properties": {"name": "", "fclass": "residential"}, "geometry": {"type": "LineString", "coordinates": [[106.6571428, 10.9470508], [106.6571857, 10.9476387], [106.657165, 10.9477414], [106.6572579, 10.9486869]]}}, {"type": "Feature", "properties": {"name": "", "fclass": "residential"}, "geometry": {"type": "LineString", "coordinates": [[106.656367, 10.9476268], [106.6563436, 10.9476634], [106.656331, 10.9477844], [106.6563246, 10.948533], [106.6563308, 10.9487447]]}}, {"type": "Feature", "properties": {"name": "", "fclass": "residential"}, "geometry": {"type": "LineString", "coordinates": [[106.657165, 10.9477414], [106.656367, 10.9476268], [106.6556583, 10.9476057], [106.6549843, 10.9476215], [106.6549556, 10.9476424], [106.6549368, 10.9477069], [106.6549304, 10.9480339], [106.65496, 10.9485116], [106.6549422, 10.948809], [106.6549462, 10.9488471], [106.6549803, 10.9488763]]}}, {"type": "Feature", "properties": {"name": "", "fclass": "residential"}, "geometry": {"type": "LineString", "coordinates": [[106.6539881, 10.947761], [106.6541818, 10.9491684], [106.6542209, 10.9492724], [106.6550126, 10.9492538], [106.6568583, 10.9494214], [106.6572649, 10.9494294], [106.6587528, 10.9494534], [106.6587935, 10.9485912], [106.6588585, 10.9482479], [106.6587284, 10.9479206], [106.6585008, 10.9479127], [106.6573137, 10.9476652], [106.6571857, 10.9476387], [106.6565412, 10.9475055], [106.6544841, 10.9474656], [106.6539881, 10.947761]]}}, {"type": "Feature", "properties": {"name": "", "fclass": "residential"}, "geometry": {"type": "LineString", "coordinates": [[106.65496, 10.9485116], [106.6557549, 10.9485172], [106.6558563, 10.9485077], [106.6563246, 10.948533]]}}, {"type": "Feature", "properties": {"name": "", "fclass": "residential"}, "geometry": {"type": "LineString", "coordinates": [[106.6593333, 10.9486787], [106.6589372, 10.9486145], [106.6587935, 10.9485912], [106.6579284, 10.9486451], [106.6572579, 10.9486869], [106.6563308, 10.9487447]]}}, {"type": "Feature", "properties": {"name": "", "fclass": "residential"}, "geometry": {"type": "LineString", "coordinates": [[106.6557549, 10.9485172], [106.6557468, 10.9488625]]}}, {"type": "Feature", "properties": {"name": "", "fclass": "residential"}, "geometry": {"type": "LineString", "coordinates": [[106.6563308, 10.9487447], [106.6563503, 10.9490841], [106.6563664, 10.9491263], [106.6564033, 10.9491686], [106.657924, 10.9490818], [106.657953, 10.9490196], [106.6579284, 10.9486451]]}}, {"type": "Feature", "properties": {"name": "Đường số 7", "fclass": "residential"}, "geometry": {"type": "LineString", "coordinates": [[106.6536884, 10.9496431], [106.6543464, 10.9496693], [106.6548576, 10.9496888], [106.6554699, 10.9497122], [106.6560814, 10.9497355], [106.6565895, 10.9497549], [106.6571994, 10.9497782], [106.658422, 10.9498249]]}}, {"type": "Feature", "properties": {"name": "Đường số 14", "fclass": "residential"}, "geometry": {"type": "LineString", "coordinates": [[106.6565618, 10.9504377], [106.6565895, 10.9497549]]}}, {"type": "Feature", "properties": {"name": "", "fclass": "service"}, "geometry": {"type": "LineString", "coordinates": [[106.6598459, 10.9483489], [106.65978, 10.9485404], [106.6597456, 10.9486527], [106.6595677, 10.9486733], [106.6593333, 10.9486787]]}}, {"type": "Feature", "properties": {"name": "Lý Tự Trọng", "fclass": "residential"}, "geometry": {"type": "LineString", "coordinates": [[106.6600774, 10.9474333], [106.6596834, 10.9478703], [106.6594688, 10.9482811], [106.6593333, 10.9486787], [106.6593441, 10.9489355], [106.6594937, 10.9493313], [106.659623, 10.9495719], [106.6596824, 10.9496824], [106.6598553, 10.9500042], [106.6599699, 10.9502319]]}}, {"type": "Feature", "properties": {"name": "Hèm 116", "fclass": "residential"}, "geometry": {"type": "LineString", "coordinates": [[106.659623, 10.9495719], [106.6594402, 10.9496121], [106.6591693, 10.9496372], [106.6587764, 10.949678]]}}, {"type": "Feature", "properties": {"name": "Hèm 116", "fclass": "residential"}, "geometry": {"type": "LineString", "coordinates": [[106.6598553, 10.9500042], [106.659573, 10.9501349], [106.6592941, 10.9502455], [106.6588891, 10.9502507], [106.6586691, 10.9501928], [106.6586575, 10.950188], [106.6586482, 10.9501828], [106.6586415, 10.9501745], [106.6586401, 10.9501597], [106.6586425, 10.9501372], [106.6586493, 10.9501079], [106.6587496, 10.9497267], [106.6587529, 10.9497102], [106.6587616, 10.9496872], [106.6587764, 10.949678]]}}, {"type": "Feature", "properties": {"name": "", "fclass": "residential"}, "geometry": {"type": "LineString", "coordinates": [[106.6598615, 10.9504483], [106.6599043, 10.9504074], [106.6599432, 10.9503943], [106.6600022, 10.9503916], [106.6600558, 10.9504022], [106.6601144, 10.9504346]]}}, {"type": "Feature", "properties": {"name": "", "fclass": "residential"}, "geometry": {"type": "LineString", "coordinates": [[106.6591506, 10.9511114], [106.6590895, 10.9511876]]}}, {"type": "Feature", "properties": {"name": "Đường số 13A", "fclass": "residential"}, "geometry": {"type": "LineString", "coordinates": [[106.659513, 10.9518254], [106.6589765, 10.9517991], [106.6582493, 10.9517662], [106.6574588, 10.951728]]}}, {"type": "Feature", "properties": {"name": "Lý Tự Trọng", "fclass": "residential"}, "geometry": {"type": "LineString", "coordinates": [[106.6599699, 10.9502319], [106.6598615, 10.9504483], [106.6595225, 10.9511251], [106.6595131, 10.9512026], [106.6595091, 10.9514003], [106.659513, 10.9518254], [106.6595219, 10.9523668], [106.6595282, 10.9527444], [106.6595526, 10.9534656], [106.6595593, 10.9536623]]}}, {"type": "Feature", "properties": {"name": "", "fclass": "residential"}, "geometry": {"type": "LineString", "coordinates": [[106.6589765, 10.9517991], [106.658936, 10.9526405]]}}, {"type": "Feature", "properties": {"name": "", "fclass": "residential"}, "geometry": {"type": "LineString", "coordinates": [[106.6595219, 10.9523668], [106.6596884, 10.9523824], [106.6597527, 10.9523666], [106.659856, 10.9523271], [106.6599646, 10.9523232]]}}, {"type": "Feature", "properties": {"name": "Đường số 9", "fclass": "residential"}, "geometry": {"type": "LineString", "coordinates": [[106.6542435, 10.9527097], [106.6542865, 10.952111], [106.6543136, 10.9516077], [106.6543143, 10.9510185], [106.6543162, 10.9509261], [106.6543206, 10.950337], [106.6543464, 10.9496693]]}}, {"type": "Feature", "properties": {"name": "Đường số 5", "fclass": "residential"}, "geometry": {"type": "LineString", "coordinates": [[106.6553407, 10.9527468], [106.655374, 10.9527235], [106.655378, 10.9526655], [106.6553905, 10.9521369], [106.6554073, 10.9516647], [106.6554127, 10.9510571], [106.655416, 10.9509673], [106.6554699, 10.9497122]]}}, {"type": "Feature", "properties": {"name": "Đường số 11", "fclass": "residential"}, "geometry": {"type": "LineString", "coordinates": [[106.6542865, 10.952111], [106.6553905, 10.9521369], [106.6559523, 10.9521646], [106.656011, 10.9521204], [106.6560245, 10.9520335], [106.6560395, 10.9516855], [106.6560436, 10.9510795]]}}, {"type": "Feature", "properties": {"name": "Đường số 15", "fclass": "residential"}, "geometry": {"type": "LineString", "coordinates": [[106.6543136, 10.9516077], [106.6554073, 10.9516647]]}}, {"type": "Feature", "properties": {"name": "Đường số 2", "fclass": "residential"}, "geometry": {"type": "LineString", "coordinates": [[106.6535237, 10.9526868], [106.6535531, 10.9518885], [106.6536055, 10.9509934]]}}, {"type": "Feature", "properties": {"name": "Đường số 2", "fclass": "residential"}, "geometry": {"type": "LineString", "coordinates": [[106.6537154, 10.9509969], [106.6536793, 10.951889], [106.6536775, 10.9520256], [106.653653, 10.9526916]]}}, {"type": "Feature", "properties": {"name": "", "fclass": "residential"}, "geometry": {"type": "LineString", "coordinates": [[106.6535531, 10.9518885], [106.6536793, 10.951889]]}}, {"type": "Feature", "properties": {"name": "Đường số 6", "fclass": "residential"}, "geometry": {"type": "LineString", "coordinates": [[106.6535237, 10.9526868], [106.653653, 10.9526916], [106.6542435, 10.9527097], [106.6553407, 10.9527468]]}}, {"type": "Feature", "properties": {"name": "", "fclass": "unclassified"}, "geometry": {"type": "LineString", "coordinates": [[106.6553805, 10.955841], [106.6546968, 10.9557018], [106.6546727, 10.9556841], [106.6546324, 10.9556544], [106.654332, 10.9555885], [106.6536105, 10.9553647], [106.6535005, 10.9553476], [106.6534227, 10.9553002], [106.6532819, 10.9552265], [106.6531129, 10.9551896], [106.6528501, 10.9551264], [106.6527817, 10.9550882], [106.6527709, 10.9550527], [106.6527776, 10.9549855], [106.6528259, 10.9547432], [106.6528957, 10.9546142], [106.6529399, 10.9545365], [106.6529788, 10.9542706], [106.6530418, 10.9538137], [106.6531022, 10.9533291], [106.6531169, 10.9532212], [106.6531357, 10.9531158], [106.6531558, 10.9530842], [106.653188, 10.9530671], [106.6535488, 10.9531329], [106.6536225, 10.9531738], [106.6537406, 10.953237], [106.6538666, 10.9532633], [106.6539498, 10.9532541], [106.6540584, 10.9532488], [106.6542019, 10.9532896], [106.654336, 10.953287], [106.6544124, 10.953283], [106.6545103, 10.9533199], [106.6545291, 10.953341], [106.6544741, 10.953603]]}}, {"type": "Feature", "properties": {"name": "", "fclass": "unclassified"}, "geometry": {"type": "LineString", "coordinates": [[106.6553805, 10.955841], [106.6555457, 10.9551396], [106.6555537, 10.955102], [106.655547, 10.9550882], [106.6555128, 10.9550685], [106.6550676, 10.9549822], [106.6545975, 10.954896], [106.6537902, 10.9547485]]}}, {"type": "Feature", "properties": {"name": "", "fclass": "residential"}, "geometry": {"type": "LineString", "coordinates": [[106.6595282, 10.9527444], [106.6593692, 10.9527906], [106.6591908, 10.9529078], [106.6590781, 10.9530118], [106.6590326, 10.9530144], [106.6590017, 10.9529776], [106.6589615, 10.9529144], [106.6589182, 10.9528548], [106.6588381, 10.9527445], [106.6586991, 10.9526249], [106.658653, 10.9525852], [106.6585699, 10.9525167], [106.6584116, 10.9524838]]}}, {"type": "Feature", "properties": {"name": "", "fclass": "residential"}, "geometry": {"type": "LineString", "coordinates": [[106.6586991, 10.9526249], [106.658531, 10.9527748], [106.6584089, 10.9529499], [106.6584049, 10.9530289], [106.6583781, 10.9531698], [106.6583687, 10.9532686], [106.6583984, 10.9533705], [106.6584156, 10.9534292], [106.6583996, 10.9535951], [106.6584398, 10.9536359], [106.6585417, 10.9536504], [106.6586074, 10.9536767]]}}, {"type": "Feature", "properties": {"name": "", "fclass": "residential"}, "geometry": {"type": "LineString", "coordinates": [[106.6590326, 10.9530144], [106.6591127, 10.9531009], [106.6592606, 10.9532491], [106.6594115, 10.9533813], [106.6595033, 10.9534365], [106.6595526, 10.9534656]]}}, {"type": "Feature", "properties": {"name": "", "fclass": "residential"}, "geometry": {"type": "LineString", "coordinates": [[106.6583984, 10.9533705], [106.6580524, 10.9533548], [106.6579913, 10.9533615], [106.6579488, 10.9533781]]}}, {"type": "Feature", "properties": {"name": "", "fclass": "residential"}, "geometry": {"type": "LineString", "coordinates": [[106.6579488, 10.9533781], [106.6579369, 10.9533948], [106.6579301, 10.9534265], [106.6579624, 10.9535734], [106.6579743, 10.9538487]]}}, {"type": "Feature", "properties": {"name": "", "fclass": "residential"}, "geometry": {"type": "LineString", "coordinates": [[106.6586074, 10.9536767], [106.6586711, 10.9537106], [106.6594724, 10.9537031]]}}, {"type": "Feature", "properties": {"name": "Hẻm 783 Nguyễn Tri Phương", "fclass": "service"}, "geometry": {"type": "LineString", "coordinates": [[106.6591017, 10.9541802], [106.6593123, 10.9543453], [106.6594045, 10.9544083], [106.6594956, 10.9544645], [106.659596, 10.9545298]]}}, {"type": "Feature", "properties": {"name": "", "fclass": "residential"}, "geometry": {"type": "LineString", "coordinates": [[106.6586812, 10.9546821], [106.6586302, 10.9545405], [106.6586159, 10.9544982], [106.6585658, 10.9543509], [106.6585162, 10.9542087], [106.6584881, 10.9541968], [106.6583996, 10.9541902], [106.6578551, 10.9542179]]}}, {"type": "Feature", "properties": {"name": "", "fclass": "residential"}, "geometry": {"type": "LineString", "coordinates": [[106.6586159, 10.9544982], [106.6582333, 10.9545747]]}}, {"type": "Feature", "properties": {"name": "", "fclass": "residential"}, "geometry": {"type": "LineString", "coordinates": [[106.6598637, 10.9549938], [106.659834, 10.9549767], [106.6595657, 10.9548929], [106.6595274, 10.9548741], [106.6593218, 10.9546808]]}}, {"type": "Feature", "properties": {"name": "Đường số 10", "fclass": "residential"}, "geometry": {"type": "LineString", "coordinates": [[106.6560814, 10.9497355], [106.6560666, 10.9504195], [106.6560503, 10.9509824], [106.6560436, 10.9510795]]}}, {"type": "Feature", "properties": {"name": "Đường số 14A", "fclass": "residential"}, "geometry": {"type": "LineString", "coordinates": [[106.6560666, 10.9504195], [106.6565618, 10.9504377], [106.6571825, 10.9504605]]}}, {"type": "Feature", "properties": {"name": "Đường số 4", "fclass": "residential"}, "geometry": {"type": "LineString", "coordinates": [[106.6560395, 10.9516855], [106.6570866, 10.9517111], [106.6571282, 10.9516754], [106.6571576, 10.951119], [106.6571609, 10.9510292], [106.6571825, 10.9504605], [106.6571994, 10.9497782]]}}, {"type": "Feature", "properties": {"name": "Đường số 1", "fclass": "residential"}, "geometry": {"type": "LineString", "coordinates": [[106.6536195, 10.9509036], [106.6543162, 10.9509261], [106.6548069, 10.9509457], [106.655416, 10.9509673], [106.6560243, 10.9509889], [106.6560503, 10.9509824], [106.6571609, 10.9510292], [106.6591506, 10.9511114], [106.6595225, 10.9511251]]}}, {"type": "Feature", "properties": {"name": "Đường số 1", "fclass": "residential"}, "geometry": {"type": "LineString", "coordinates": [[106.6595131, 10.9512026], [106.6590895, 10.9511876], [106.6571576, 10.951119], [106.6560436, 10.9510795], [106.6554127, 10.9510571], [106.6548036, 10.9510355], [106.6543143, 10.9510185], [106.6537154, 10.9509969], [106.6536055, 10.9509934]]}}, {"type": "Feature", "properties": {"name": "", "fclass": "residential"}, "geometry": {"type": "LineString", "coordinates": [[106.6581384, 10.9564023], [106.6574876, 10.9562574], [106.6570477, 10.9561744], [106.6562484, 10.9560178], [106.6554586, 10.9558569], [106.6553805, 10.955841]]}}, {"type": "Feature", "properties": {"name": "", "fclass": "residential"}, "geometry": {"type": "LineString", "coordinates": [[106.6570519, 10.9580959], [106.657792, 10.958157]]}}, {"type": "Feature", "properties": {"name": "", "fclass": "residential"}, "geometry": {"type": "LineString", "coordinates": [[106.6566052, 10.958497], [106.6566119, 10.9578611]]}}, {"type": "Feature", "properties": {"name": "", "fclass": "residential"}, "geometry": {"type": "LineString", "coordinates": [[106.6577396, 10.9584226], [106.6570222, 10.9583877], [106.6570169, 10.9583298], [106.6570519, 10.9580959], [106.6570705, 10.9579717], [106.6570517, 10.9578953], [106.6569981, 10.957869], [106.6566119, 10.9578611], [106.6562739, 10.95779], [106.6562229, 10.9577768], [106.6561881, 10.9577926], [106.6561317, 10.9582587], [106.6561452, 10.9584141], [106.6561881, 10.9585431], [106.6561532, 10.9590171], [106.6560781, 10.9598282]]}}, {"type": "Feature", "properties": {"name": "", "fclass": "residential"}, "geometry": {"type": "LineString", "coordinates": [[106.6575251, 10.9594672], [106.6570008, 10.9594674]]}}, {"type": "Feature", "properties": {"name": "", "fclass": "unclassified"}, "geometry": {"type": "LineString", "coordinates": [[106.6546727, 10.9556841], [106.6546351, 10.9557255], [106.6545989, 10.9557426], [106.653707, 10.9555398], [106.6529439, 10.9553186]]}}, {"type": "Feature", "properties": {"name": "", "fclass": "residential"}, "geometry": {"type": "LineString", "coordinates": [[106.6554586, 10.9558569], [106.6551501, 10.9573292]]}}, {"type": "Feature", "properties": {"name": "Ngô Thị Lan", "fclass": "residential"}, "geometry": {"type": "LineString", "coordinates": [[106.6515881, 10.961341], [106.6512702, 10.9611724], [106.6509376, 10.960971], [106.6508907, 10.9609276], [106.6509001, 10.9608907], [106.6510034, 10.9606155], [106.6513507, 10.9597149], [106.6513856, 10.9596939], [106.6514111, 10.9596873], [106.6514446, 10.9597062], [106.6519954, 10.9599883], [106.6526977, 10.960337], [106.6533243, 10.9606928], [106.6539157, 10.9610354], [106.6544609, 10.9613417], [106.6545978, 10.9614269]]}}, {"type": "Feature", "properties": {"name": "", "fclass": "residential"}, "geometry": {"type": "LineString", "coordinates": [[106.6550589, 10.9620954], [106.6549972, 10.9619901], [106.6549838, 10.9619519], [106.6549826, 10.9619307], [106.6549838, 10.9619084], [106.6550039, 10.9618466], [106.6550575, 10.9617426], [106.655087, 10.9617057], [106.6551058, 10.9616728], [106.6551097, 10.9616616], [106.6551113, 10.9616464], [106.6551085, 10.9616331], [106.6551038, 10.9616201], [106.6549283, 10.9612477]]}}, {"type": "Feature", "properties": {"name": "", "fclass": "residential"}, "geometry": {"type": "LineString", "coordinates": [[106.6535754, 10.9623697], [106.6520799, 10.961602]]}}, {"type": "Feature", "properties": {"name": "Đường Nguyễn Tri Phương", "fclass": "tertiary"}, "geometry": {"type": "LineString", "coordinates": [[106.6595593, 10.9536623], [106.6594724, 10.9537031], [106.6593346, 10.9539072], [106.6591017, 10.9541802], [106.6588144, 10.9545169], [106.6586812, 10.9546821], [106.6586105, 10.9547697], [106.6585109, 10.954917], [106.6584505, 10.9550211], [106.6583798, 10.9552278], [106.6583506, 10.9553698], [106.6582037, 10.9560844], [106.6581384, 10.9564023], [106.6581268, 10.9564613], [106.6580487, 10.9568568], [106.6578745, 10.957739], [106.657792, 10.958157], [106.6577608, 10.9583153], [106.6577396, 10.9584226], [106.6576664, 10.9587934], [106.6575251, 10.9594672], [106.6575145, 10.9595178], [106.6574629, 10.959764], [106.6574246, 10.9598387], [106.6573633, 10.9598889], [106.6571299, 10.9600574], [106.6568391, 10.9602113], [106.6549283, 10.9612477], [106.6545978, 10.9614269], [106.6539643, 10.9617709], [106.653805, 10.9618752], [106.6537165, 10.9619968], [106.6535754, 10.9623697], [106.6531463, 10.9635038], [106.6530621, 10.9637048], [106.6527896, 10.9644101], [106.6526561, 10.9647494], [106.6522817, 10.9657008], [106.6518879, 10.9667014], [106.6518621, 10.9667669], [106.6515514, 10.9675781], [106.6512535, 10.968356], [106.6510338, 10.9689297], [106.6510279, 10.968945], [106.6508214, 10.9694844], [106.6505779, 10.9701319], [106.650552, 10.9701995], [106.6505235, 10.97028], [106.6505011, 10.9703648], [106.650483, 10.9704463], [106.6504765, 10.9705368], [106.6504722, 10.9706148], [106.6504787, 10.970713], [106.6505044, 10.9707881], [106.6505472, 10.9708748], [106.6506117, 10.9709917], [106.6507029, 10.9711372], [106.6508762, 10.9713993], [106.6508899, 10.971417]]}}, {"type": "Feature", "properties": {"name": "", "fclass": "residential"}, "geometry": {"type": "LineString", "coordinates": [[106.6554923, 10.9632396], [106.6552982, 10.96336]]}}, {"type": "Feature", "properties": {"name": "", "fclass": "residential"}, "geometry": {"type": "LineString", "coordinates": [[106.6538885, 10.9642226], [106.6541641, 10.9635863], [106.6542314, 10.96347], [106.6542502, 10.9634397], [106.6542596, 10.963416], [106.6542596, 10.963391], [106.6542515, 10.9633673], [106.6542274, 10.9633199], [106.6541509, 10.9631922]]}}, {"type": "Feature", "properties": {"name": "", "fclass": "residential"}, "geometry": {"type": "LineString", "coordinates": [[106.6527896, 10.9644101], [106.6536616, 10.9650092]]}}, {"type": "Feature", "properties": {"name": "", "fclass": "residential"}, "geometry": {"type": "LineString", "coordinates": [[106.6546636, 10.9649686], [106.6539347, 10.9646047]]}}, {"type": "Feature", "properties": {"name": "", "fclass": "service"}, "geometry": {"type": "LineString", "coordinates": [[106.657615, 10.9609447], [106.6573763, 10.9611158], [106.6570473, 10.9607889], [106.6566495, 10.9611338], [106.6562846, 10.9611448]]}}, {"type": "Feature", "properties": {"name": "", "fclass": "service"}, "geometry": {"type": "LineString", "coordinates": [[106.6573763, 10.9611158], [106.656746, 10.9616794]]}}, {"type": "Feature", "properties": {"name": "", "fclass": "residential"}, "geometry": {"type": "LineString", "coordinates": [[106.6569416, 10.9625127], [106.6568047, 10.962238], [106.6567844, 10.9621762], [106.6567804, 10.9621184]]}}, {"type": "Feature", "properties": {"name": "", "fclass": "residential"}, "geometry": {"type": "LineString", "coordinates": [[106.6563442, 10.9637381], [106.6567946, 10.9634481], [106.6566789, 10.9630938], [106.6565739, 10.9627364], [106.6565728, 10.9627156], [106.6565887, 10.9626916], [106.6566237, 10.9626676], [106.6569416, 10.9625127], [106.6571547, 10.9624089]]}}, {"type": "Feature", "properties": {"name": "", "fclass": "residential"}, "geometry": {"type": "LineString", "coordinates": [[106.6555718, 10.9636402], [106.6555636, 10.963584], [106.6555164, 10.9633496], [106.6555033, 10.9632887], [106.6554923, 10.9632396], [106.6557536, 10.9630783]]}}, {"type": "Feature", "properties": {"name": "", "fclass": "residential"}, "geometry": {"type": "LineString", "coordinates": [[106.6555636, 10.963584], [106.6560513, 10.9633673]]}}, {"type": "Feature", "properties": {"name": "", "fclass": "residential"}, "geometry": {"type": "LineString", "coordinates": [[106.656657, 10.9643779], [106.6573209, 10.9639073]]}}, {"type": "Feature", "properties": {"name": "", "fclass": "residential"}, "geometry": {"type": "LineString", "coordinates": [[106.6572319, 10.9657343], [106.6572234, 10.9656227], [106.6572009, 10.9655306], [106.6571136, 10.9653284], [106.6569761, 10.9650335], [106.656814, 10.964699], [106.656657, 10.9643779], [106.6563442, 10.9637381], [106.6561205, 10.9638663], [106.6559209, 10.9639827], [106.6558188, 10.9640373], [106.6557708, 10.9640594], [106.6557497, 10.9640682], [106.6557257, 10.9640697], [106.6557062, 10.9640638], [106.6556867, 10.964055], [106.6556822, 10.9640343], [106.6556747, 10.9639636], [106.6556584, 10.9638934], [106.6555718, 10.9636402], [106.6553092, 10.9638215], [106.6549918, 10.9641654], [106.6548432, 10.9643519], [106.654787, 10.9644572], [106.6547357, 10.9645967]]}}, {"type": "Feature", "properties": {"name": "", "fclass": "residential"}, "geometry": {"type": "LineString", "coordinates": [[106.6579126, 10.9648186], [106.657901, 10.9648083], [106.6578899, 10.9648014], [106.6578725, 10.9648007], [106.6578606, 10.9648042], [106.657653, 10.9649533], [106.657329, 10.9651735], [106.6571136, 10.9653284]]}}, {"type": "Feature", "properties": {"name": "", "fclass": "residential"}, "geometry": {"type": "LineString", "coordinates": [[106.6531463, 10.9635038], [106.6533707, 10.9637264], [106.6535412, 10.9639235], [106.6536216, 10.9640178], [106.6537233, 10.9641092], [106.6538727, 10.9642124], [106.6538885, 10.9642226], [106.6540011, 10.9642949], [106.6541054, 10.9643518], [106.6547357, 10.9645967], [106.6554076, 10.9648585], [106.6555859, 10.9649279], [106.6556796, 10.9649725], [106.6564148, 10.9653814], [106.6565417, 10.9654407], [106.6569358, 10.9656046], [106.6571098, 10.965677], [106.6572319, 10.9657343], [106.6573735, 10.9658003], [106.6575327, 10.9659028], [106.6575556, 10.9659164], [106.6578459, 10.9660887], [106.6578847, 10.9661185], [106.6579344, 10.9661565], [106.6581379, 10.9663736], [106.6581921, 10.9664193], [106.6584198, 10.9667029]]}}, {"type": "Feature", "properties": {"name": "", "fclass": "residential"}, "geometry": {"type": "LineString", "coordinates": [[106.6586105, 10.9547697], [106.6591036, 10.9552528]]}}, {"type": "Feature", "properties": {"name": "", "fclass": "residential"}, "geometry": {"type": "LineString", "coordinates": [[106.6603346, 10.9552418], [106.660198, 10.9551567], [106.6600974, 10.955108], [106.6599673, 10.9549934]]}}, {"type": "Feature", "properties": {"name": "", "fclass": "residential"}, "geometry": {"type": "LineString", "coordinates": [[106.660738, 10.9546421], [106.6606124, 10.9548512], [106.6605413, 10.9549789], [106.6604689, 10.9551001], [106.660375, 10.9551922], [106.6603346, 10.9552418], [106.6603053, 10.9552778], [106.6602382, 10.9555174], [106.6601978, 10.9556057], [106.6601671, 10.9556728], [106.6601309, 10.9556675], [106.6597349, 10.9554673], [106.6596857, 10.9554424]]}}, {"type": "Feature", "properties": {"name": "", "fclass": "residential"}, "geometry": {"type": "LineString", "coordinates": [[106.6597349, 10.9554673], [106.6598724, 10.9550161], [106.6598637, 10.9549938]]}}, {"type": "Feature", "properties": {"name": "", "fclass": "residential"}, "geometry": {"type": "LineString", "coordinates": [[106.657843, 10.9553384], [106.6583506, 10.9553698]]}}, {"type": "Feature", "properties": {"name": "", "fclass": "residential"}, "geometry": {"type": "LineString", "coordinates": [[106.6582037, 10.9560844], [106.6585672, 10.9560573], [106.6587603, 10.9560309]]}}, {"type": "Feature", "properties": {"name": "", "fclass": "residential"}, "geometry": {"type": "LineString", "coordinates": [[106.6595519, 10.9565408], [106.6596307, 10.9558716]]}}, {"type": "Feature", "properties": {"name": "", "fclass": "residential"}, "geometry": {"type": "LineString", "coordinates": [[106.6593409, 10.9564498], [106.6593149, 10.9565298], [106.6592953, 10.9565902], [106.6592818, 10.9566314], [106.6592503, 10.9566506], [106.6592128, 10.9566536], [106.6591527, 10.9566462], [106.6590957, 10.9566344], [106.6589216, 10.9565961], [106.6587579, 10.9565681], [106.6585598, 10.9565283], [106.6581268, 10.9564613]]}}, {"type": "Feature", "properties": {"name": "", "fclass": "residential"}, "geometry": {"type": "LineString", "coordinates": [[106.6598842, 10.9573331], [106.6598627, 10.9570882], [106.6598635, 10.9570762], [106.6598681, 10.9570645], [106.6598768, 10.9570533], [106.6598942, 10.9570401], [106.6599016, 10.9570329], [106.6599049, 10.9570211], [106.659907, 10.9569835], [106.6598853, 10.9565637]]}}, {"type": "Feature", "properties": {"name": "", "fclass": "residential"}, "geometry": {"type": "LineString", "coordinates": [[106.6580487, 10.9568568], [106.6582416, 10.9568982], [106.6583662, 10.9569218], [106.6585703, 10.9569837], [106.658776, 10.9570426], [106.6590797, 10.9571136]]}}, {"type": "Feature", "properties": {"name": "", "fclass": "residential"}, "geometry": {"type": "LineString", "coordinates": [[106.662637, 10.9558556], [106.6626918, 10.9559065], [106.6627058, 10.9559263], [106.6627152, 10.9559335], [106.66273, 10.9559361], [106.6628165, 10.9559381], [106.6628306, 10.9559361], [106.6628473, 10.9559315], [106.6628715, 10.9559197]]}}, {"type": "Feature", "properties": {"name": "", "fclass": "residential"}, "geometry": {"type": "LineString", "coordinates": [[106.6613068, 10.9563588], [106.6612414, 10.9562271], [106.6609664, 10.9558861]]}}, {"type": "Feature", "properties": {"name": "", "fclass": "residential"}, "geometry": {"type": "LineString", "coordinates": [[106.6624393, 10.9561561], [106.6622615, 10.95621], [106.6621129, 10.9562674], [106.6619478, 10.9563234], [106.6618592, 10.9563529], [106.6617992, 10.9563839], [106.6617406, 10.9564001], [106.6616145, 10.9563942], [106.6614855, 10.9563868], [106.6613834, 10.9563706], [106.6613068, 10.9563588], [106.6611912, 10.9563588], [106.6610832, 10.9563706], [106.6610066, 10.9563794], [106.6609421, 10.9564045], [106.660816, 10.9564561], [106.6606343, 10.9565106], [106.6605443, 10.9565283], [106.6604227, 10.9565415], [106.6603041, 10.9565504], [106.6600174, 10.9565622], [106.6598853, 10.9565637], [106.6597262, 10.9565592], [106.6596421, 10.9565533], [106.6595866, 10.9565489], [106.6595519, 10.9565408], [106.6595235, 10.9565342], [106.6594064, 10.9564855], [106.6593554, 10.956462], [106.6593409, 10.9564498], [106.6593149, 10.9564281], [106.6592743, 10.9563971], [106.6592443, 10.9563676], [106.6592248, 10.9563382], [106.6592023, 10.956291], [106.6591768, 10.9562439], [106.6591422, 10.9561849]]}}, {"type": "Feature", "properties": {"name": "", "fclass": "service"}, "geometry": {"type": "LineString", "coordinates": [[106.6626235, 10.9567339], [106.6622673, 10.9568222]]}}, {"type": "Feature", "properties": {"name": "", "fclass": "residential"}, "geometry": {"type": "LineString", "coordinates": [[106.6626588, 10.9568447], [106.6630304, 10.9567209]]}}, {"type": "Feature", "properties": {"name": "", "fclass": "residential"}, "geometry": {"type": "LineString", "coordinates": [[106.6619393, 10.9574303], [106.6619012, 10.9570935], [106.6618837, 10.9568038]]}}, {"type": "Feature", "properties": {"name": "", "fclass": "residential"}, "geometry": {"type": "LineString", "coordinates": [[106.6627947, 10.9572714], [106.6624296, 10.9573476], [106.662046, 10.9574134], [106.6619393, 10.9574303], [106.6617791, 10.9574556], [106.6615967, 10.9574845], [106.6614734, 10.9574924], [106.6613781, 10.9575372], [106.6613258, 10.9575543], [106.660835, 10.9575675], [106.6606794, 10.9575306], [106.6605748, 10.9574766], [106.6604783, 10.957341]]}}, {"type": "Feature", "properties": {"name": "", "fclass": "service"}, "geometry": {"type": "LineString", "coordinates": [[106.6626251, 10.9577817], [106.6624778, 10.9580586], [106.6624255, 10.9582245]]}}, {"type": "Feature", "properties": {"name": "", "fclass": "service"}, "geometry": {"type": "LineString", "coordinates": [[106.6615451, 10.9590414], [106.6614622, 10.9589845], [106.661046, 10.9586805], [106.6607335, 10.9584791], [106.6604599, 10.9582723]]}}, {"type": "Feature", "properties": {"name": "", "fclass": "residential"}, "geometry": {"type": "LineString", "coordinates": [[106.6612577, 10.959468], [106.6617617, 10.9596346], [106.6617993, 10.9596372], [106.6618274, 10.959628], [106.6618569, 10.9596109], [106.6618824, 10.959578], [106.6621587, 10.9591804]]}}, {"type": "Feature", "properties": {"name": "", "fclass": "service"}, "geometry": {"type": "LineString", "coordinates": [[106.663375, 10.9583562], [106.6635118, 10.9581139], [106.663591, 10.9579901], [106.6637036, 10.9578058], [106.6638163, 10.9576965], [106.6638646, 10.9576444], [106.6639061, 10.9576122], [106.664173, 10.9574239], [106.6642642, 10.9573594], [106.664515, 10.9571935], [106.6645338, 10.9571672], [106.6645432, 10.9571409], [106.6645391, 10.9571198], [106.6643393, 10.9568367]]}}, {"type": "Feature", "properties": {"name": "", "fclass": "residential"}, "geometry": {"type": "LineString", "coordinates": [[106.6641097, 10.9593234], [106.6644667, 10.9590961]]}}, {"type": "Feature", "properties": {"name": "", "fclass": "residential"}, "geometry": {"type": "LineString", "coordinates": [[106.6631213, 10.9598055], [106.6630625, 10.9596491], [106.6630477, 10.9595], [106.6629884, 10.9591582], [106.6628847, 10.9587291]]}}, {"type": "Feature", "properties": {"name": "Ba Mươi Tháng Tư", "fclass": "tertiary"}, "geometry": {"type": "LineString", "coordinates": [[106.6684465, 10.9651865], [106.6681859, 10.9648382], [106.6675342, 10.9639516], [106.6673862, 10.9637502], [106.6671036, 10.9633688], [106.666917, 10.9631128], [106.6668917, 10.9630828], [106.6666727, 10.9627872], [106.6665432, 10.9626116], [106.6664932, 10.9625398], [106.6662903, 10.9622743], [106.665899, 10.9617623], [106.6656885, 10.9614845], [106.6654853, 10.9612049], [106.6652032, 10.9608248], [106.6648984, 10.96041], [106.6647891, 10.9602612], [106.664568, 10.959956], [106.6641097, 10.9593234], [106.6640322, 10.9592185], [106.663375, 10.9583562], [106.6633379, 10.9583076], [106.6631389, 10.9580394], [106.6629476, 10.957637], [106.6627947, 10.9572714], [106.6626588, 10.9568447], [106.6626235, 10.9567339], [106.6624393, 10.9561561], [106.6624075, 10.9561024], [106.6623876, 10.9560776], [106.6623186, 10.9559915], [106.662119, 10.9558008], [106.6619939, 10.955702], [106.6618847, 10.9556096], [106.6608818, 10.9547612], [106.660738, 10.9546421], [106.6596575, 10.9537123], [106.6595593, 10.9536623]]}}, {"type": "Feature", "properties": {"name": "", "fclass": "residential"}, "geometry": {"type": "LineString", "coordinates": [[106.664568, 10.959956], [106.6656187, 10.9592462]]}}, {"type": "Feature", "properties": {"name": "", "fclass": "service"}, "geometry": {"type": "LineString", "coordinates": [[106.6648984, 10.96041], [106.6652593, 10.9602179]]}}, {"type": "Feature", "properties": {"name": "", "fclass": "service"}, "geometry": {"type": "LineString", "coordinates": [[106.6650653, 10.9622545], [106.6643534, 10.9611263]]}}, {"type": "Feature", "properties": {"name": "", "fclass": "residential"}, "geometry": {"type": "LineString", "coordinates": [[106.6646402, 10.9625044], [106.6643318, 10.9620494], [106.6638298, 10.9613086]]}}, {"type": "Feature", "properties": {"name": "", "fclass": "residential"}, "geometry": {"type": "LineString", "coordinates": [[106.6643318, 10.9620494], [106.6637533, 10.962413]]}}, {"type": "Feature", "properties": {"name": "", "fclass": "residential"}, "geometry": {"type": "LineString", "coordinates": [[106.6629487, 10.9629837], [106.6630516, 10.9628366], [106.6631762, 10.9628578], [106.6633495, 10.9629092], [106.6635103, 10.9629943], [106.6636493, 10.9630599], [106.6637053, 10.9630706], [106.6639382, 10.9629341], [106.6642018, 10.962771], [106.6646402, 10.9625044], [106.6647761, 10.9624217], [106.664811, 10.9624015], [106.6650653, 10.9622545], [106.6654966, 10.9620051], [106.665899, 10.9617623]]}}, {"type": "Feature", "properties": {"name": "", "fclass": "residential"}, "geometry": {"type": "LineString", "coordinates": [[106.6622619, 10.9580849], [106.6621989, 10.9581731], [106.6619894, 10.958359], [106.6615451, 10.9590414], [106.6614723, 10.959146], [106.6612577, 10.959468], [106.6612035, 10.9595493], [106.6603993, 10.960756]]}}, {"type": "Feature", "properties": {"name": "", "fclass": "residential"}, "geometry": {"type": "LineString", "coordinates": [[106.6603993, 10.960756], [106.6603214, 10.9606998], [106.6608081, 10.9599896], [106.6608565, 10.959919], [106.6611346, 10.9595039], [106.6613232, 10.9592225], [106.6614486, 10.9590039], [106.6614622, 10.9589845], [106.6618395, 10.9584167], [106.6619387, 10.9582916], [106.6621506, 10.958106], [106.6622619, 10.9580849]]}}, {"type": "Feature", "properties": {"name": "", "fclass": "residential"}, "geometry": {"type": "LineString", "coordinates": [[106.6628529, 10.9602549], [106.6619575, 10.9599493], [106.6619186, 10.9599282], [106.6619025, 10.9599085], [106.6618904, 10.9598795], [106.6618851, 10.9598413], [106.6618703, 10.9597992], [106.6618448, 10.9597742], [106.661822, 10.959761], [106.6615364, 10.9596912]]}}, {"type": "Feature", "properties": {"name": "", "fclass": "residential"}, "geometry": {"type": "LineString", "coordinates": [[106.6619147, 10.9615499], [106.6614962, 10.9613265]]}}, {"type": "Feature", "properties": {"name": "", "fclass": "service"}, "geometry": {"type": "LineString", "coordinates": [[106.6607447, 10.962249], [106.6606808, 10.9620678], [106.6606285, 10.9619716], [106.660375, 10.96194]]}}, {"type": "Feature", "properties": {"name": "", "fclass": "service"}, "geometry": {"type": "LineString", "coordinates": [[106.6614279, 10.9623353], [106.6611756, 10.9622086], [106.6610228, 10.9621639], [106.6607447, 10.962249], [106.6606486, 10.9622784], [106.6604434, 10.9622165], [106.660316, 10.9624193], [106.6599217, 10.9623456]]}}, {"type": "Feature", "properties": {"name": "", "fclass": "residential"}, "geometry": {"type": "LineString", "coordinates": [[106.6621343, 10.9625529], [106.6618878, 10.9624219]]}}, {"type": "Feature", "properties": {"name": "", "fclass": "residential"}, "geometry": {"type": "LineString", "coordinates": [[106.6618981, 10.9629312], [106.6620747, 10.9626132], [106.6621343, 10.9625529], [106.6621849, 10.9625582], [106.6624557, 10.962716], [106.6629053, 10.962966], [106.6629487, 10.9629837], [106.6627614, 10.9632975], [106.6627085, 10.9633861]]}}, {"type": "Feature", "properties": {"name": "", "fclass": "service"}, "geometry": {"type": "LineString", "coordinates": [[106.6611093, 10.9628909], [106.6615283, 10.963096]]}}, {"type": "Feature", "properties": {"name": "", "fclass": "residential"}, "geometry": {"type": "MultiLineString", "coordinates": [[[106.6612768, 10.9626064], [106.6617113, 10.9628234], [106.6618981, 10.9629312]], [[106.6618981, 10.9629312], [106.6620024, 10.9629914], [106.6625412, 10.9632972], [106.6626919, 10.9633749], [106.6627085, 10.9633861], [106.6625194, 10.9637372], [106.662502, 10.9637662], [106.6624538, 10.9637736], [106.6619971, 10.9635155], [106.6617118, 10.9633489], [106.6616829, 10.9633294], [106.6616946, 10.9632856], [106.6618981, 10.9629312]]]}}, {"type": "Feature", "properties": {"name": "", "fclass": "residential"}, "geometry": {"type": "LineString", "coordinates": [[106.6577608, 10.9583153], [106.6583368, 10.9584058], [106.6586825, 10.9584602]]}}, {"type": "Feature", "properties": {"name": "", "fclass": "residential"}, "geometry": {"type": "LineString", "coordinates": [[106.6583368, 10.9584058], [106.6583285, 10.9586405]]}}, {"type": "Feature", "properties": {"name": "", "fclass": "residential"}, "geometry": {"type": "LineString", "coordinates": [[106.6578745, 10.957739], [106.6582158, 10.9578071], [106.6584063, 10.9578255], [106.6585149, 10.9578282], [106.658649, 10.9577768], [106.658767, 10.9577558], [106.6588542, 10.9577571], [106.6590151, 10.9578176], [106.6593933, 10.958052], [106.6596656, 10.9582929], [106.6598976, 10.9586195], [106.6600974, 10.9589763], [106.6601725, 10.959104], [106.66021, 10.9591277], [106.6602382, 10.9591198], [106.6602945, 10.9590619], [106.6603844, 10.9590408], [106.6606003, 10.959129], [106.6607693, 10.9592633], [106.6611346, 10.9595039], [106.6612035, 10.9595493]]}}, {"type": "Feature", "properties": {"name": "", "fclass": "residential"}, "geometry": {"type": "LineString", "coordinates": [[106.6575145, 10.9595178], [106.6584814, 10.9595622]]}}, {"type": "Feature", "properties": {"name": "", "fclass": "residential"}, "geometry": {"type": "LineString", "coordinates": [[106.6574629, 10.959764], [106.6586664, 10.9598756]]}}, {"type": "Feature", "properties": {"name": "", "fclass": "residential"}, "geometry": {"type": "LineString", "coordinates": [[106.6608081, 10.9599896], [106.6603643, 10.9597123], [106.6602999, 10.9597149], [106.6602221, 10.9598308], [106.659911, 10.9603021], [106.6598546, 10.9603364], [106.6597715, 10.9603258], [106.6590393, 10.9598519]]}}, {"type": "Feature", "properties": {"name": "", "fclass": "residential"}, "geometry": {"type": "LineString", "coordinates": [[106.6588451, 10.9621332], [106.6586316, 10.9622903], [106.6580629, 10.9627221]]}}, {"type": "Feature", "properties": {"name": "", "fclass": "service"}, "geometry": {"type": "LineString", "coordinates": [[106.6592221, 10.9624866], [106.6588113, 10.9627695]]}}, {"type": "Feature", "properties": {"name": "", "fclass": "service"}, "geometry": {"type": "LineString", "coordinates": [[106.6588595, 10.9632488], [106.6594197, 10.9626783]]}}, {"type": "Feature", "properties": {"name": "", "fclass": "residential"}, "geometry": {"type": "LineString", "coordinates": [[106.658586, 10.9644166], [106.658477, 10.9644956], [106.6584616, 10.9645137], [106.658449, 10.9645331], [106.6584358, 10.9645499], [106.6584116, 10.9645674], [106.6583744, 10.9645812], [106.6583385, 10.9645891], [106.6583164, 10.964595], [106.6582648, 10.9646154], [106.6580998, 10.964678], [106.6580535, 10.9647036], [106.658012, 10.9647346], [106.6579126, 10.9648186]]}}, {"type": "Feature", "properties": {"name": "Bùi Quốc Khánh", "fclass": "tertiary"}, "geometry": {"type": "LineString", "coordinates": [[106.6578875, 10.9675112], [106.6579044, 10.9674864], [106.6580683, 10.9672321], [106.6584198, 10.9667029], [106.6585498, 10.9665173], [106.6587425, 10.9662638], [106.658957, 10.9658538], [106.6590813, 10.9656438], [106.6592706, 10.9653845], [106.6593042, 10.9653403], [106.6597046, 10.9648466], [106.6601135, 10.9643458], [106.6605163, 10.9638667], [106.6606689, 10.9636848], [106.6608563, 10.9634085], [106.6611093, 10.9628909], [106.6611362, 10.9628358], [106.6612768, 10.9626064], [106.6612998, 10.962566], [106.6614279, 10.9623353], [106.6614497, 10.9622962], [106.6616514, 10.9619583], [106.6619019, 10.9615665], [106.6619147, 10.9615499], [106.6623172, 10.9610275], [106.6626711, 10.9605241], [106.6628401, 10.9602777], [106.6628529, 10.9602549], [106.6630214, 10.9599603], [106.6631213, 10.9598055], [106.6631587, 10.9597476], [106.6632562, 10.9596519], [106.6635342, 10.9594639], [106.6639496, 10.9592618], [106.6640322, 10.9592185]]}}, {"type": "Feature", "properties": {"name": "Lào Cai", "fclass": "tertiary"}, "geometry": {"type": "LineString", "coordinates": [[106.6568391, 10.9602113], [106.6573648, 10.9607049], [106.657615, 10.9609447], [106.6582445, 10.9615479], [106.6588451, 10.9621332], [106.6592221, 10.9624866], [106.6593653, 10.9626308], [106.6594197, 10.9626783], [106.6595503, 10.9627925], [106.6598425, 10.9630354], [106.6599868, 10.9631627], [106.6601824, 10.963306], [106.6603026, 10.9633881], [106.6606689, 10.9636848], [106.6609837, 10.96389], [106.6612453, 10.9640805], [106.6613494, 10.9641456], [106.6615048, 10.9642542], [106.6615869, 10.9642936], [106.6618564, 10.9643788], [106.6619568, 10.9644077], [106.6622483, 10.9644916], [106.6627054, 10.9646207], [106.6629321, 10.9647134], [106.6630666, 10.9647773], [106.6631994, 10.9648511], [106.6633039, 10.9649248], [106.6633905, 10.9649846], [106.6634602, 10.9650396], [106.6635882, 10.9651408], [106.6637358, 10.9652672], [106.6638927, 10.9654093], [106.6639705, 10.9654989], [106.6640322, 10.9656147], [106.6640702, 10.9657184], [106.6640845, 10.9657885], [106.6641124, 10.9659643], [106.6641193, 10.9661413], [106.6641395, 10.9663231], [106.6641448, 10.9664245], [106.6641851, 10.9665206], [106.6642212, 10.9666035], [106.6642763, 10.9666733], [106.6643165, 10.9667247], [106.6644761, 10.9668852], [106.6646049, 10.9670196]]}}, {"type": "Feature", "properties": {"name": "", "fclass": "service"}, "geometry": {"type": "LineString", "coordinates": [[106.6611274, 10.9642586], [106.6611528, 10.9643389], [106.6611756, 10.9643877], [106.6612105, 10.9644403], [106.6612494, 10.964489], [106.6613097, 10.9645193], [106.6613616, 10.9645336]]}}, {"type": "Feature", "properties": {"name": "", "fclass": "residential"}, "geometry": {"type": "LineString", "coordinates": [[106.6619568, 10.9644077], [106.6618931, 10.9650078]]}}, {"type": "Feature", "properties": {"name": "", "fclass": "residential"}, "geometry": {"type": "LineString", "coordinates": [[106.6613133, 10.9647446], [106.6614532, 10.9647826], [106.6616464, 10.9648537]]}}, {"type": "Feature", "properties": {"name": "", "fclass": "residential"}, "geometry": {"type": "LineString", "coordinates": [[106.6599532, 10.9656661], [106.660029, 10.9654778], [106.6602154, 10.9651158], [106.6602878, 10.9649275], [106.6603965, 10.9647774], [106.6607049, 10.9645088], [106.6609557, 10.9643258], [106.6611274, 10.9642586], [106.6611662, 10.9642046], [106.6612453, 10.9640805]]}}, {"type": "Feature", "properties": {"name": "", "fclass": "residential"}, "geometry": {"type": "LineString", "coordinates": [[106.6609286, 10.9667242], [106.6609346, 10.9666946], [106.6609994, 10.9663768], [106.6610631, 10.9661891], [106.6610914, 10.9660779], [106.6610702, 10.9659598], [106.6609852, 10.9658486], [106.6609215, 10.9657513], [106.6609273, 10.965677], [106.6609286, 10.965661], [106.6610631, 10.9653969], [106.6611409, 10.9652996], [106.6612075, 10.9652201], [106.6612389, 10.9650677], [106.6612824, 10.964881], [106.6613133, 10.9647446], [106.6613616, 10.9645336], [106.6613673, 10.9645091], [106.6615048, 10.9642542]]}}, {"type": "Feature", "properties": {"name": "", "fclass": "service"}, "geometry": {"type": "LineString", "coordinates": [[106.6628174, 10.9656863], [106.6620541, 10.9655846], [106.6617214, 10.9656123], [106.6612684, 10.9656332], [106.6611121, 10.9656579], [106.6610489, 10.9656679], [106.6609286, 10.965661]]}}, {"type": "Feature", "properties": {"name": "", "fclass": "service"}, "geometry": {"type": "LineString", "coordinates": [[106.6614382, 10.9662169], [106.6614028, 10.9660571], [106.6613108, 10.9659112], [106.6611121, 10.9656579]]}}, {"type": "Feature", "properties": {"name": "", "fclass": "service"}, "geometry": {"type": "LineString", "coordinates": [[106.6605301, 10.9662941], [106.6605386, 10.9662178], [106.6605628, 10.9660663], [106.6606097, 10.9659663], [106.6606472, 10.9658531], [106.6608685, 10.965699], [106.6609273, 10.965677]]}}, {"type": "Feature", "properties": {"name": "", "fclass": "residential"}, "geometry": {"type": "LineString", "coordinates": [[106.664811, 10.9624015], [106.6655176, 10.963532]]}}, {"type": "Feature", "properties": {"name": "", "fclass": "residential"}, "geometry": {"type": "LineString", "coordinates": [[106.6642186, 10.9640322], [106.6642481, 10.963678], [106.6642427, 10.9636556], [106.6642307, 10.9636411], [106.6642146, 10.9636345], [106.6641133, 10.9635977], [106.6640999, 10.9635878], [106.6640892, 10.9635733], [106.6640791, 10.9635556], [106.6639222, 10.9633172], [106.6639008, 10.9632949], [106.6638672, 10.9632712], [106.6637211, 10.9631816], [106.6636889, 10.963154], [106.6636741, 10.963129], [106.6636493, 10.9630599]]}}, {"type": "Feature", "properties": {"name": "", "fclass": "residential"}, "geometry": {"type": "LineString", "coordinates": [[106.6653058, 10.9637002], [106.6652352, 10.9636491], [106.6652177, 10.9636319], [106.6651145, 10.9635279], [106.6650863, 10.9635161], [106.6650528, 10.96352], [106.664924, 10.9635411]]}}, {"type": "Feature", "properties": {"name": "Đường D5", "fclass": "residential"}, "geometry": {"type": "LineString", "coordinates": [[106.6646437, 10.9635332], [106.6646437, 10.9636859], [106.6646424, 10.963728], [106.6646571, 10.9637609], [106.6646759, 10.9637741], [106.6647094, 10.9637886], [106.6647537, 10.9637978], [106.6653047, 10.9638272], [106.6661654, 10.9638133], [106.6661955, 10.9638259]]}}, {"type": "Feature", "properties": {"name": "", "fclass": "residential"}, "geometry": {"type": "LineString", "coordinates": [[106.6635167, 10.9637049], [106.663579, 10.9637064], [106.6636728, 10.9637275], [106.6637157, 10.9637564], [106.6637479, 10.9637893], [106.6637712, 10.963824], [106.6637928, 10.9638548], [106.6638218, 10.9638807], [106.6638452, 10.963903], [106.6638843, 10.963933]]}}, {"type": "Feature", "properties": {"name": "", "fclass": "residential"}, "geometry": {"type": "LineString", "coordinates": [[106.6647537, 10.9637978], [106.6647354, 10.9638307], [106.6646673, 10.9639532]]}}, {"type": "Feature", "properties": {"name": "Hẻm 996/40/15 Cách Mạng Tháng 8", "fclass": "service"}, "geometry": {"type": "LineString", "coordinates": [[106.6646206, 10.9643615], [106.6646192, 10.9640491]]}}, {"type": "Feature", "properties": {"name": "Hẻm 996/40 Đường Cách Mạng Tháng 8", "fclass": "residential"}, "geometry": {"type": "LineString", "coordinates": [[106.6653071, 10.9643402], [106.6646206, 10.9643615], [106.6643665, 10.9643694]]}}, {"type": "Feature", "properties": {"name": "", "fclass": "residential"}, "geometry": {"type": "LineString", "coordinates": [[106.6627614, 10.9632975], [106.6634676, 10.9636359], [106.6634864, 10.9636464], [106.6635011, 10.9636576], [106.6635105, 10.9636747], [106.6635167, 10.9637049], [106.6635548, 10.9638913], [106.6635695, 10.9639361], [106.6635923, 10.9639742], [106.6636191, 10.9640006], [106.6636513, 10.9640322], [106.6636902, 10.9640664], [106.6637083, 10.9640783], [106.6637707, 10.9640973], [106.6637854, 10.9641059], [106.6637955, 10.9641178], [106.6638002, 10.9641349], [106.6638076, 10.9641581], [106.6638236, 10.9641782], [106.6638427, 10.964196], [106.6638576, 10.9642242], [106.6638686, 10.9642673], [106.6638713, 10.9643173], [106.6638767, 10.9643437], [106.6638981, 10.9643884], [106.6639303, 10.9644174], [106.6639866, 10.9644464], [106.6640376, 10.9644674], [106.6641073, 10.9645227], [106.6641288, 10.9645807], [106.6641664, 10.9646544], [106.6641704, 10.9646905], [106.6641341, 10.9647708], [106.6640711, 10.9649709], [106.6640576, 10.9651697], [106.6640689, 10.965307], [106.6640791, 10.9653712], [106.6640979, 10.9655265], [106.6640702, 10.9657184]]}}, {"type": "Feature", "properties": {"name": "", "fclass": "residential"}, "geometry": {"type": "LineString", "coordinates": [[106.6633905, 10.9649846], [106.6635521, 10.9646734], [106.6635962, 10.9646012], [106.6636287, 10.9645613], [106.663645, 10.9645174], [106.6636572, 10.9644516], [106.6636674, 10.9643039], [106.6636674, 10.964238], [106.6636816, 10.9641662]]}}, {"type": "Feature", "properties": {"name": "", "fclass": "service"}, "geometry": {"type": "LineString", "coordinates": [[106.6662903, 10.9622743], [106.6652298, 10.9628959]]}}, {"type": "Feature", "properties": {"name": "", "fclass": "service"}, "geometry": {"type": "LineString", "coordinates": [[106.6678497, 10.9629057], [106.6676402, 10.9626545], [106.6676032, 10.9626424]]}}, {"type": "Feature", "properties": {"name": "", "fclass": "service"}, "geometry": {"type": "LineString", "coordinates": [[106.6676032, 10.9626424], [106.6675539, 10.9626606], [106.666917, 10.9631128]]}}, {"type": "Feature", "properties": {"name": "", "fclass": "residential"}, "geometry": {"type": "LineString", "coordinates": [[106.6668917, 10.9630828], [106.6665615, 10.9633265]]}}, {"type": "Feature", "properties": {"name": "", "fclass": "residential"}, "geometry": {"type": "LineString", "coordinates": [[106.6671036, 10.9633688], [106.6674668, 10.9630908]]}}, {"type": "Feature", "properties": {"name": "", "fclass": "service"}, "geometry": {"type": "LineString", "coordinates": [[106.6675342, 10.9639516], [106.6671556, 10.9642257]]}}, {"type": "Feature", "properties": {"name": "Đường D4", "fclass": "residential"}, "geometry": {"type": "LineString", "coordinates": [[106.6662264, 10.9642567], [106.665306, 10.9642655]]}}, {"type": "Feature", "properties": {"name": "Đường D7", "fclass": "residential"}, "geometry": {"type": "LineString", "coordinates": [[106.6661955, 10.9638259], [106.6662162, 10.9638464], [106.6662253, 10.9639161], [106.6662265, 10.9641969], [106.6662264, 10.9642567], [106.6662253, 10.9647194], [106.6662253, 10.9647472], [106.6662291, 10.9651333], [106.666201, 10.9651772]]}}, {"type": "Feature", "properties": {"name": "Đường D1", "fclass": "residential"}, "geometry": {"type": "LineString", "coordinates": [[106.6653483, 10.9665542], [106.6653338, 10.9658262], [106.6653277, 10.965201], [106.6653262, 10.9650515], [106.6653172, 10.9647389], [106.6653083, 10.9644272], [106.6653071, 10.9643402], [106.665306, 10.9642655], [106.6653006, 10.9639007], [106.6653047, 10.9638272], [106.6653058, 10.9637002], [106.6653849, 10.9636162], [106.6655176, 10.963532], [106.6660131, 10.9632176], [106.6666286, 10.9628114], [106.6666727, 10.9627872]]}}, {"type": "Feature", "properties": {"name": "", "fclass": "residential"}, "geometry": {"type": "LineString", "coordinates": [[106.6673862, 10.9637502], [106.6672305, 10.9638751], [106.667142, 10.9639442], [106.667077, 10.9640151], [106.6670228, 10.9642562], [106.6668892, 10.9647349], [106.6668368, 10.9650593], [106.6669524, 10.9652915], [106.6671574, 10.9656862]]}}, {"type": "Feature", "properties": {"name": "Đường D3", "fclass": "residential"}, "geometry": {"type": "LineString", "coordinates": [[106.6662253, 10.9647194], [106.6657302, 10.9647265], [106.6653172, 10.9647389]]}}, {"type": "Feature", "properties": {"name": "", "fclass": "residential"}, "geometry": {"type": "LineString", "coordinates": [[106.6677242, 10.9651763], [106.6672495, 10.9645522]]}}, {"type": "Feature", "properties": {"name": "Đường D2", "fclass": "residential"}, "geometry": {"type": "LineString", "coordinates": [[106.666201, 10.9651772], [106.6661103, 10.965191], [106.6659584, 10.9651897], [106.6658703, 10.9651913], [106.6653277, 10.965201]]}}, {"type": "Feature", "properties": {"name": "", "fclass": "service"}, "geometry": {"type": "LineString", "coordinates": [[106.6676848, 10.9654985], [106.6675311, 10.9652026], [106.6673192, 10.9652553]]}}, {"type": "Feature", "properties": {"name": "", "fclass": "residential"}, "geometry": {"type": "LineString", "coordinates": [[106.6658704, 10.9656239], [106.6658704, 10.9655279], [106.6658703, 10.9651913]]}}, {"type": "Feature", "properties": {"name": "Cách Mạng Tháng Tám", "fclass": "secondary"}, "geometry": {"type": "LineString", "coordinates": [[106.6668028, 10.9658587], [106.6669052, 10.96578], [106.6671574, 10.9656862], [106.6674173, 10.9655937], [106.6676357, 10.965516], [106.6676848, 10.9654985], [106.667845, 10.9654365], [106.6680336, 10.9653702], [106.6684157, 10.965226]]}}, {"type": "Feature", "properties": {"name": "Cách Mạng Tháng Tám", "fclass": "secondary"}, "geometry": {"type": "LineString", "coordinates": [[106.6684431, 10.9653168], [106.6680556, 10.9654547], [106.667856, 10.9655258], [106.6676624, 10.9655947], [106.6674433, 10.9656726], [106.6672709, 10.965734], [106.6671926, 10.9657644], [106.6669524, 10.9658497], [106.6668028, 10.9658587]]}}, {"type": "Feature", "properties": {"name": "", "fclass": "residential"}, "geometry": {"type": "LineString", "coordinates": [[106.6665731, 10.9659679], [106.6663349, 10.9654884], [106.6663147, 10.9654607], [106.6662946, 10.9654462], [106.6662692, 10.9654475], [106.6661149, 10.9655015], [106.6660626, 10.9655107], [106.6659776, 10.965526]]}}, {"type": "Feature", "properties": {"name": "", "fclass": "service"}, "geometry": {"type": "LineString", "coordinates": [[106.6681896, 10.9660675], [106.6682413, 10.9661982], [106.6683592, 10.9664657], [106.6680971, 10.9665785], [106.6680676, 10.9665746], [106.6680448, 10.966539], [106.667938, 10.9663097], [106.6677107, 10.9657204], [106.6676624, 10.9655947]]}}, {"type": "Feature", "properties": {"name": "", "fclass": "service"}, "geometry": {"type": "LineString", "coordinates": [[106.667938, 10.9663097], [106.6682413, 10.9661982]]}}, {"type": "Feature", "properties": {"name": "", "fclass": "residential"}, "geometry": {"type": "LineString", "coordinates": [[106.6575327, 10.9659028], [106.6577392, 10.9656412], [106.6579388, 10.9654099], [106.6580471, 10.9652827], [106.6581617, 10.965166], [106.6582063, 10.9651348], [106.6582593, 10.9651098], [106.6583273, 10.9650879], [106.6583963, 10.9650806], [106.6584568, 10.9650764], [106.6585152, 10.9650733], [106.6585459, 10.9650649], [106.6591043, 10.9646815], [106.6592422, 10.9645908], [106.6592613, 10.9645773], [106.6592751, 10.9645502], [106.6592826, 10.9645377], [106.6594312, 10.9644178], [106.6594864, 10.9643657], [106.6595256, 10.9643178], [106.6598526, 10.9639197], [106.6603026, 10.9633881]]}}, {"type": "Feature", "properties": {"name": "", "fclass": "residential"}, "geometry": {"type": "LineString", "coordinates": [[106.6581617, 10.965166], [106.6579343, 10.9648513], [106.6579126, 10.9648186]]}}, {"type": "Feature", "properties": {"name": "", "fclass": "residential"}, "geometry": {"type": "LineString", "coordinates": [[106.6590006, 10.9652944], [106.6590788, 10.9653886], [106.6591787, 10.9653875], [106.6592706, 10.9653845]]}}, {"type": "Feature", "properties": {"name": "", "fclass": "residential"}, "geometry": {"type": "LineString", "coordinates": [[106.6578847, 10.9661185], [106.6580194, 10.966027], [106.6582173, 10.9657775], [106.6582564, 10.9657391], [106.6583126, 10.9657175], [106.6588049, 10.9654461], [106.6588766, 10.9654079]]}}, {"type": "Feature", "properties": {"name": "", "fclass": "residential"}, "geometry": {"type": "LineString", "coordinates": [[106.6605301, 10.9662941], [106.6604367, 10.966306], [106.6604182, 10.966303], [106.6604092, 10.9662903], [106.6604065, 10.9662751], [106.6604045, 10.9661394], [106.6603851, 10.9660104], [106.6603663, 10.9658972], [106.6603374, 10.9658307], [106.6603185, 10.9658037], [106.6602939, 10.965782], [106.6601839, 10.9657332], [106.6600679, 10.9656977], [106.6599532, 10.9656661], [106.6597319, 10.9657445], [106.6593927, 10.965888], [106.6591533, 10.9660097], [106.6591244, 10.9660262], [106.6591073, 10.9660303], [106.6590932, 10.9660308], [106.6589957, 10.9660183]]}}, {"type": "Feature", "properties": {"name": "", "fclass": "residential"}, "geometry": {"type": "LineString", "coordinates": [[106.6585498, 10.9665173], [106.6588075, 10.9665918], [106.6588833, 10.9666317], [106.6589627, 10.9666952], [106.6590144, 10.9667152], [106.6590554, 10.9667089], [106.6590889, 10.9666917]]}}, {"type": "Feature", "properties": {"name": "", "fclass": "residential"}, "geometry": {"type": "LineString", "coordinates": [[106.6590622, 10.9672537], [106.6590862, 10.966855], [106.6590889, 10.9666917], [106.6591559, 10.9666575], [106.6592632, 10.9665838], [106.6594081, 10.9665061], [106.6594872, 10.9665193], [106.6596495, 10.9665746], [106.6597085, 10.9665969], [106.6597742, 10.966647], [106.6598962, 10.966647], [106.6600706, 10.9666141], [106.6601446, 10.9666042], [106.6601819, 10.9664942]]}}, {"type": "Feature", "properties": {"name": "", "fclass": "residential"}, "geometry": {"type": "LineString", "coordinates": [[106.6579044, 10.9674864], [106.6580294, 10.9674778], [106.6582051, 10.9673974], [106.6584814, 10.9673079], [106.6587549, 10.9672618], [106.6590622, 10.9672537], [106.659105, 10.9672526], [106.6596723, 10.9672395], [106.6602369, 10.9672829], [106.6606458, 10.9673124], [106.6606928, 10.9673158], [106.6610496, 10.9673198], [106.6619897, 10.967171], [106.6620634, 10.9671617], [106.6621077, 10.9672263], [106.6620044, 10.9672636]]}}, {"type": "Feature", "properties": {"name": "", "fclass": "residential"}, "geometry": {"type": "LineString", "coordinates": [[106.6577651, 10.9676885], [106.6578731, 10.9676602], [106.657966, 10.9676408], [106.6580474, 10.9676143], [106.6581961, 10.9675538], [106.6583889, 10.9674804], [106.6584705, 10.9674527], [106.6585396, 10.9674426], [106.658621, 10.9674287], [106.6587024, 10.9674026], [106.6587661, 10.967387], [106.6589837, 10.9673887], [106.6592686, 10.967387], [106.6595828, 10.9673741], [106.6597672, 10.9673822], [106.6600331, 10.9673939], [106.6605232, 10.9674318], [106.6606768, 10.9674393], [106.6608719, 10.9674269], [106.6612152, 10.9674148], [106.6620044, 10.9672636]]}}, {"type": "Feature", "properties": {"name": "", "fclass": "residential"}, "geometry": {"type": "LineString", "coordinates": [[106.6587024, 10.9674026], [106.6587268, 10.9676318], [106.6587912, 10.9680031]]}}, {"type": "Feature", "properties": {"name": "", "fclass": "residential"}, "geometry": {"type": "LineString", "coordinates": [[106.6647624, 10.9652002], [106.6647577, 10.9649183]]}}, {"type": "Feature", "properties": {"name": "", "fclass": "residential"}, "geometry": {"type": "LineString", "coordinates": [[106.6634602, 10.9650396], [106.6633174, 10.9651961]]}}, {"type": "Feature", "properties": {"name": "", "fclass": "residential"}, "geometry": {"type": "LineString", "coordinates": [[106.6640689, 10.965307], [106.6639417, 10.9651467], [106.6639283, 10.9651269], [106.6639202, 10.9651151], [106.6638042, 10.9649439]]}}, {"type": "Feature", "properties": {"name": "Đường D2", "fclass": "residential"}, "geometry": {"type": "LineString", "coordinates": [[106.6647624, 10.9652002], [106.6648571, 10.9652023], [106.6653277, 10.965201]]}}, {"type": "Feature", "properties": {"name": "", "fclass": "residential"}, "geometry": {"type": "LineString", "coordinates": [[106.6647438, 10.9657444], [106.6647568, 10.9656659], [106.6647579, 10.9652735], [106.6647624, 10.9652002]]}}, {"type": "Feature", "properties": {"name": "", "fclass": "residential"}, "geometry": {"type": "LineString", "coordinates": [[106.6641124, 10.9659643], [106.6639935, 10.9659112], [106.6637316, 10.9659042], [106.6635334, 10.9659529], [106.6633565, 10.9660432], [106.663137, 10.9661474], [106.6630739, 10.9661681], [106.6630096, 10.9661891], [106.6628964, 10.9663003], [106.6628106, 10.966358], [106.6627001, 10.9663897], [106.6624575, 10.9663976], [106.6622806, 10.9664323], [106.6620328, 10.9664949], [106.6619917, 10.9664896], [106.6619408, 10.9664323], [106.6618346, 10.9664254]]}}, {"type": "Feature", "properties": {"name": "", "fclass": "residential"}, "geometry": {"type": "LineString", "coordinates": [[106.6635307, 10.9670671], [106.6635454, 10.9668932], [106.6636392, 10.9668563], [106.6637573, 10.9668563], [106.6638753, 10.9669037]]}}, {"type": "Feature", "properties": {"name": "", "fclass": "service"}, "geometry": {"type": "LineString", "coordinates": [[106.6658844, 10.9670698], [106.6658313, 10.9670525], [106.6657562, 10.9670551], [106.6656978, 10.9670683], [106.6656556, 10.9670847], [106.6655932, 10.9670874], [106.6653216, 10.967075]]}}, {"type": "Feature", "properties": {"name": "Hẻm 1035 Đường Cách Mạng Tháng 8", "fclass": "service"}, "geometry": {"type": "LineString", "coordinates": [[106.6649909, 10.9667645], [106.6650615, 10.9668537], [106.6650943, 10.9669004], [106.6651145, 10.9669268], [106.6651306, 10.9669366], [106.6651601, 10.9669432], [106.6652466, 10.9669379], [106.6652767, 10.9669478], [106.6652875, 10.9669551], [106.6653203, 10.9670196], [106.6653216, 10.967075], [106.6653217, 10.9670795], [106.6653223, 10.9672829], [106.6653398, 10.9673145], [106.6653988, 10.9673698], [106.6654819, 10.9674343]]}}, {"type": "Feature", "properties": {"name": "", "fclass": "residential"}, "geometry": {"type": "LineString", "coordinates": [[106.6640027, 10.9675818], [106.6636071, 10.9671038], [106.6635307, 10.9670671], [106.663481, 10.9670433], [106.6631377, 10.9670354]]}}, {"type": "Feature", "properties": {"name": "", "fclass": "residential"}, "geometry": {"type": "LineString", "coordinates": [[106.6621835, 10.9660492], [106.6623954, 10.9660242], [106.6624363, 10.9660249], [106.6624745, 10.9660354], [106.6625013, 10.9660571], [106.6625456, 10.9661151], [106.6627001, 10.9663897]]}}, {"type": "Feature", "properties": {"name": "", "fclass": "service"}, "geometry": {"type": "LineString", "coordinates": [[106.6619917, 10.9664896], [106.6620058, 10.9666516], [106.6620239, 10.9666977], [106.6620541, 10.9667181], [106.6621466, 10.96672], [106.6624235, 10.9666819], [106.6625644, 10.9666588], [106.6626113, 10.9666246], [106.6626582, 10.9666068], [106.6627675, 10.9666088], [106.6628835, 10.9666174], [106.6629285, 10.9666147], [106.6629409, 10.9666131], [106.6629556, 10.9665996], [106.6629714, 10.966567], [106.6629928, 10.9663744], [106.6630116, 10.9662829], [106.6630659, 10.9661835], [106.6630739, 10.9661681]]}}, {"type": "Feature", "properties": {"name": "", "fclass": "residential"}, "geometry": {"type": "LineString", "coordinates": [[106.6612497, 10.9667585], [106.6613917, 10.9664695], [106.66144, 10.9663302], [106.6614545, 10.9662716], [106.6614529, 10.9662431], [106.6614382, 10.9662169]]}}, {"type": "Feature", "properties": {"name": "", "fclass": "residential"}, "geometry": {"type": "LineString", "coordinates": [[106.6601446, 10.9666042], [106.6601393, 10.9666898], [106.6601448, 10.9667131], [106.6601539, 10.9667224], [106.6601896, 10.9667378], [106.660295, 10.9667482], [106.6603361, 10.9667595], [106.6603782, 10.9667691], [106.6603988, 10.9667689], [106.6604491, 10.9667536], [106.6605089, 10.9667341]]}}, {"type": "Feature", "properties": {"name": "", "fclass": "residential"}, "geometry": {"type": "LineString", "coordinates": [[106.6605123, 10.9666809], [106.6605989, 10.9666583], [106.6607135, 10.966647], [106.6608264, 10.9666518], [106.6609346, 10.9666946], [106.6610425, 10.9667466], [106.6611047, 10.9667595], [106.6612497, 10.9667585]]}}, {"type": "Feature", "properties": {"name": "", "fclass": "residential"}, "geometry": {"type": "LineString", "coordinates": [[106.6606488, 10.9673201], [106.6606458, 10.9673124], [106.6605628, 10.9669906], [106.6605078, 10.9667523], [106.6605089, 10.9667341], [106.6605123, 10.9666809], [106.6605265, 10.9664534], [106.6605301, 10.9662941]]}}, {"type": "Feature", "properties": {"name": "", "fclass": "residential"}, "geometry": {"type": "LineString", "coordinates": [[106.6606785, 10.9674158], [106.6606488, 10.9673201]]}}, {"type": "Feature", "properties": {"name": "Hẻm 864 Cách Mạng Tháng 8", "fclass": "service"}, "geometry": {"type": "LineString", "coordinates": [[106.6607503, 10.9678711], [106.6607597, 10.9678609], [106.6607617, 10.9678421], [106.6607545, 10.9678003], [106.6607351, 10.9676887], [106.6606808, 10.9674814], [106.6606768, 10.9674393], [106.6606785, 10.9674158]]}}, {"type": "Feature", "properties": {"name": "", "fclass": "residential"}, "geometry": {"type": "LineString", "coordinates": [[106.6622267, 10.968622], [106.6621841, 10.9683573], [106.6621721, 10.9683296], [106.6621372, 10.9683138], [106.6619937, 10.968248], [106.6619334, 10.9682427], [106.6618945, 10.9682427], [106.661869, 10.9682453], [106.6618475, 10.9682401], [106.661806, 10.9681045], [106.6616853, 10.9676595], [106.6616504, 10.9675699]]}}, {"type": "Feature", "properties": {"name": "Hẻm 864 Cách Mạng Tháng 8", "fclass": "service"}, "geometry": {"type": "LineString", "coordinates": [[106.6609478, 10.9685654], [106.660763, 10.9679922], [106.6607503, 10.9678711]]}}, {"type": "Feature", "properties": {"name": "", "fclass": "residential"}, "geometry": {"type": "LineString", "coordinates": [[106.6674173, 10.9661569], [106.6663714, 10.9665671]]}}, {"type": "Feature", "properties": {"name": "", "fclass": "residential"}, "geometry": {"type": "LineString", "coordinates": [[106.6679957, 10.9679304], [106.6677767, 10.9671327], [106.6677231, 10.9668636], [106.6674173, 10.9661569], [106.6672709, 10.965734]]}}, {"type": "Feature", "properties": {"name": "", "fclass": "residential"}, "geometry": {"type": "LineString", "coordinates": [[106.6662481, 10.9671253], [106.6669506, 10.9671344], [106.6673691, 10.9671335], [106.6677767, 10.9671327], [106.6680289, 10.9671322]]}}, {"type": "Feature", "properties": {"name": "", "fclass": "residential"}, "geometry": {"type": "LineString", "coordinates": [[106.6675837, 10.9680222], [106.6673691, 10.9671335]]}}, {"type": "Feature", "properties": {"name": "", "fclass": "residential"}, "geometry": {"type": "LineString", "coordinates": [[106.6655854, 10.9692164], [106.6657082, 10.9689171], [106.6657396, 10.9688438], [106.6659605, 10.9683434], [106.6660628, 10.9680709], [106.6661191, 10.967871], [106.6662398, 10.9671902], [106.6662481, 10.9671253], [106.6663714, 10.9665671], [106.6661991, 10.9661456]]}}, {"type": "Feature", "properties": {"name": "Đường Số 14", "fclass": "residential"}, "geometry": {"type": "LineString", "coordinates": [[106.6661191, 10.967871], [106.6667575, 10.9679906], [106.6675837, 10.9680222], [106.6679957, 10.9679304], [106.668222, 10.96788]]}}, {"type": "Feature", "properties": {"name": "Đường Số 5", "fclass": "residential"}, "geometry": {"type": "LineString", "coordinates": [[106.6661034, 10.9691833], [106.6661782, 10.9691018], [106.666499, 10.9685842], [106.6665698, 10.9684699], [106.6666556, 10.9683066], [106.6667575, 10.9679906], [106.6669506, 10.9671344]]}}, {"type": "Feature", "properties": {"name": "Đường Số 4", "fclass": "residential"}, "geometry": {"type": "LineString", "coordinates": [[106.6659605, 10.9683434], [106.666499, 10.9685842]]}}, {"type": "Feature", "properties": {"name": "", "fclass": "residential"}, "geometry": {"type": "LineString", "coordinates": [[106.666862, 10.9688375], [106.6670966, 10.9684955]]}}, {"type": "Feature", "properties": {"name": "", "fclass": "residential"}, "geometry": {"type": "LineString", "coordinates": [[106.6664582, 10.969504], [106.6661927, 10.969246], [106.6661034, 10.9691833], [106.6657082, 10.9689171], [106.6654739, 10.9687048], [106.6654062, 10.9686165], [106.6652861, 10.9684599], [106.6651589, 10.9683267], [106.6650794, 10.9682435], [106.6648919, 10.9680541]]}}, {"type": "Feature", "properties": {"name": "", "fclass": "residential"}, "geometry": {"type": "LineString", "coordinates": [[106.6643702, 10.9672322], [106.6645874, 10.9674119], [106.6647792, 10.9675192], [106.6649468, 10.967616]]}}, {"type": "Feature", "properties": {"name": "", "fclass": "residential"}, "geometry": {"type": "LineString", "coordinates": [[106.6642021, 10.9673933], [106.6644054, 10.9676057], [106.6646733, 10.9678467]]}}, {"type": "Feature", "properties": {"name": "", "fclass": "service"}, "geometry": {"type": "LineString", "coordinates": [[106.6646733, 10.9678467], [106.6648005, 10.9679705]]}}, {"type": "Feature", "properties": {"name": "", "fclass": "residential"}, "geometry": {"type": "LineString", "coordinates": [[106.6650794, 10.9682435], [106.6654283, 10.9675805]]}}, {"type": "Feature", "properties": {"name": "Cách Mạng Tháng Tám", "fclass": "secondary"}, "geometry": {"type": "LineString", "coordinates": [[106.6668028, 10.9658587], [106.6665731, 10.9659679], [106.6661991, 10.9661456], [106.6660013, 10.9662415], [106.6653483, 10.9665542], [106.6649909, 10.9667645], [106.6646342, 10.9669939], [106.6646049, 10.9670196], [106.6643702, 10.9672322], [106.6642021, 10.9673933], [106.6641276, 10.9674647], [106.6640027, 10.9675818], [106.6638784, 10.9676983], [106.6634407, 10.9680965], [106.6633664, 10.9681668], [106.6631996, 10.9683101], [106.6630084, 10.9684565], [106.6629332, 10.9685064], [106.6628566, 10.9685447], [106.6627043, 10.9686044], [106.6625834, 10.9686302], [106.6622267, 10.968622], [106.6616194, 10.9685784], [106.6614891, 10.9685679], [106.6614461, 10.9685644], [106.6610845, 10.9685448], [106.6610368, 10.968552], [106.6609478, 10.9685654], [106.6609099, 10.9685711], [106.6607425, 10.9686138], [106.6605856, 10.9686801], [106.6604722, 10.9687331], [106.66043, 10.9687528], [106.6602854, 10.9688341], [106.6602073, 10.9688893], [106.6601436, 10.9689343], [106.6600161, 10.9690389], [106.659891, 10.9691696], [106.6598324, 10.9693059], [106.659814, 10.9694718], [106.6597978, 10.9697506], [106.6597885, 10.9699294], [106.6597816, 10.9700623], [106.6597803, 10.9700858]]}}, {"type": "Feature", "properties": {"name": "", "fclass": "residential"}, "geometry": {"type": "LineString", "coordinates": [[106.6651589, 10.9683267], [106.6650555, 10.9683467], [106.6648301, 10.9685574], [106.6644922, 10.9687996]]}}, {"type": "Feature", "properties": {"name": "", "fclass": "residential"}, "geometry": {"type": "LineString", "coordinates": [[106.6634407, 10.9680965], [106.663561, 10.9682699], [106.6636322, 10.9684172], [106.6637035, 10.9686491], [106.6637766, 10.968835], [106.6637766, 10.9689197], [106.6637897, 10.9689786], [106.6639172, 10.9692124], [106.6639622, 10.9692547], [106.6640204, 10.9692823]]}}, {"type": "Feature", "properties": {"name": "", "fclass": "residential"}, "geometry": {"type": "LineString", "coordinates": [[106.6630084, 10.9684565], [106.6631444, 10.9686719], [106.6632651, 10.9690551], [106.6632999, 10.9691512]]}}, {"type": "Feature", "properties": {"name": "", "fclass": "residential"}, "geometry": {"type": "LineString", "coordinates": [[106.6640204, 10.9692823], [106.6640729, 10.9692952], [106.6641291, 10.9692838], [106.6643354, 10.9691719], [106.6644179, 10.9691516], [106.6644891, 10.9690891], [106.6645116, 10.9690835]]}}, {"type": "Feature", "properties": {"name": "", "fclass": "residential"}, "geometry": {"type": "LineString", "coordinates": [[106.6645116, 10.9690835], [106.664536, 10.9690927], [106.6646932, 10.9692954]]}}, {"type": "Feature", "properties": {"name": "", "fclass": "residential"}, "geometry": {"type": "LineString", "coordinates": [[106.6597816, 10.9700623], [106.660088, 10.9700952], [106.6604716, 10.9700767], [106.6605762, 10.9701018], [106.6606848, 10.9701709], [106.6608109, 10.9702887], [106.6609785, 10.9703111], [106.6611099, 10.9702927], [106.6613165, 10.9702374], [106.6615042, 10.9701847], [106.6617537, 10.9701557], [106.6619334, 10.9701584], [106.6622579, 10.9701505], [106.6625261, 10.9701452], [106.6627796, 10.970157], [106.662909, 10.9701989], [106.6630498, 10.9702486], [106.6631732, 10.9702913], [106.663304, 10.9702742], [106.6634461, 10.9701979], [106.6636178, 10.9700767], [106.6636783, 10.9700398], [106.663717, 10.9700162], [106.6639772, 10.9698239], [106.6642776, 10.9695764], [106.6645887, 10.9693737], [106.6646702, 10.9693126], [106.6646932, 10.9692954], [106.6648945, 10.9691446], [106.6652352, 10.9688549], [106.6654062, 10.9686165], [106.6656321, 10.9682756], [106.6657636, 10.9680018], [106.6658306, 10.967749], [106.6658547, 10.9674119], [106.6658844, 10.9670698], [106.665903, 10.9668563], [106.6657019, 10.9668274]]}}, {"type": "Feature", "properties": {"name": "", "fclass": "residential"}, "geometry": {"type": "LineString", "coordinates": [[106.6616194, 10.9685784], [106.6615793, 10.9687575], [106.6615659, 10.9689102], [106.6615807, 10.9690379], [106.6616665, 10.9690932], [106.6618167, 10.9691235]]}}, {"type": "Feature", "properties": {"name": "", "fclass": "residential"}, "geometry": {"type": "LineString", "coordinates": [[106.6628566, 10.9685447], [106.6629714, 10.9688536], [106.6630317, 10.9690406], [106.6630532, 10.9691722]]}}, {"type": "Feature", "properties": {"name": "", "fclass": "residential"}, "geometry": {"type": "LineString", "coordinates": [[106.6614891, 10.9685679], [106.661476, 10.9688194], [106.6614385, 10.9690906], [106.6613956, 10.9695224], [106.6612445, 10.9695264]]}}, {"type": "Feature", "properties": {"name": "", "fclass": "residential"}, "geometry": {"type": "LineString", "coordinates": [[106.6603039, 10.9690261], [106.6605205, 10.969294], [106.6605607, 10.9693355], [106.6605775, 10.9693776], [106.6605842, 10.9694286], [106.6605936, 10.9694987], [106.6606298, 10.9695675], [106.6606576, 10.9696087], [106.6606744, 10.9696459], [106.6607029, 10.9697041], [106.660715, 10.9697519], [106.6607153, 10.9697814]]}}, {"type": "Feature", "properties": {"name": "", "fclass": "residential"}, "geometry": {"type": "LineString", "coordinates": [[106.6611099, 10.9702927], [106.661067, 10.969766], [106.6610482, 10.9696475], [106.6610214, 10.9694448], [106.6610053, 10.9692499], [106.6610167, 10.9688921], [106.6610388, 10.9687894], [106.6610429, 10.9686532], [106.6610368, 10.968552]]}}, {"type": "Feature", "properties": {"name": "", "fclass": "residential"}, "geometry": {"type": "LineString", "coordinates": [[106.6628644, 10.9703128], [106.662909, 10.9701989]]}}, {"type": "Feature", "properties": {"name": "", "fclass": "residential"}, "geometry": {"type": "LineString", "coordinates": [[106.6608109, 10.9702887], [106.6608109, 10.9703898]]}}, {"type": "Feature", "properties": {"name": "", "fclass": "residential"}, "geometry": {"type": "LineString", "coordinates": [[106.6651601, 10.9692302], [106.6651212, 10.9692209], [106.665089, 10.9692341], [106.6647658, 10.969404], [106.664751, 10.9694131], [106.6645861, 10.9695159], [106.6644506, 10.9695962], [106.6643152, 10.969687], [106.6641958, 10.969766], [106.664059, 10.9698885], [106.6639839, 10.9699543], [106.6638941, 10.9700228], [106.6637653, 10.9700952], [106.663732, 10.9701145], [106.6635346, 10.9702295], [106.6634113, 10.9703058], [106.6632798, 10.970369], [106.6632088, 10.9703888], [106.6631122, 10.9703848], [106.6629258, 10.9703361], [106.6628644, 10.9703128], [106.6628078, 10.9702913], [106.6626924, 10.9702545], [106.6624685, 10.9702466], [106.6620152, 10.9702571], [106.6618824, 10.9702558], [106.6616531, 10.9702597], [106.6615176, 10.9702782], [106.6613232, 10.9703414], [106.6612588, 10.9703572], [106.6611488, 10.9703875], [106.6610831, 10.9703875], [106.6609704, 10.9703835], [106.6608712, 10.9703888], [106.6608109, 10.9703898], [106.6607934, 10.9703901], [106.6607438, 10.970369], [106.6606767, 10.9703111], [106.660603, 10.9702505], [106.6605426, 10.9702031], [106.6604917, 10.9701768], [106.6604058, 10.97019], [106.660257, 10.9702031], [106.6600786, 10.9702031], [106.659919, 10.9702018], [106.6597721, 10.970201], [106.6596749, 10.9702242], [106.6594483, 10.9703684], [106.6592807, 10.9704625], [106.6591412, 10.9705566], [106.658944, 10.9707048], [106.6587859, 10.9709174], [106.6587335, 10.9709878], [106.658653, 10.9710813], [106.6585243, 10.9711735], [106.6583754, 10.9712485], [106.6582051, 10.9713235], [106.6577357, 10.971475], [106.6574407, 10.971554], [106.6572355, 10.9715684], [106.656931, 10.9715961], [106.6566682, 10.9715987], [106.6565005, 10.9715658], [106.656349, 10.9715763], [106.6560982, 10.9716066], [106.655893, 10.9716408], [106.6557523, 10.9716437]]}}, {"type": "Feature", "properties": {"name": "", "fclass": "residential"}, "geometry": {"type": "LineString", "coordinates": [[106.6603005, 10.971698], [106.6602999, 10.9714861], [106.6602902, 10.9713571], [106.6602942, 10.9713247], [106.6603011, 10.9713181], [106.6603126, 10.9713137], [106.6603566, 10.9713094], [106.6604404, 10.9713117], [106.6605195, 10.9713318], [106.6605738, 10.9713551], [106.6606484, 10.9713657], [106.6606633, 10.9713673], [106.6606744, 10.9713634], [106.6607341, 10.9712959]]}}, {"type": "Feature", "properties": {"name": "Đường Số 4", "fclass": "residential"}, "geometry": {"type": "LineString", "coordinates": [[106.6674265, 10.9694513], [106.6673662, 10.9693013], [106.6673233, 10.9691946], [106.6672227, 10.9690959], [106.6669481, 10.9688992], [106.666862, 10.9688375], [106.666697, 10.9687193], [106.666499, 10.9685842]]}}, {"type": "Feature", "properties": {"name": "Đường Số 8", "fclass": "residential"}, "geometry": {"type": "LineString", "coordinates": [[106.6664582, 10.969504], [106.6665494, 10.9694237], [106.6667238, 10.9691972], [106.6669481, 10.9688992]]}}, {"type": "Feature", "properties": {"name": "", "fclass": "service"}, "geometry": {"type": "LineString", "coordinates": [[106.6654918, 10.9694742], [106.6656992, 10.9695804], [106.6659473, 10.9696475], [106.6662101, 10.9696515], [106.6662504, 10.9696159]]}}, {"type": "Feature", "properties": {"name": "", "fclass": "residential"}, "geometry": {"type": "LineString", "coordinates": [[106.6665468, 10.9696304], [106.6664582, 10.969504]]}}, {"type": "Feature", "properties": {"name": "Đường Số 4", "fclass": "residential"}, "geometry": {"type": "LineString", "coordinates": [[106.6674265, 10.9694513], [106.6674788, 10.9694777], [106.6677555, 10.9699056]]}}, {"type": "Feature", "properties": {"name": "", "fclass": "residential"}, "geometry": {"type": "LineString", "coordinates": [[106.6671609, 10.9699316], [106.6670111, 10.9699329], [106.6668866, 10.9699017], [106.6668443, 10.9698734], [106.6668798, 10.9697962], [106.6669917, 10.9697164], [106.6673792, 10.9694605], [106.6674265, 10.9694513]]}}, {"type": "Feature", "properties": {"name": "", "fclass": "residential"}, "geometry": {"type": "LineString", "coordinates": [[106.6668443, 10.9698734], [106.6667721, 10.969845], [106.6666353, 10.9697476], [106.6665468, 10.9696304]]}}, {"type": "Feature", "properties": {"name": "", "fclass": "service"}, "geometry": {"type": "LineString", "coordinates": [[106.6674795, 10.9703855], [106.6673457, 10.9703845], [106.6673358, 10.9703822], [106.6673249, 10.9703772], [106.6670321, 10.9702521]]}}, {"type": "Feature", "properties": {"name": "", "fclass": "service"}, "geometry": {"type": "LineString", "coordinates": [[106.6680241, 10.9698784], [106.6681963, 10.9700135], [106.6682661, 10.9701847], [106.6682553, 10.970398], [106.6682526, 10.9704954], [106.6681936, 10.9705375], [106.6681239, 10.970656], [106.6680971, 10.9707877]]}}, {"type": "Feature", "properties": {"name": "", "fclass": "service"}, "geometry": {"type": "LineString", "coordinates": [[106.664968, 10.9708248], [106.665608, 10.9700841], [106.666007, 10.9701189], [106.6663147, 10.9705688], [106.665634, 10.9709948], [106.6649633, 10.9708359]]}}, {"type": "Feature", "properties": {"name": "", "fclass": "residential"}, "geometry": {"type": "LineString", "coordinates": [[106.6597885, 10.9699294], [106.6599242, 10.9699238], [106.6600323, 10.9699218], [106.6601585, 10.9699007], [106.6602481, 10.9698792], [106.6603405, 10.9698702], [106.6604783, 10.9698663], [106.6605582, 10.969857], [106.6606276, 10.9698356], [106.6606905, 10.9698109], [106.6607153, 10.9697814]]}}, {"type": "Feature", "properties": {"name": "", "fclass": "residential"}, "geometry": {"type": "LineString", "coordinates": [[106.6580355, 10.9699692], [106.6581168, 10.9700105], [106.658198, 10.9700105], [106.6583214, 10.9700253]]}}, {"type": "Feature", "properties": {"name": "Đường Cách Mạng Tháng Tám", "fclass": "secondary"}, "geometry": {"type": "LineString", "coordinates": [[106.6597803, 10.9700858], [106.6597727, 10.9701939]]}}, {"type": "Feature", "properties": {"name": "", "fclass": "residential"}, "geometry": {"type": "LineString", "coordinates": [[106.657851, 10.9706299], [106.657907, 10.970465], [106.6579452, 10.9703267]]}}, {"type": "Feature", "properties": {"name": "", "fclass": "residential"}, "geometry": {"type": "LineString", "coordinates": [[106.6586936, 10.9708363], [106.6587859, 10.9709174]]}}, {"type": "Feature", "properties": {"name": "", "fclass": "service"}, "geometry": {"type": "LineString", "coordinates": [[106.6587859, 10.9709174], [106.6590057, 10.9710339], [106.6591382, 10.9711313]]}}, {"type": "Feature", "properties": {"name": "", "fclass": "service"}, "geometry": {"type": "LineString", "coordinates": [[106.6591382, 10.9711313], [106.6596048, 10.9713569]]}}, {"type": "Feature", "properties": {"name": "", "fclass": "residential"}, "geometry": {"type": "LineString", "coordinates": [[106.6596426, 10.9716665], [106.6598466, 10.9716566], [106.660206, 10.9716817], [106.6602691, 10.9716935]]}}, {"type": "Feature", "properties": {"name": "", "fclass": "residential"}, "geometry": {"type": "LineString", "coordinates": [[106.6596097, 10.9714439], [106.6594778, 10.971471], [106.6593853, 10.9715118], [106.6593276, 10.9715856], [106.6592163, 10.9716988], [106.6591036, 10.9717554], [106.6589789, 10.9718476], [106.6587576, 10.9719371]]}}, {"type": "Feature", "properties": {"name": "", "fclass": "residential"}, "geometry": {"type": "LineString", "coordinates": [[106.6586785, 10.9720648], [106.6587254, 10.9722149], [106.658767, 10.9722972], [106.6588017, 10.972412]]}}, {"type": "Feature", "properties": {"name": "", "fclass": "residential"}, "geometry": {"type": "LineString", "coordinates": [[106.6655134, 10.9694147], [106.6655854, 10.9692164]]}}, {"type": "Feature", "properties": {"name": "", "fclass": "residential"}, "geometry": {"type": "LineString", "coordinates": [[106.6651601, 10.9692302], [106.6653089, 10.9693421], [106.6654918, 10.9694742]]}}, {"type": "Feature", "properties": {"name": "", "fclass": "residential"}, "geometry": {"type": "LineString", "coordinates": [[106.664751, 10.9694131], [106.6646702, 10.9693126]]}}, {"type": "Feature", "properties": {"name": "", "fclass": "residential"}, "geometry": {"type": "LineString", "coordinates": [[106.6652439, 10.9701561], [106.6654269, 10.9696528], [106.6654918, 10.9694742], [106.6655134, 10.9694147]]}}, {"type": "Feature", "properties": {"name": "Đường D9", "fclass": "residential"}, "geometry": {"type": "LineString", "coordinates": [[106.6652439, 10.9701561], [106.6651367, 10.9701034], [106.6647587, 10.9699706]]}}, {"type": "Feature", "properties": {"name": "", "fclass": "residential"}, "geometry": {"type": "LineString", "coordinates": [[106.663732, 10.9701145], [106.6636783, 10.9700398]]}}, {"type": "Feature", "properties": {"name": "Đường D9", "fclass": "residential"}, "geometry": {"type": "LineString", "coordinates": [[106.6643793, 10.9708655], [106.6647587, 10.9699706]]}}, {"type": "Feature", "properties": {"name": "Đường D8", "fclass": "residential"}, "geometry": {"type": "LineString", "coordinates": [[106.6639884, 10.9733319], [106.664314, 10.972467], [106.664579, 10.9718166], [106.6646968, 10.9715275], [106.6648899, 10.9710587], [106.6649043, 10.9709759], [106.6649633, 10.9708359], [106.664968, 10.9708248], [106.6650268, 10.9706851], [106.6652107, 10.9702438], [106.6652439, 10.9701561]]}}, {"type": "Feature", "properties": {"name": "Đường D10", "fclass": "residential"}, "geometry": {"type": "LineString", "coordinates": [[106.6628924, 10.9729116], [106.6630235, 10.9725578], [106.6633498, 10.971726], [106.6634763, 10.9714165], [106.6634869, 10.9713906], [106.6637615, 10.9707191], [106.6638048, 10.9706553], [106.6638662, 10.9706446], [106.6643501, 10.9708538], [106.6643793, 10.9708655], [106.6648899, 10.9710587], [106.6651627, 10.9711623], [106.6654221, 10.9712648], [106.6659204, 10.9714618], [106.6664441, 10.9716689]]}}, {"type": "Feature", "properties": {"name": "Đường D11", "fclass": "residential"}, "geometry": {"type": "LineString", "coordinates": [[106.6625228, 10.972331], [106.6626202, 10.972039], [106.6627514, 10.9717322], [106.6627951, 10.9716808], [106.6629879, 10.9715978], [106.6633761, 10.9714499], [106.6634763, 10.9714165]]}}, {"type": "Feature", "properties": {"name": "", "fclass": "residential"}, "geometry": {"type": "LineString", "coordinates": [[106.6602691, 10.9716935], [106.6603005, 10.971698], [106.6604483, 10.9717294], [106.6605636, 10.9717323]]}}, {"type": "Feature", "properties": {"name": "", "fclass": "residential"}, "geometry": {"type": "LineString", "coordinates": [[106.6605856, 10.9722064], [106.6605963, 10.9719219], [106.6605936, 10.9717679], [106.6605842, 10.9717468], [106.6605636, 10.9717323]]}}, {"type": "Feature", "properties": {"name": "", "fclass": "residential"}, "geometry": {"type": "LineString", "coordinates": [[106.6622156, 10.9722441], [106.662152, 10.9719963], [106.6621345, 10.9718739], [106.6621359, 10.9717936], [106.6621895, 10.9717646], [106.6622472, 10.9717593]]}}, {"type": "Feature", "properties": {"name": "Đường N3", "fclass": "residential"}, "geometry": {"type": "LineString", "coordinates": [[106.6598199, 10.97228], [106.6598692, 10.9722708], [106.6601647, 10.9722048], [106.6603559, 10.97217], [106.6605417, 10.9721943], [106.6605856, 10.9722064], [106.6606906, 10.9722352], [106.6608374, 10.9722617], [106.6609468, 10.9722688]]}}, {"type": "Feature", "properties": {"name": "Đường N3", "fclass": "residential"}, "geometry": {"type": "LineString", "coordinates": [[106.6609468, 10.9722688], [106.6610369, 10.9722822], [106.6611825, 10.9722772], [106.661351, 10.9722621], [106.661563, 10.972227], [106.6617622, 10.9721819], [106.6618898, 10.9721794], [106.6620941, 10.9722095], [106.6622156, 10.9722441], [106.6623316, 10.9722772], [106.6625228, 10.972331], [106.6626204, 10.9723617], [106.6626818, 10.9723935], [106.6627187, 10.9724393]]}}, {"type": "Feature", "properties": {"name": "", "fclass": "residential"}, "geometry": {"type": "LineString", "coordinates": [[106.6627187, 10.9724393], [106.6630235, 10.9725578]]}}, {"type": "Feature", "properties": {"name": "Ngô Gia Tự", "fclass": "residential"}, "geometry": {"type": "LineString", "coordinates": [[106.6629391, 10.9729483], [106.6629137, 10.9729346], [106.6628924, 10.9729116], [106.662877, 10.9728848], [106.6627187, 10.9724393]]}}, {"type": "Feature", "properties": {"name": "", "fclass": "service"}, "geometry": {"type": "LineString", "coordinates": [[106.6602328, 10.9729193], [106.6602556, 10.9729364], [106.6604313, 10.9729693], [106.6609956, 10.9730004]]}}, {"type": "Feature", "properties": {"name": "", "fclass": "service"}, "geometry": {"type": "LineString", "coordinates": [[106.6602328, 10.9729193], [106.6605185, 10.9726112], [106.6607572, 10.9725704], [106.6608122, 10.9725045], [106.6608712, 10.9724466], [106.6610321, 10.972419], [106.6612829, 10.972419], [106.6613661, 10.9724585], [106.6615994, 10.9724466], [106.662093, 10.9724321], [106.6622767, 10.9724598], [106.662447, 10.9724966], [106.6625717, 10.9725941], [106.6626334, 10.9727507], [106.6627407, 10.9730865], [106.6628212, 10.9733458], [106.6628373, 10.9735394]]}}, {"type": "Feature", "properties": {"name": "", "fclass": "service"}, "geometry": {"type": "LineString", "coordinates": [[106.6609852, 10.9730733], [106.6605158, 10.9730325], [106.6600893, 10.972989], [106.6598316, 10.9729961]]}}, {"type": "Feature", "properties": {"name": "Đường N6", "fclass": "residential"}, "geometry": {"type": "LineString", "coordinates": [[106.6634869, 10.9713906], [106.6640489, 10.9716055], [106.664579, 10.9718166], [106.6651264, 10.9720216], [106.6656394, 10.9722153], [106.66615, 10.9723949]]}}, {"type": "Feature", "properties": {"name": "Đường D9", "fclass": "residential"}, "geometry": {"type": "LineString", "coordinates": [[106.6634441, 10.9731197], [106.6640489, 10.9716055], [106.6643501, 10.9708538]]}}, {"type": "Feature", "properties": {"name": "Đường D3a", "fclass": "residential"}, "geometry": {"type": "LineString", "coordinates": [[106.6654221, 10.9712648], [106.6651844, 10.9718714], [106.6651264, 10.9720216], [106.6650435, 10.9722365], [106.6648666, 10.9726762], [106.6647004, 10.9730697], [106.6645162, 10.9735351]]}}, {"type": "Feature", "properties": {"name": "Đường D9", "fclass": "residential"}, "geometry": {"type": "LineString", "coordinates": [[106.6634195, 10.9731849], [106.6634441, 10.9731197]]}}, {"type": "Feature", "properties": {"name": "", "fclass": "residential"}, "geometry": {"type": "LineString", "coordinates": [[106.6639598, 10.9733978], [106.6639884, 10.9733319]]}}, {"type": "Feature", "properties": {"name": "Ngô Gia Tự", "fclass": "residential"}, "geometry": {"type": "LineString", "coordinates": [[106.6629391, 10.9729483], [106.6630117, 10.972936], [106.6634441, 10.9731197], [106.6639884, 10.9733319], [106.6645162, 10.9735351], [106.6650201, 10.973727], [106.6655465, 10.9739186], [106.665616, 10.9739413], [106.666067, 10.9741086], [106.6661595, 10.9741813]]}}, {"type": "Feature", "properties": {"name": "Ngô Gia Tự", "fclass": "residential"}, "geometry": {"type": "LineString", "coordinates": [[106.6661595, 10.9741813], [106.6660427, 10.9741793], [106.6655875, 10.9740136], [106.665517, 10.9739879], [106.6649902, 10.9737955], [106.6644896, 10.9736009], [106.6639598, 10.9733978], [106.6634195, 10.9731849], [106.6629922, 10.9730036], [106.6629391, 10.9729483]]}}, {"type": "Feature", "properties": {"name": "", "fclass": "residential"}, "geometry": {"type": "LineString", "coordinates": [[106.6645162, 10.9735351], [106.6644896, 10.9736009]]}}, {"type": "Feature", "properties": {"name": "Trần Phú", "fclass": "residential"}, "geometry": {"type": "LineString", "coordinates": [[106.6639711, 10.9769716], [106.6641644, 10.9763755], [106.6642271, 10.9761801], [106.6646287, 10.9749252], [106.6649902, 10.9737955], [106.6650201, 10.973727], [106.6652349, 10.9732434], [106.6653252, 10.9730414], [106.6653361, 10.9729705], [106.6653505, 10.9729102], [106.6654552, 10.9726975], [106.6656105, 10.9722933], [106.6656394, 10.9722153], [106.6659204, 10.9714618], [106.6661155, 10.971015], [106.6661887, 10.9708225], [106.6662044, 10.9707913], [106.6662118, 10.9707778], [106.6662226, 10.9707668], [106.66624, 10.9707512], [106.6662627, 10.9707358], [106.6663104, 10.9707241], [106.666351, 10.9707192], [106.666391, 10.9707178], [106.666412, 10.9707189], [106.6664336, 10.9707213], [106.6665074, 10.9707363], [106.6666211, 10.9707618], [106.6667207, 10.9707944], [106.6667798, 10.9708186], [106.6668673, 10.9708586]]}}, {"type": "Feature", "properties": {"name": "", "fclass": "tertiary_link"}, "geometry": {"type": "LineString", "coordinates": [[106.665373, 10.9744034], [106.6654451, 10.9744291]]}}, {"type": "Feature", "properties": {"name": "", "fclass": "service"}, "geometry": {"type": "LineString", "coordinates": [[106.6690248, 10.9698395], [106.668946, 10.9696409], [106.6688856, 10.9695422], [106.668821, 10.969421]]}}, {"type": "Feature", "properties": {"name": "", "fclass": "residential"}, "geometry": {"type": "LineString", "coordinates": [[106.6701905, 10.9693942], [106.6699362, 10.969492], [106.669465, 10.9696673], [106.6693866, 10.9696968], [106.6692677, 10.9697415], [106.6690573, 10.9698312], [106.6690248, 10.9698395], [106.6689523, 10.969858], [106.6688196, 10.969856], [106.6686734, 10.9698572], [106.6685026, 10.9698793]]}}, {"type": "Feature", "properties": {"name": "Hoàng Văn Thụ", "fclass": "tertiary"}, "geometry": {"type": "LineString", "coordinates": [[106.6668543, 10.9707251], [106.6669168, 10.9705376], [106.6670321, 10.9702521], [106.6670923, 10.9700947], [106.6671609, 10.9699316], [106.6675365, 10.9699139], [106.6677555, 10.9699056], [106.6679157, 10.9698962], [106.6680241, 10.9698784], [106.6683961, 10.9696622], [106.6687729, 10.9694483], [106.668821, 10.969421], [106.668927, 10.9693608], [106.6691836, 10.969223], [106.6696318, 10.9689823], [106.6698494, 10.968877], [106.6699573, 10.9688248]]}}, {"type": "Feature", "properties": {"name": "", "fclass": "residential"}, "geometry": {"type": "LineString", "coordinates": [[106.669465, 10.9696673], [106.669583, 10.9699596]]}}, {"type": "Feature", "properties": {"name": "", "fclass": "residential"}, "geometry": {"type": "LineString", "coordinates": [[106.6703368, 10.9697492], [106.670047, 10.9698595], [106.6697862, 10.9699359], [106.6697748, 10.9699438], [106.6697728, 10.9699615], [106.66981, 10.9700567], [106.6698107, 10.9700699], [106.669807, 10.9700813]]}}, {"type": "Feature", "properties": {"name": "", "fclass": "residential"}, "geometry": {"type": "LineString", "coordinates": [[106.6689523, 10.969858], [106.6690305, 10.9699885], [106.6690714, 10.9700471], [106.6690828, 10.9700682], [106.6690868, 10.9700833], [106.6690935, 10.9701182], [106.6691089, 10.9701663], [106.6691284, 10.9702058], [106.6691616, 10.9702562]]}}, {"type": "Feature", "properties": {"name": "", "fclass": "residential"}, "geometry": {"type": "LineString", "coordinates": [[106.6689889, 10.9704532], [106.6686282, 10.9704467], [106.6686013, 10.9701412]]}}, {"type": "Feature", "properties": {"name": "", "fclass": "residential"}, "geometry": {"type": "LineString", "coordinates": [[106.669489, 10.9706447], [106.6698392, 10.9706297]]}}, {"type": "Feature", "properties": {"name": "", "fclass": "service"}, "geometry": {"type": "LineString", "coordinates": [[106.6686822, 10.9709066], [106.6685504, 10.9708127]]}}, {"type": "Feature", "properties": {"name": "", "fclass": "residential"}, "geometry": {"type": "LineString", "coordinates": [[106.6694955, 10.9709783], [106.6703234, 10.9709868]]}}, {"type": "Feature", "properties": {"name": "", "fclass": "service"}, "geometry": {"type": "LineString", "coordinates": [[106.6726588, 10.9703927], [106.6729369, 10.9703255]]}}, {"type": "Feature", "properties": {"name": "", "fclass": "service"}, "geometry": {"type": "LineString", "coordinates": [[106.670671, 10.9706007], [106.6707576, 10.9705637], [106.6711682, 10.9704016]]}}, {"type": "Feature", "properties": {"name": "", "fclass": "service"}, "geometry": {"type": "LineString", "coordinates": [[106.6708872, 10.9711671], [106.6710009, 10.9710959], [106.6711395, 10.9710285], [106.6712697, 10.9709808], [106.6714982, 10.9708933]]}}, {"type": "Feature", "properties": {"name": "", "fclass": "service"}, "geometry": {"type": "LineString", "coordinates": [[106.6725836, 10.9719879], [106.6725423, 10.971744], [106.6722381, 10.9711058]]}}, {"type": "Feature", "properties": {"name": "", "fclass": "residential"}, "geometry": {"type": "LineString", "coordinates": [[106.6703738, 10.9717563], [106.670652, 10.9717855], [106.6708065, 10.9717868], [106.6709929, 10.971773], [106.6711329, 10.9717414]]}}, {"type": "Feature", "properties": {"name": "Vòng xoay Gò Đậu", "fclass": "trunk"}, "geometry": {"type": "LineString", "coordinates": [[106.6714632, 10.9725722], [106.6715241, 10.9725436]]}}, {"type": "Feature", "properties": {"name": "Vòng xoay Gò Đậu", "fclass": "trunk"}, "geometry": {"type": "LineString", "coordinates": [[106.6714378, 10.9726044], [106.6714632, 10.9725722]]}}, {"type": "Feature", "properties": {"name": "Vòng xoay Gò Đậu", "fclass": "trunk"}, "geometry": {"type": "LineString", "coordinates": [[106.6715241, 10.9725436], [106.6715612, 10.9725426], [106.671597, 10.9725525], [106.6716281, 10.9725723], [106.67164062016525, 10.972587082211904]]}}, {"type": "Feature", "properties": {"name": "Vòng xoay Gò Đậu", "fclass": "trunk"}, "geometry": {"type": "LineString", "coordinates": [[106.67144484994986, 10.972731453647754], [106.6714305, 10.9727063], [106.6714228, 10.9726721], [106.6714253, 10.9726372], [106.6714378, 10.9726044]]}}, {"type": "Feature", "properties": {"name": "", "fclass": "service"}, "geometry": {"type": "LineString", "coordinates": [[106.6663687, 10.9705082], [106.6664336, 10.9707213]]}}, {"type": "Feature", "properties": {"name": "", "fclass": "service"}, "geometry": {"type": "LineString", "coordinates": [[106.6669168, 10.9705376], [106.6670088, 10.9705744], [106.6670428, 10.9705909], [106.6670708, 10.970612], [106.6670892, 10.970631], [106.6671089, 10.9706549], [106.6671233, 10.9706738], [106.6671375, 10.9706981], [106.6671533, 10.9707327], [106.6671664, 10.9707673], [106.6671757, 10.9708134], [106.6671824, 10.9708588], [106.6672126, 10.9712498], [106.667224, 10.9714322], [106.6672186, 10.9716501]]}}, {"type": "Feature", "properties": {"name": "", "fclass": "residential"}, "geometry": {"type": "LineString", "coordinates": [[106.6683135, 10.971436], [106.6681125, 10.971317], [106.6679656, 10.9712228], [106.6679281, 10.9712018], [106.6679107, 10.9711972], [106.6678563, 10.9711925], [106.6676612, 10.9711774]]}}, {"type": "Feature", "properties": {"name": "", "fclass": "tertiary_link"}, "geometry": {"type": "LineString", "coordinates": [[106.6665211, 10.9714805], [106.6666034, 10.9715112]]}}, {"type": "Feature", "properties": {"name": "", "fclass": "tertiary_link"}, "geometry": {"type": "LineString", "coordinates": [[106.6663353, 10.9719392], [106.6664089, 10.9719721]]}}, {"type": "Feature", "properties": {"name": "Đường N6", "fclass": "tertiary_link"}, "geometry": {"type": "LineString", "coordinates": [[106.66615, 10.9723949], [106.6662241, 10.9724183]]}}, {"type": "Feature", "properties": {"name": "", "fclass": "residential"}, "geometry": {"type": "LineString", "coordinates": [[106.6676037, 10.9723954], [106.6676995, 10.9724241], [106.6677698, 10.9724467], [106.6679825, 10.972514], [106.6681422, 10.9726024], [106.6681723, 10.972629]]}}, {"type": "Feature", "properties": {"name": "", "fclass": "residential"}, "geometry": {"type": "LineString", "coordinates": [[106.6662241, 10.9724183], [106.6667582, 10.972645]]}}, {"type": "Feature", "properties": {"name": "", "fclass": "service"}, "geometry": {"type": "LineString", "coordinates": [[106.6673787, 10.9726897], [106.6676612, 10.9727731]]}}, {"type": "Feature", "properties": {"name": "", "fclass": "tertiary_link"}, "geometry": {"type": "LineString", "coordinates": [[106.6659717, 10.9728191], [106.6660479, 10.972858]]}}, {"type": "Feature", "properties": {"name": "", "fclass": "residential"}, "geometry": {"type": "LineString", "coordinates": [[106.6746933, 10.9700485], [106.6747905, 10.9700175], [106.6749877, 10.9699477], [106.6752183, 10.9698648], [106.6752626, 10.9698318], [106.675272, 10.9698095], [106.6752546, 10.9697594], [106.675044, 10.9693157]]}}, {"type": "Feature", "properties": {"name": "", "fclass": "service"}, "geometry": {"type": "LineString", "coordinates": [[106.6731856, 10.9705352], [106.6738018, 10.9702857]]}}, {"type": "Feature", "properties": {"name": "", "fclass": "service"}, "geometry": {"type": "LineString", "coordinates": [[106.6738577, 10.9713502], [106.6737156, 10.9707785], [106.6737103, 10.970739], [106.6737183, 10.9706969], [106.6737894, 10.9706679], [106.6742683, 10.9705395]]}}, {"type": "Feature", "properties": {"name": "", "fclass": "service"}, "geometry": {"type": "LineString", "coordinates": [[106.6734817, 10.9715543], [106.673212, 10.9709905]]}}, {"type": "Feature", "properties": {"name": "", "fclass": "service"}, "geometry": {"type": "LineString", "coordinates": [[106.6691619, 10.9710773], [106.6693943, 10.9711665]]}}, {"type": "Feature", "properties": {"name": "", "fclass": "residential"}, "geometry": {"type": "LineString", "coordinates": [[106.6669974, 10.9729927], [106.6670093, 10.9730394], [106.6670458, 10.9730594], [106.6671137, 10.9730436], [106.6671554, 10.9730024], [106.6673787, 10.9726897], [106.6674491, 10.9725912], [106.6676037, 10.9723954], [106.6679241, 10.971967], [106.6681817, 10.9716157], [106.6683135, 10.971436], [106.6684506, 10.971249], [106.6686822, 10.9709066], [106.6689889, 10.9704532], [106.6691237, 10.9702738], [106.6691391, 10.9702611], [106.6691616, 10.9702562], [106.6691933, 10.9702613], [106.6692682, 10.9703004], [106.6693711, 10.9703456], [106.6694134, 10.9703657], [106.6694403, 10.9703786]]}}, {"type": "Feature", "properties": {"name": "Hẻm số 1 Ngô Gia Tự", "fclass": "residential"}, "geometry": {"type": "LineString", "coordinates": [[106.6703738, 10.9717563], [106.6702946, 10.9717521], [106.670112, 10.9717283], [106.6699997, 10.971717], [106.6698797, 10.971702], [106.6697741, 10.9716655]]}}, {"type": "Feature", "properties": {"name": "", "fclass": "service"}, "geometry": {"type": "LineString", "coordinates": [[106.6681817, 10.9716157], [106.6684686, 10.9718212]]}}, {"type": "Feature", "properties": {"name": "", "fclass": "residential"}, "geometry": {"type": "LineString", "coordinates": [[106.6690966, 10.9717729], [106.6693115, 10.9717662], [106.6695749, 10.9717935], [106.669702, 10.9718195]]}}, {"type": "Feature", "properties": {"name": "", "fclass": "residential"}, "geometry": {"type": "LineString", "coordinates": [[106.6688325, 10.97247], [106.6682942, 10.9722689]]}}, {"type": "Feature", "properties": {"name": "Hẻm 15 Ngô Gia Tự", "fclass": "residential"}, "geometry": {"type": "LineString", "coordinates": [[106.6687206, 10.9750328], [106.6688529, 10.9745972], [106.668936, 10.9742646], [106.6690066, 10.9740649], [106.6691423, 10.9735526], [106.6693103, 10.9730233], [106.6694683, 10.972534], [106.6695056, 10.9723686], [106.6695813, 10.9721807], [106.6696866, 10.9718701], [106.669702, 10.9718195], [106.6697741, 10.9716655], [106.6696655, 10.9714136], [106.6695463, 10.9711828], [106.6695073, 10.9710634], [106.6694955, 10.9709783], [106.669489, 10.9706447], [106.669465, 10.9704131], [106.6694576, 10.9703963], [106.6694403, 10.9703786], [106.669807, 10.9700813]]}}, {"type": "Feature", "properties": {"name": "Hẻm 29 Ngô Gia Tự", "fclass": "residential"}, "geometry": {"type": "LineString", "coordinates": [[106.6681124, 10.9748842], [106.6681797, 10.9746746], [106.6682194, 10.9745572], [106.6682463, 10.9744086], [106.6682808, 10.9742933], [106.668432, 10.9737623], [106.6685479, 10.9734012], [106.6685626, 10.9733555], [106.6687944, 10.9725705], [106.6688325, 10.97247], [106.6689331, 10.9722046], [106.6690604, 10.9718695], [106.6690966, 10.9717729], [106.6691435, 10.9716479], [106.6692162, 10.9714552], [106.6692795, 10.9713462], [106.6693439, 10.9712382], [106.6693943, 10.9711665], [106.6694332, 10.9711253], [106.6695073, 10.9710634]]}}, {"type": "Feature", "properties": {"name": "", "fclass": "service"}, "geometry": {"type": "LineString", "coordinates": [[106.6682875, 10.9733267], [106.6685479, 10.9734012]]}}, {"type": "Feature", "properties": {"name": "Hẻm số 1 Ngô Gia Tự", "fclass": "residential"}, "geometry": {"type": "LineString", "coordinates": [[106.6692921, 10.9752409], [106.6701809, 10.9725472], [106.6702149, 10.972423], [106.670253, 10.9722586], [106.6703578, 10.9718162], [106.6703738, 10.9717563]]}}, {"type": "Feature", "properties": {"name": "Đại lộ Bình Dương", "fclass": "trunk"}, "geometry": {"type": "LineString", "coordinates": [[106.6697004, 10.975406], [106.6700931, 10.9745687], [106.6703298, 10.9740919], [106.6705293, 10.9737329], [106.6707639, 10.9733294], [106.6710873, 10.9729592], [106.6712803, 10.9727638], [106.6714378, 10.9726044]]}}, {"type": "Feature", "properties": {"name": "", "fclass": "service"}, "geometry": {"type": "LineString", "coordinates": [[106.6685136, 10.9749815], [106.668423, 10.9752259], [106.668368, 10.9753167], [106.6683277, 10.975347]]}}, {"type": "Feature", "properties": {"name": "", "fclass": "residential"}, "geometry": {"type": "LineString", "coordinates": [[106.6686827, 10.9750281], [106.6685396, 10.9754563]]}}, {"type": "Feature", "properties": {"name": "", "fclass": "trunk_link"}, "geometry": {"type": "LineString", "coordinates": [[106.6697004, 10.975406], [106.66974515238644, 10.975426671972766]]}}, {"type": "Feature", "properties": {"name": "", "fclass": "residential"}, "geometry": {"type": "LineString", "coordinates": [[106.6689402, 10.9751061], [106.6688434, 10.9753628], [106.6687556, 10.9756156], [106.6687512, 10.9756278], [106.6687522, 10.9756367], [106.6687623, 10.9756459], [106.6688441, 10.9756762], [106.668942, 10.9757315], [106.6689661, 10.9757775]]}}, {"type": "Feature", "properties": {"name": "Ngô Gia Tự", "fclass": "residential"}, "geometry": {"type": "LineString", "coordinates": [[106.6697004, 10.975406], [106.6695741, 10.9753487], [106.6694395, 10.9752957], [106.6692921, 10.9752409], [106.6689402, 10.9751061], [106.6687206, 10.9750328], [106.6686827, 10.9750281], [106.6685136, 10.9749815], [106.6681311, 10.9748909], [106.6681124, 10.9748842], [106.668062, 10.9748663], [106.6678656, 10.9747982], [106.6677159, 10.9747463], [106.6672633, 10.9745894], [106.6670836, 10.9745232], [106.6667047, 10.9743837], [106.6661595, 10.9741813]]}}, {"type": "Feature", "properties": {"name": "", "fclass": "residential"}, "geometry": {"type": "LineString", "coordinates": [[106.6678656, 10.9747982], [106.6678174, 10.974826], [106.6676668, 10.9749588], [106.667571, 10.9750579], [106.6674982, 10.9751694], [106.6674714, 10.9752446], [106.6674676, 10.975301], [106.667428, 10.9753625], [106.6673485, 10.9754823], [106.6672543, 10.9754916], [106.6671062, 10.9755003], [106.6670054, 10.9754978], [106.6669734, 10.9754935]]}}, {"type": "Feature", "properties": {"name": "", "fclass": "residential"}, "geometry": {"type": "LineString", "coordinates": [[106.666331, 10.9753872], [106.6666514, 10.9754563], [106.6668203, 10.9754826], [106.6669734, 10.9754935]]}}, {"type": "Feature", "properties": {"name": "Đường D4", "fclass": "residential"}, "geometry": {"type": "LineString", "coordinates": [[106.6658651, 10.9767863], [106.6659317, 10.9765918], [106.6660132, 10.9763451], [106.6663008, 10.9754687], [106.666331, 10.9753872], [106.6667047, 10.9743837]]}}, {"type": "Feature", "properties": {"name": "Hẻm 115 Thích Quảng Đức", "fclass": "service"}, "geometry": {"type": "LineString", "coordinates": [[106.6677706, 10.9757057], [106.6678543, 10.9756169], [106.6679053, 10.9755801], [106.6679603, 10.9755511], [106.6680019, 10.9755485]]}}, {"type": "Feature", "properties": {"name": "Đường D5", "fclass": "residential"}, "geometry": {"type": "LineString", "coordinates": [[106.6672633, 10.9745894], [106.6669734, 10.9754935], [106.6667242, 10.9762309], [106.6665364, 10.9767166], [106.6664091, 10.9770411], [106.6662519, 10.9775284], [106.66613, 10.9777665]]}}, {"type": "Feature", "properties": {"name": "", "fclass": "residential"}, "geometry": {"type": "LineString", "coordinates": [[106.6659317, 10.9765918], [106.6653761, 10.9764308]]}}, {"type": "Feature", "properties": {"name": "", "fclass": "residential"}, "geometry": {"type": "LineString", "coordinates": [[106.6664791, 10.9778562], [106.6667333, 10.9771763], [106.6667819, 10.9770534], [106.6668074, 10.9769481], [106.6671388, 10.9761042], [106.667349, 10.9755072], [106.6673485, 10.9754823], [106.6674409, 10.9754797], [106.6675627, 10.9755139], [106.6676583, 10.9755757], [106.6677271, 10.9756361], [106.6677517, 10.9756874]]}}, {"type": "Feature", "properties": {"name": "Hẻm 127 Thích Quảng Đức", "fclass": "residential"}, "geometry": {"type": "LineString", "coordinates": [[106.6677517, 10.9756874], [106.6677466, 10.9757591], [106.667704, 10.9758482], [106.6676401, 10.9759259], [106.6675788, 10.9760036], [106.6675329, 10.9760763], [106.6674818, 10.9761992], [106.6674435, 10.9763095], [106.6673592, 10.9765877], [106.6672647, 10.9768234], [106.6671124, 10.9772985], [106.6669878, 10.9776051], [106.6668394, 10.9779855]]}}, {"type": "Feature", "properties": {"name": "Hẻm 115 Thích Quảng Đức", "fclass": "residential"}, "geometry": {"type": "LineString", "coordinates": [[106.6673334, 10.9782482], [106.6674402, 10.977982], [106.6675305, 10.9777268], [106.667546, 10.9776608], [106.6675681, 10.9775907], [106.667569, 10.9775628], [106.6675619, 10.9775211], [106.6675514, 10.9774657], [106.6675299, 10.9773846], [106.6675307, 10.9773105], [106.6675211, 10.9772446], [106.6675392, 10.9771281], [106.6677348, 10.9765599], [106.6678539, 10.9762968], [106.667937, 10.9761062], [106.6679664, 10.9759893], [106.66797, 10.9759547], [106.6679487, 10.9758906], [106.6679031, 10.9758312], [106.6677926, 10.9757271], [106.6677706, 10.9757057], [106.6677517, 10.9756874]]}}, {"type": "Feature", "properties": {"name": "", "fclass": "residential"}, "geometry": {"type": "LineString", "coordinates": [[106.6667162, 10.9727469], [106.6669692, 10.9728468], [106.666992, 10.9728692], [106.6669974, 10.9729403], [106.6669974, 10.9729927]]}}, {"type": "Feature", "properties": {"name": "Đường D", "fclass": "residential"}, "geometry": {"type": "LineString", "coordinates": [[106.6661595, 10.9741813], [106.666393, 10.9735394], [106.6665973, 10.9730355], [106.6667162, 10.9727469], [106.6667582, 10.972645], [106.666776, 10.9726018], [106.6668552, 10.9723736], [106.6668935, 10.9722658], [106.6669293, 10.9720277], [106.6669303, 10.9718594], [106.6669042, 10.9718163], [106.6665468, 10.9716569]]}}, {"type": "Feature", "properties": {"name": "", "fclass": "tertiary_link"}, "geometry": {"type": "LineString", "coordinates": [[106.6658316, 10.9731628], [106.6659108, 10.9731956]]}}, {"type": "Feature", "properties": {"name": "", "fclass": "tertiary_link"}, "geometry": {"type": "LineString", "coordinates": [[106.665699, 10.973514], [106.665772, 10.9735401]]}}, {"type": "Feature", "properties": {"name": "Hoàng Văn Thụ", "fclass": "tertiary"}, "geometry": {"type": "LineString", "coordinates": [[106.6644763, 10.9771717], [106.6646571, 10.9765938], [106.6646725, 10.9765407], [106.664798, 10.9761475], [106.6649052, 10.9758302], [106.6649951, 10.9755643], [106.6650168, 10.9754936], [106.6651404, 10.9750903], [106.6652726, 10.9747001], [106.665373, 10.9744034], [106.665517, 10.9739879], [106.6655465, 10.9739186], [106.665699, 10.973514], [106.6658316, 10.9731628], [106.6659717, 10.9728191], [106.6660412, 10.9726493], [106.66615, 10.9723949], [106.6663353, 10.9719392], [106.6664441, 10.9716689], [106.6665211, 10.9714805], [106.6667425, 10.9709115], [106.6667798, 10.9708186], [106.6668543, 10.9707251]]}}, {"type": "Feature", "properties": {"name": "Hoàng Văn Thụ", "fclass": "tertiary"}, "geometry": {"type": "LineString", "coordinates": [[106.6668543, 10.9707251], [106.6668673, 10.9708586], [106.6666034, 10.9715112], [106.6665468, 10.9716569], [106.6665251, 10.9717038], [106.6664089, 10.9719721], [106.6662241, 10.9724183], [106.6660479, 10.972858], [106.6659108, 10.9731956], [106.665772, 10.9735401], [106.665616, 10.9739413], [106.6655875, 10.9740136], [106.6654451, 10.9744291], [106.6653427, 10.974727], [106.6652101, 10.9751128], [106.6650818, 10.9755168], [106.6649752, 10.9758527], [106.6647489, 10.9765656], [106.6645492, 10.9772088]]}}, {"type": "Feature", "properties": {"name": "", "fclass": "residential"}, "geometry": {"type": "LineString", "coordinates": [[106.6673554, 10.9742279], [106.6673394, 10.9741345], [106.667338, 10.9740739], [106.6673541, 10.9740147], [106.6673997, 10.9739014]]}}, {"type": "Feature", "properties": {"name": "", "fclass": "residential"}, "geometry": {"type": "LineString", "coordinates": [[106.6670836, 10.9745232], [106.6671891, 10.9739389]]}}, {"type": "Feature", "properties": {"name": "", "fclass": "residential"}, "geometry": {"type": "LineString", "coordinates": [[106.6677159, 10.9747463], [106.6676974, 10.9745821], [106.6677055, 10.9744004], [106.6677028, 10.9743241], [106.6677323, 10.9742609], [106.6678128, 10.974016], [106.667794, 10.9739857], [106.6677457, 10.9739594], [106.6675258, 10.9739014], [106.6673997, 10.9739014], [106.6672602, 10.9739501], [106.6671891, 10.9739389], [106.667169, 10.9737527]]}}, {"type": "Feature", "properties": {"name": "", "fclass": "service"}, "geometry": {"type": "LineString", "coordinates": [[106.6682194, 10.9745572], [106.6680756, 10.9744978], [106.6680032, 10.9744689], [106.6678986, 10.9744504], [106.667861, 10.974461]]}}, {"type": "Feature", "properties": {"name": "", "fclass": "service"}, "geometry": {"type": "LineString", "coordinates": [[106.6609623, 10.973401], [106.6609852, 10.9730733], [106.6609956, 10.9730004], [106.661008, 10.9728508]]}}, {"type": "Feature", "properties": {"name": "", "fclass": "residential"}, "geometry": {"type": "LineString", "coordinates": [[106.6597851, 10.9735783], [106.660088, 10.9735157], [106.6602127, 10.9734472], [106.660312, 10.9734077], [106.6604608, 10.9733919], [106.6608135, 10.9733979], [106.6609262, 10.9733998], [106.6609623, 10.973401], [106.6613942, 10.9734156]]}}, {"type": "Feature", "properties": {"name": "", "fclass": "service"}, "geometry": {"type": "LineString", "coordinates": [[106.6609623, 10.973401], [106.6609758, 10.973729]]}}, {"type": "Feature", "properties": {"name": "", "fclass": "service"}, "geometry": {"type": "LineString", "coordinates": [[106.6608297, 10.9737632], [106.6608135, 10.9733979]]}}, {"type": "Feature", "properties": {"name": "", "fclass": "service"}, "geometry": {"type": "LineString", "coordinates": [[106.6597549, 10.9740141], [106.6600451, 10.9739409], [106.6603723, 10.9738698], [106.6605669, 10.9738368], [106.6606365, 10.973825], [106.6608297, 10.9737632], [106.6609758, 10.973729], [106.6611931, 10.9736947], [106.6615498, 10.97365], [106.6620189, 10.9736101], [106.662046, 10.9736078], [106.662671, 10.973542], [106.6628373, 10.9735394]]}}, {"type": "Feature", "properties": {"name": "", "fclass": "service"}, "geometry": {"type": "LineString", "coordinates": [[106.6620189, 10.9736101], [106.6620143, 10.9742898], [106.6620132, 10.9744583], [106.6620111, 10.9747612], [106.6620272, 10.9751035], [106.6620487, 10.9751719], [106.6621023, 10.9751956], [106.6626978, 10.9750587], [106.6631216, 10.9749613], [106.663253, 10.9749218]]}}, {"type": "Feature", "properties": {"name": "", "fclass": "residential"}, "geometry": {"type": "LineString", "coordinates": [[106.6603868, 10.9750984], [106.6603582, 10.9750456], [106.6603401, 10.9749797], [106.6603307, 10.9748994], [106.660315, 10.9747368], [106.6603079, 10.9746782], [106.660322, 10.9745969], [106.6603442, 10.9745623], [106.6603522, 10.9745173], [106.6603475, 10.9744406], [106.6603468, 10.974397], [106.6603505, 10.9743858], [106.6603544, 10.97438], [106.6603611, 10.9743742], [106.6604248, 10.9743563], [106.6604332, 10.9743499], [106.660439, 10.9743362], [106.660438, 10.9743229], [106.6604387, 10.9742799], [106.660439, 10.974253], [106.6604531, 10.9742283], [106.6605051, 10.974174], [106.6605443, 10.9741437], [106.6605607, 10.9741193], [106.6605681, 10.9740897], [106.6605631, 10.974038], [106.6605651, 10.9738968], [106.6605669, 10.9738368]]}}, {"type": "Feature", "properties": {"name": "", "fclass": "service"}, "geometry": {"type": "LineString", "coordinates": [[106.6620132, 10.9744583], [106.6618341, 10.9745716], [106.6617376, 10.9746269], [106.6617241, 10.9746716]]}}, {"type": "Feature", "properties": {"name": "", "fclass": "service"}, "geometry": {"type": "LineString", "coordinates": [[106.663253, 10.9749218], [106.6632611, 10.9748533], [106.6632074, 10.9747822], [106.6629285, 10.9745321], [106.6626817, 10.9744399], [106.6625127, 10.9743793], [106.6621801, 10.9743162], [106.6620143, 10.9742898]]}}, {"type": "Feature", "properties": {"name": "", "fclass": "residential"}, "geometry": {"type": "LineString", "coordinates": [[106.6596175, 10.9753097], [106.6597903, 10.9753154], [106.6599874, 10.9753049], [106.6601054, 10.9752588], [106.6602342, 10.9751811], [106.6603868, 10.9750984], [106.6604219, 10.9750811], [106.6604903, 10.9750376], [106.6605837, 10.9750048], [106.6607036, 10.9749626], [106.6607478, 10.9749507], [106.6607854, 10.9749758], [106.6608189, 10.974981], [106.660886, 10.9749823], [106.6609369, 10.9749823], [106.6610187, 10.9750245], [106.6610885, 10.9750732], [106.661126, 10.97511]]}}, {"type": "Feature", "properties": {"name": "Đường N", "fclass": "residential"}, "geometry": {"type": "LineString", "coordinates": [[106.6639598, 10.9733978], [106.6639479, 10.9735118], [106.6635418, 10.9747602], [106.6634061, 10.9752001], [106.6633455, 10.9753677], [106.6632759, 10.9755604], [106.6631125, 10.9760124]]}}, {"type": "Feature", "properties": {"name": "", "fclass": "tertiary_link"}, "geometry": {"type": "LineString", "coordinates": [[106.6652726, 10.9747001], [106.6653427, 10.974727]]}}, {"type": "Feature", "properties": {"name": "Đường D3", "fclass": "residential"}, "geometry": {"type": "LineString", "coordinates": [[106.6644896, 10.9736009], [106.6641995, 10.9745766], [106.664135, 10.9747616], [106.6636326, 10.9762025]]}}, {"type": "Feature", "properties": {"name": "Đường N1", "fclass": "residential"}, "geometry": {"type": "LineString", "coordinates": [[106.6663008, 10.9754687], [106.6657475, 10.9752862], [106.6652101, 10.9751128], [106.6651404, 10.9750903], [106.6646287, 10.9749252], [106.6641838, 10.9747816], [106.664135, 10.9747616]]}}, {"type": "Feature", "properties": {"name": "", "fclass": "service"}, "geometry": {"type": "LineString", "coordinates": [[106.663076, 10.9753668], [106.6631323, 10.9753325], [106.6632181, 10.9753352], [106.6633455, 10.9753677]]}}, {"type": "Feature", "properties": {"name": "Đường N", "fclass": "residential"}, "geometry": {"type": "LineString", "coordinates": [[106.6631125, 10.9760124], [106.6631252, 10.9760375], [106.6636326, 10.9762025], [106.6641644, 10.9763755], [106.6646725, 10.9765407], [106.6647489, 10.9765656], [106.6651322, 10.9766778], [106.6652414, 10.9767], [106.6652767, 10.9766794], [106.6652942, 10.9766518], [106.6653761, 10.9764308], [106.6657475, 10.9752862], [106.6661595, 10.9741813]]}}, {"type": "Feature", "properties": {"name": "", "fclass": "tertiary_link"}, "geometry": {"type": "LineString", "coordinates": [[106.6650168, 10.9754936], [106.6650818, 10.9755168]]}}, {"type": "Feature", "properties": {"name": "", "fclass": "tertiary_link"}, "geometry": {"type": "LineString", "coordinates": [[106.6649052, 10.9758302], [106.6649752, 10.9758527]]}}, {"type": "Feature", "properties": {"name": "", "fclass": "service"}, "geometry": {"type": "LineString", "coordinates": [[106.6651322, 10.9766778], [106.6650635, 10.9768624], [106.6650474, 10.9768993]]}}, {"type": "Feature", "properties": {"name": "", "fclass": "service"}, "geometry": {"type": "LineString", "coordinates": [[106.6632028, 10.9771222], [106.6631336, 10.9768111], [106.6631243, 10.9767228], [106.6631189, 10.9766623]]}}, {"type": "Feature", "properties": {"name": "", "fclass": "service"}, "geometry": {"type": "LineString", "coordinates": [[106.6616257, 10.9758358], [106.6614278, 10.9753483]]}}, {"type": "Feature", "properties": {"name": "", "fclass": "residential"}, "geometry": {"type": "LineString", "coordinates": [[106.661126, 10.97511], [106.6611207, 10.9751627], [106.6610308, 10.9753115], [106.6609168, 10.9755932], [106.6608953, 10.975767], [106.6608766, 10.9759066], [106.6608671, 10.9760894]]}}, {"type": "Feature", "properties": {"name": "", "fclass": "service"}, "geometry": {"type": "LineString", "coordinates": [[106.6613765, 10.9758975], [106.6612628, 10.9753747]]}}, {"type": "Feature", "properties": {"name": "Đường N10", "fclass": "residential"}, "geometry": {"type": "LineString", "coordinates": [[106.6618359, 10.9757768], [106.6620609, 10.9757371], [106.6627051, 10.9756363], [106.6632402, 10.9755644], [106.6632759, 10.9755604]]}}, {"type": "Feature", "properties": {"name": "", "fclass": "service"}, "geometry": {"type": "LineString", "coordinates": [[106.6615891, 10.9758449], [106.6616437, 10.9760356], [106.6616571, 10.9761014]]}}, {"type": "Feature", "properties": {"name": "", "fclass": "residential"}, "geometry": {"type": "LineString", "coordinates": [[106.661126, 10.9772389], [106.6610938, 10.9772363], [106.6610107, 10.9772442], [106.6609409, 10.9772547], [106.6609222, 10.9772337], [106.6608819, 10.977231], [106.6607881, 10.9772284], [106.660775, 10.9771618], [106.6607565, 10.9768629], [106.6607472, 10.9766394], [106.6607008, 10.9765195], [106.6606782, 10.9761514], [106.6606566, 10.9760066], [106.6606687, 10.9756735], [106.6606727, 10.9753088], [106.6606781, 10.9752233], [106.6606499, 10.9751127], [106.660607, 10.9750574], [106.6605837, 10.9750048]]}}, {"type": "Feature", "properties": {"name": "Hẻm 101 Phan Đình Giót", "fclass": "residential"}, "geometry": {"type": "LineString", "coordinates": [[106.6595428, 10.9766562], [106.6598571, 10.9764866], [106.6601755, 10.9763251], [106.6604327, 10.9762265], [106.6606782, 10.9761514], [106.6608671, 10.9760894], [106.6609628, 10.9760579], [106.6613765, 10.9758975], [106.6615891, 10.9758449], [106.6616257, 10.9758358], [106.6617727, 10.9757889]]}}, {"type": "Feature", "properties": {"name": "", "fclass": "residential"}, "geometry": {"type": "LineString", "coordinates": [[106.6607881, 10.9772284], [106.6605714, 10.9772464]]}}, {"type": "Feature", "properties": {"name": "", "fclass": "residential"}, "geometry": {"type": "LineString", "coordinates": [[106.6610107, 10.9772442], [106.6610053, 10.9775023], [106.6610187, 10.9775865], [106.6610187, 10.9776392]]}}, {"type": "Feature", "properties": {"name": "", "fclass": "service"}, "geometry": {"type": "LineString", "coordinates": [[106.66159, 10.9772073], [106.661472, 10.9772969], [106.6614506, 10.9774338], [106.6615123, 10.9777313], [106.6615498, 10.9778393], [106.6616034, 10.9779394], [106.6616638, 10.9779948]]}}, {"type": "Feature", "properties": {"name": "Hẻm 249 Thích Quảng Đức", "fclass": "service"}, "geometry": {"type": "LineString", "coordinates": [[106.6606875, 10.978417], [106.6606519, 10.9782079], [106.6606291, 10.9780546], [106.6606053, 10.9779782], [106.6605966, 10.9779548], [106.6605929, 10.9779203], [106.6605899, 10.977733], [106.6605739, 10.9773128], [106.6605714, 10.9772464]]}}, {"type": "Feature", "properties": {"name": "", "fclass": "residential"}, "geometry": {"type": "LineString", "coordinates": [[106.6613358, 10.9784023], [106.6614967, 10.9783525], [106.661607, 10.978297], [106.6617471, 10.9782589], [106.6618328, 10.9782652], [106.6618911, 10.9782705], [106.6619267, 10.9782718], [106.6619535, 10.9782678], [106.6619776, 10.9782593], [106.6621479, 10.9781928], [106.6622358, 10.9781487], [106.6623203, 10.9780908], [106.6624021, 10.9780276], [106.6625295, 10.9779203]]}}, {"type": "Feature", "properties": {"name": "", "fclass": "residential"}, "geometry": {"type": "LineString", "coordinates": [[106.6616638, 10.9779948], [106.6618086, 10.9782027], [106.6618328, 10.9782652], [106.6618368, 10.978333], [106.661829, 10.9783654], [106.6617939, 10.9785107], [106.6617469, 10.9786411], [106.661704, 10.9787596], [106.661704, 10.9788083], [106.661704, 10.978853], [106.6617107, 10.9788925], [106.6617778, 10.9788978], [106.6619253, 10.9788978]]}}, {"type": "Feature", "properties": {"name": "", "fclass": "residential"}, "geometry": {"type": "LineString", "coordinates": [[106.661829, 10.9783654], [106.6618851, 10.978437], [106.6619347, 10.9784712], [106.6620165, 10.978516], [106.6621023, 10.9785015], [106.6622123, 10.9784857], [106.6623236, 10.9784936], [106.6623732, 10.9785068], [106.6624121, 10.9785344], [106.6625047, 10.9785516], [106.6625033, 10.9785792], [106.662447, 10.9787438], [106.662384, 10.9789584], [106.662384, 10.9789834], [106.6624095, 10.9789966], [106.6624403, 10.979011]]}}, {"type": "Feature", "properties": {"name": "", "fclass": "service"}, "geometry": {"type": "LineString", "coordinates": [[106.6610437, 10.9783508], [106.6610624, 10.9785325], [106.6610786, 10.978677], [106.6610615, 10.978883], [106.6610626, 10.9790268], [106.6610632, 10.9791065], [106.6610431, 10.9792161], [106.6610307, 10.9793886], [106.6610196, 10.9795644]]}}, {"type": "Feature", "properties": {"name": "", "fclass": "service"}, "geometry": {"type": "LineString", "coordinates": [[106.6610626, 10.9790268], [106.6612051, 10.9790347], [106.661295, 10.9790466]]}}, {"type": "Feature", "properties": {"name": "", "fclass": "service"}, "geometry": {"type": "LineString", "coordinates": [[106.6611325, 10.9797383], [106.661004, 10.9796959], [106.6609465, 10.9796809], [106.6607757, 10.979641], [106.6606538, 10.9796131], [106.6605359, 10.9796011], [106.6603814, 10.9795891], [106.6602598, 10.9795909], [106.6601131, 10.9795931], [106.6600358, 10.9795931], [106.6599464, 10.9795732], [106.6598691, 10.9795333], [106.6598082, 10.9794734], [106.6597878, 10.9793616], [106.6596816, 10.9785299]]}}, {"type": "Feature", "properties": {"name": "", "fclass": "service"}, "geometry": {"type": "LineString", "coordinates": [[106.6625291, 10.9798549], [106.6623658, 10.9798308], [106.6622795, 10.9797884], [106.6622456, 10.9797582], [106.6621439, 10.979743], [106.6619495, 10.9797325], [106.661919, 10.9797309], [106.66154, 10.9797249], [106.6613244, 10.9797279], [106.6612874, 10.9797037], [106.6612279, 10.9796245], [106.6611674, 10.979613], [106.6610567, 10.9795671], [106.6610196, 10.9795644], [106.6609023, 10.9795162], [106.6607636, 10.9794769], [106.6606311, 10.9794557], [106.6604802, 10.9794557], [106.6603446, 10.9794587], [106.6602743, 10.9794587], [106.6602214, 10.9794587], [106.6600827, 10.9794587], [106.6600242, 10.9794557], [106.6599749, 10.9794345], [106.6599133, 10.9793982], [106.6598855, 10.9793438], [106.6598485, 10.979008], [106.6597966, 10.9785217]]}}, {"type": "Feature", "properties": {"name": "", "fclass": "service"}, "geometry": {"type": "LineString", "coordinates": [[106.6619495, 10.9797325], [106.6619569, 10.9795843], [106.6619602, 10.9795192], [106.6619629, 10.9794376]]}}, {"type": "Feature", "properties": {"name": "", "fclass": "service"}, "geometry": {"type": "LineString", "coordinates": [[106.661004, 10.9796959], [106.6610567, 10.9795671]]}}, {"type": "Feature", "properties": {"name": "", "fclass": "service"}, "geometry": {"type": "LineString", "coordinates": [[106.6657374, 10.9776309], [106.6657709, 10.9775615], [106.6657796, 10.9775246], [106.6657857, 10.9774838]]}}, {"type": "Feature", "properties": {"name": "", "fclass": "residential"}, "geometry": {"type": "LineString", "coordinates": [[106.6676776, 10.9784392], [106.6675325, 10.9786806], [106.6674969, 10.9787306], [106.6674587, 10.9787457], [106.6674098, 10.9787431], [106.6669129, 10.978595]]}}, {"type": "Feature", "properties": {"name": "", "fclass": "residential"}, "geometry": {"type": "LineString", "coordinates": [[106.6661599, 10.9787796], [106.6652067, 10.9784729]]}}, {"type": "Feature", "properties": {"name": "", "fclass": "residential"}, "geometry": {"type": "LineString", "coordinates": [[106.66772, 10.9794111], [106.6674708, 10.9792822], [106.6673675, 10.9792427], [106.6671047, 10.9791493], [106.6667077, 10.9790387]]}}, {"type": "Feature", "properties": {"name": "", "fclass": "service"}, "geometry": {"type": "LineString", "coordinates": [[106.6667875, 10.9795064], [106.6667967, 10.979469], [106.6667957, 10.9794537], [106.6667872, 10.979443], [106.6667754, 10.9794369], [106.6665313, 10.9793425]]}}, {"type": "Feature", "properties": {"name": "", "fclass": "service"}, "geometry": {"type": "LineString", "coordinates": [[106.6675255, 10.9798048], [106.667277, 10.9796897], [106.6671271, 10.9796213], [106.6667875, 10.9795064], [106.6667707, 10.9795689], [106.6667584, 10.9795932], [106.666753, 10.9796006], [106.6667476, 10.9796051], [106.6667204, 10.9796226], [106.6666789, 10.9796436]]}}, {"type": "Feature", "properties": {"name": "", "fclass": "service"}, "geometry": {"type": "LineString", "coordinates": [[106.6673567, 10.9801745], [106.6669974, 10.9801196], [106.6666862, 10.9800564], [106.6665012, 10.9799669], [106.6663563, 10.9798747]]}}, {"type": "Feature", "properties": {"name": "", "fclass": "service"}, "geometry": {"type": "LineString", "coordinates": [[106.6672989, 10.9803035], [106.6669008, 10.9802539], [106.6667452, 10.9802407], [106.666595, 10.9802407], [106.6665575, 10.9802407]]}}, {"type": "Feature", "properties": {"name": "Thích Quảng Đức", "fclass": "tertiary"}, "geometry": {"type": "LineString", "coordinates": [[106.6597827, 10.9785228], [106.6596957, 10.9785285]]}}, {"type": "Feature", "properties": {"name": "Hẻm 356 Thích Quảng Đức", "fclass": "residential"}, "geometry": {"type": "LineString", "coordinates": [[106.6580301, 10.97888], [106.6582012, 10.9783686]]}}, {"type": "Feature", "properties": {"name": "Hẻm 348 Thích Quảng Đức", "fclass": "residential"}, "geometry": {"type": "LineString", "coordinates": [[106.6583766, 10.9784165], [106.6583097, 10.9786345], [106.6582453, 10.978853], [106.6582024, 10.9788925], [106.6581112, 10.9788846]]}}, {"type": "Feature", "properties": {"name": "", "fclass": "service"}, "geometry": {"type": "LineString", "coordinates": [[106.658882, 10.9785269], [106.658814, 10.9787609], [106.6587737, 10.9788925], [106.6587308, 10.9789268], [106.6586825, 10.9789215], [106.6586289, 10.9789189], [106.6585886, 10.9789584], [106.6585591, 10.9789847]]}}, {"type": "Feature", "properties": {"name": "Hẻm 274 Thích Quảng Đức", "fclass": "service"}, "geometry": {"type": "LineString", "coordinates": [[106.6602743, 10.9794587], [106.6602594, 10.9791236], [106.6601858, 10.9784976]]}}, {"type": "Feature", "properties": {"name": "", "fclass": "residential"}, "geometry": {"type": "LineString", "coordinates": [[106.6593338, 10.9785291], [106.6593692, 10.9791848], [106.65938, 10.9792256], [106.6593853, 10.9792454], [106.6594121, 10.9793375], [106.6594282, 10.9796035]]}}, {"type": "Feature", "properties": {"name": "", "fclass": "residential"}, "geometry": {"type": "LineString", "coordinates": [[106.6590259, 10.9785306], [106.6590232, 10.9786845], [106.6589776, 10.978753], [106.6589373, 10.9788346], [106.658932, 10.9789584], [106.6589588, 10.9796377]]}}, {"type": "Feature", "properties": {"name": "", "fclass": "residential"}, "geometry": {"type": "LineString", "coordinates": [[106.6581112, 10.9788846], [106.6579851, 10.979119], [106.6579771, 10.9791769], [106.6580039, 10.9792217], [106.6583754, 10.9794455]]}}, {"type": "Feature", "properties": {"name": "", "fclass": "service"}, "geometry": {"type": "LineString", "coordinates": [[106.65938, 10.9792256], [106.6595824, 10.9792177], [106.6596012, 10.9792177]]}}, {"type": "Feature", "properties": {"name": "", "fclass": "service"}, "geometry": {"type": "LineString", "coordinates": [[106.6602598, 10.9795909], [106.6602743, 10.9794587]]}}, {"type": "Feature", "properties": {"name": "", "fclass": "service"}, "geometry": {"type": "LineString", "coordinates": [[106.6646343, 10.9779104], [106.6645271, 10.9776471], [106.6645163, 10.9775049], [106.6645324, 10.9773943], [106.6645639, 10.9772174]]}}, {"type": "Feature", "properties": {"name": "Đường Thích Quảng Đức", "fclass": "tertiary"}, "geometry": {"type": "LineString", "coordinates": [[106.6680743, 10.9786642], [106.6679937, 10.9786191], [106.6676975, 10.9784533], [106.6676776, 10.9784392], [106.6674123, 10.9783008], [106.6673334, 10.9782482], [106.6673187, 10.9782358], [106.6671302, 10.9781167], [106.6668394, 10.9779855], [106.6667789, 10.9779552], [106.6664791, 10.9778562], [106.6664486, 10.977849], [106.6664116, 10.9778365], [106.6662297, 10.9777962], [106.66613, 10.9777665], [106.6657374, 10.9776309], [106.6655499, 10.9775662], [106.6650653, 10.977411], [106.6647444, 10.9773046], [106.6645639, 10.9772174], [106.6645492, 10.9772088], [106.6645371, 10.9772029], [106.664489, 10.9771782], [106.6644763, 10.9771717], [106.664374, 10.9771191], [106.6642068, 10.9770379], [106.6640226, 10.9769829], [106.6639711, 10.9769716], [106.6638594, 10.9769582], [106.6637223, 10.9769678], [106.6635196, 10.9770131], [106.6634532, 10.9770307], [106.6633164, 10.9770742], [106.6632614, 10.9770984], [106.6632028, 10.9771222], [106.6631027, 10.9771628], [106.6624833, 10.9774627], [106.66234, 10.977552], [106.6622919, 10.9775813], [106.6617178, 10.9779589], [106.6616638, 10.9779948], [106.6612975, 10.9782385], [106.661161, 10.9783021], [106.6610437, 10.9783508], [106.6607442, 10.9784079], [106.6606875, 10.978417], [106.6601858, 10.9784976], [106.6597966, 10.9785217], [106.6597827, 10.9785228]]}}, {"type": "Feature", "properties": {"name": "", "fclass": "residential"}, "geometry": {"type": "LineString", "coordinates": [[106.66234, 10.977552], [106.6626978, 10.9779209], [106.6629848, 10.9782632], [106.6632396, 10.9785502], [106.6634515, 10.9788925], [106.663548, 10.9790953], [106.663599, 10.9792612], [106.6636312, 10.9793296], [106.6637278, 10.9794218], [106.6639638, 10.9796482], [106.6640818, 10.9797457], [106.6641891, 10.9798931], [106.6642642, 10.9800537], [106.6643527, 10.9801854], [106.6643945, 10.9802964]]}}, {"type": "Feature", "properties": {"name": "", "fclass": "residential"}, "geometry": {"type": "LineString", "coordinates": [[106.6659627, 10.9793643], [106.6656395, 10.9792794], [106.6653539, 10.9792249], [106.6651649, 10.9792148]]}}, {"type": "Feature", "properties": {"name": "", "fclass": "service"}, "geometry": {"type": "LineString", "coordinates": [[106.6636312, 10.9793296], [106.663548, 10.9793718], [106.6634944, 10.9793902], [106.6634676, 10.9794244]]}}, {"type": "Feature", "properties": {"name": "", "fclass": "residential"}, "geometry": {"type": "LineString", "coordinates": [[106.665034, 10.9796298], [106.6650259, 10.9792427]]}}, {"type": "Feature", "properties": {"name": "", "fclass": "residential"}, "geometry": {"type": "LineString", "coordinates": [[106.6658163, 10.9798425], [106.6655704, 10.9796825], [106.6653585, 10.9796219], [106.6651601, 10.9796193], [106.665034, 10.9796298], [106.6649991, 10.9797114]]}}, {"type": "Feature", "properties": {"name": "", "fclass": "residential"}, "geometry": {"type": "LineString", "coordinates": [[106.6639638, 10.9796482], [106.6639236, 10.9797878], [106.6638511, 10.979959], [106.6638243, 10.9799906], [106.6637143, 10.97998], [106.6636741, 10.97998], [106.6636339, 10.9799879]]}}, {"type": "Feature", "properties": {"name": "", "fclass": "residential"}, "geometry": {"type": "LineString", "coordinates": [[106.6650361, 10.9801437], [106.6649938, 10.9799274], [106.664983, 10.9797746], [106.6649991, 10.9797114]]}}, {"type": "Feature", "properties": {"name": "Hẻm 218 Thích Quảng Đức", "fclass": "residential"}, "geometry": {"type": "LineString", "coordinates": [[106.6664486, 10.977849], [106.6662974, 10.9783712], [106.6661599, 10.9787796], [106.6659951, 10.9792689], [106.6659627, 10.9793643], [106.6659017, 10.9795442], [106.6658163, 10.9798425], [106.6658021, 10.9798773], [106.6657567, 10.9799205], [106.6657127, 10.9799623], [106.6656375, 10.9800069], [106.6655466, 10.9800543], [106.665382, 10.9800961], [106.6650826, 10.9801379], [106.6650361, 10.9801437], [106.6649037, 10.9801601], [106.6647207, 10.9801866], [106.6646142, 10.9802075], [106.664495, 10.9802465], [106.6643945, 10.9802964], [106.6643687, 10.9803092], [106.664275, 10.9803705], [106.6642055, 10.9804256], [106.6641704, 10.9804572], [106.6641421, 10.9804787], [106.6641212, 10.9805198], [106.6640565, 10.9806115], [106.6639415, 10.9807564], [106.6634891, 10.9813076], [106.6633335, 10.9815441], [106.6633257, 10.9815659], [106.6632624, 10.9816534], [106.6632007, 10.9817521], [106.6634166, 10.9819417], [106.6637492, 10.9821971], [106.6640282, 10.9824183], [106.6641676, 10.9825842], [106.6643018, 10.9830133], [106.664391, 10.9833764], [106.6644711, 10.983702]]}}, {"type": "Feature", "properties": {"name": "Đại lộ Bình Dương", "fclass": "trunk"}, "geometry": {"type": "LineString", "coordinates": [[106.6661824, 10.9840426], [106.6662162, 10.9838659], [106.6662278, 10.9838151], [106.6662339, 10.9837839], [106.6663426, 10.9832264], [106.6665539, 10.9824293], [106.6667947, 10.9816217], [106.6668779, 10.9813632], [106.6669892, 10.9810707], [106.6672301, 10.980457], [106.6672989, 10.9803035], [106.6673567, 10.9801745], [106.6674905, 10.9798757], [106.6675255, 10.9798048], [106.66772, 10.9794111], [106.6679204, 10.9790054], [106.667985, 10.9788621], [106.6680743, 10.9786642]]}}, {"type": "Feature", "properties": {"name": "", "fclass": "trunk_link"}, "geometry": {"type": "LineString", "coordinates": [[106.6668779, 10.9813632], [106.66694061048581, 10.981384438092075]]}}, {"type": "Feature", "properties": {"name": "", "fclass": "residential"}, "geometry": {"type": "LineString", "coordinates": [[106.6668779, 10.9813632], [106.6663887, 10.981212], [106.6663024, 10.9811923], [106.6662442, 10.9811983], [106.6661237, 10.9812377], [106.6659913, 10.9813125], [106.66579, 10.9814048], [106.6652948, 10.9816317], [106.6652306, 10.9816632], [106.6651764, 10.981679], [106.6651162, 10.9816751], [106.6650801, 10.9816573], [106.665056, 10.9816278], [106.6650339, 10.9815726], [106.6650098, 10.9815174], [106.6650118, 10.9814623], [106.6650018, 10.981413], [106.6649496, 10.9813125], [106.6649255, 10.9812593]]}}, {"type": "Feature", "properties": {"name": "", "fclass": "residential"}, "geometry": {"type": "LineString", "coordinates": [[106.6636285, 10.9815862], [106.6633257, 10.9815659], [106.6629887, 10.9815755], [106.6623518, 10.9815941]]}}, {"type": "Feature", "properties": {"name": "", "fclass": "residential"}, "geometry": {"type": "LineString", "coordinates": [[106.6632007, 10.9817521], [106.6629887, 10.9815755]]}}, {"type": "Feature", "properties": {"name": "", "fclass": "service"}, "geometry": {"type": "LineString", "coordinates": [[106.6663426, 10.9832264], [106.6659835, 10.9830528], [106.6658762, 10.9829475], [106.6658056, 10.9828596], [106.6656858, 10.9827105], [106.665557, 10.9825868], [106.6654336, 10.9825157], [106.6652083, 10.9824525], [106.6650689, 10.9824262], [106.6649508, 10.9824341], [106.6649002, 10.9824611], [106.6648533, 10.9824727], [106.6648033, 10.9824709], [106.6646343, 10.9824202], [106.6645582, 10.9823873], [106.6644841, 10.9823498], [106.6643152, 10.9822576], [106.6641435, 10.9821286], [106.6640308, 10.9820128], [106.6639963, 10.9820003], [106.6639584, 10.9820101], [106.6638676, 10.9820913], [106.6637492, 10.9821971]]}}, {"type": "Feature", "properties": {"name": "", "fclass": "residential"}, "geometry": {"type": "LineString", "coordinates": [[106.664391, 10.9833764], [106.6647336, 10.9832082], [106.664865, 10.9831529], [106.6649964, 10.983116], [106.6651493, 10.9831187], [106.6652647, 10.9831371]]}}, {"type": "Feature", "properties": {"name": "", "fclass": "secondary_link"}, "geometry": {"type": "LineString", "coordinates": [[106.6635207, 10.9836193], [106.6635311, 10.9835425]]}}, {"type": "Feature", "properties": {"name": "", "fclass": "secondary_link"}, "geometry": {"type": "LineString", "coordinates": [[106.6638856, 10.9836674], [106.6638953, 10.9835875]]}}, {"type": "Feature", "properties": {"name": "", "fclass": "residential"}, "geometry": {"type": "LineString", "coordinates": [[106.6630953, 10.9838398], [106.6632019, 10.9835836]]}}, {"type": "Feature", "properties": {"name": "", "fclass": "secondary_link"}, "geometry": {"type": "LineString", "coordinates": [[106.6644674, 10.983791], [106.6644711, 10.983702]]}}, {"type": "Feature", "properties": {"name": "Bác sĩ Yersin", "fclass": "secondary"}, "geometry": {"type": "LineString", "coordinates": [[106.6628342, 10.9835134], [106.6629823, 10.9835015], [106.663304, 10.9835215], [106.6635311, 10.9835425], [106.6638953, 10.9835875], [106.6641365, 10.9836268], [106.6644711, 10.983702], [106.6649184, 10.9838255], [106.6652218, 10.983895], [106.6655717, 10.9839803], [106.6659041, 10.984013], [106.6659923, 10.9840219], [106.6661824, 10.9840426]]}}, {"type": "Feature", "properties": {"name": "Bác sĩ Yersin", "fclass": "secondary"}, "geometry": {"type": "LineString", "coordinates": [[106.6658922, 10.9841091], [106.665559, 10.9840655], [106.6654417, 10.9840501], [106.664893, 10.9839042], [106.6644674, 10.983791], [106.6643055, 10.983748], [106.6638856, 10.9836674], [106.6635207, 10.9836193], [106.6634275, 10.983607], [106.6632019, 10.9835836], [106.6629339, 10.9835558], [106.6628342, 10.9835134]]}}, {"type": "Feature", "properties": {"name": "Đoàn Trần Nghiệp", "fclass": "residential"}, "geometry": {"type": "LineString", "coordinates": [[106.6532904, 10.9789344], [106.6531401, 10.9787977], [106.6528553, 10.9785385]]}}, {"type": "Feature", "properties": {"name": "Thầy Giáo Chương", "fclass": "residential"}, "geometry": {"type": "LineString", "coordinates": [[106.6550799, 10.9783511], [106.6551648, 10.9785931], [106.655262, 10.9788689], [106.6553151, 10.9790693], [106.6553422, 10.9791306]]}}, {"type": "Feature", "properties": {"name": "", "fclass": "residential"}, "geometry": {"type": "LineString", "coordinates": [[106.6529474, 10.9790426], [106.6531401, 10.9787977]]}}, {"type": "Feature", "properties": {"name": "Nguyễn Thái Học", "fclass": "tertiary"}, "geometry": {"type": "LineString", "coordinates": [[106.6531813, 10.9792396], [106.6529474, 10.9790426], [106.6526249, 10.9787709], [106.6525691, 10.9787207]]}}, {"type": "Feature", "properties": {"name": "Lê Văn Tám", "fclass": "residential"}, "geometry": {"type": "LineString", "coordinates": [[106.6548573, 10.9790488], [106.6551676, 10.9790652], [106.6553151, 10.9790693]]}}, {"type": "Feature", "properties": {"name": "Hùng Vương", "fclass": "residential"}, "geometry": {"type": "LineString", "coordinates": [[106.6532904, 10.9789344], [106.6532272, 10.9789959], [106.6531813, 10.9792396]]}}, {"type": "Feature", "properties": {"name": "Nguyễn Trãi", "fclass": "residential"}, "geometry": {"type": "LineString", "coordinates": [[106.6546772, 10.9784725], [106.6547604, 10.9787346], [106.6548241, 10.9789277], [106.6548573, 10.9790488], [106.6548479, 10.9793205], [106.6548341, 10.9793994], [106.6548191, 10.9794853], [106.6547745, 10.9797472]]}}, {"type": "Feature", "properties": {"name": "Cách Mạng Tháng Tám", "fclass": "secondary"}, "geometry": {"type": "LineString", "coordinates": [[106.6567613, 10.9777775], [106.6566104, 10.9779823], [106.6563397, 10.9783461], [106.6559052, 10.9787014], [106.6558441, 10.978748], [106.6553422, 10.9791306], [106.6550154, 10.9794717], [106.6547745, 10.9797472], [106.6544787, 10.9799831], [106.653821, 10.980707]]}}, {"type": "Feature", "properties": {"name": "Hẻm số 4 Nguyễn Trãi", "fclass": "service"}, "geometry": {"type": "LineString", "coordinates": [[106.653431, 10.979433], [106.6536456, 10.9793751], [106.6538489, 10.9793506], [106.6539753, 10.9793387], [106.6541318, 10.9793387], [106.6543124, 10.9793417], [106.6545471, 10.9793771], [106.6546103, 10.9793771], [106.6547819, 10.979389], [106.6548341, 10.9793994]]}}, {"type": "Feature", "properties": {"name": "", "fclass": "service"}, "geometry": {"type": "LineString", "coordinates": [[106.6550154, 10.9794717], [106.6551318, 10.9795082], [106.6551874, 10.9795097], [106.6552597, 10.9795245], [106.6553169, 10.9795319], [106.6553755, 10.979557], [106.6554237, 10.9795806], [106.6554598, 10.9795806], [106.6554929, 10.9795747], [106.6555366, 10.9795747], [106.6555998, 10.9795792], [106.6556946, 10.9795969]]}}, {"type": "Feature", "properties": {"name": "Hùng Vương", "fclass": "residential"}, "geometry": {"type": "LineString", "coordinates": [[106.6564714, 10.9777665], [106.6566133, 10.9777081], [106.6567391, 10.9776877], [106.6568157, 10.9776973]]}}, {"type": "Feature", "properties": {"name": "", "fclass": "service"}, "geometry": {"type": "LineString", "coordinates": [[106.6572954, 10.97805], [106.6574031, 10.9779946], [106.6575091, 10.9779552], [106.6576271, 10.9778999], [106.6577303, 10.9778446], [106.6578269, 10.9777753], [106.6578595, 10.9777281], [106.6578953, 10.9776694]]}}, {"type": "Feature", "properties": {"name": "", "fclass": "residential"}, "geometry": {"type": "LineString", "coordinates": [[106.6566104, 10.9779823], [106.6564714, 10.9777665]]}}, {"type": "Feature", "properties": {"name": "Hẻm 372 Thích Quảng Đức", "fclass": "residential"}, "geometry": {"type": "LineString", "coordinates": [[106.6577654, 10.9782478], [106.6577089, 10.9783923], [106.6576821, 10.978491], [106.657678, 10.9785437], [106.6577261, 10.9786389], [106.6577422, 10.9786969], [106.6577422, 10.9787706], [106.6577265, 10.9788603]]}}, {"type": "Feature", "properties": {"name": "Hẻm 372 Thích Quảng Đức", "fclass": "residential"}, "geometry": {"type": "LineString", "coordinates": [[106.6581112, 10.9788846], [106.6580301, 10.97888], [106.6577464, 10.9788636], [106.6577265, 10.9788603], [106.6576177, 10.9788425], [106.6575614, 10.9787951]]}}, {"type": "Feature", "properties": {"name": "", "fclass": "residential"}, "geometry": {"type": "LineString", "coordinates": [[106.6558441, 10.978748], [106.6561596, 10.9791549]]}}, {"type": "Feature", "properties": {"name": "", "fclass": "residential"}, "geometry": {"type": "LineString", "coordinates": [[106.6579771, 10.9791769], [106.657843, 10.9790953], [106.6578001, 10.9790979], [106.6577679, 10.979148], [106.6577142, 10.9792691]]}}, {"type": "Feature", "properties": {"name": "", "fclass": "residential"}, "geometry": {"type": "LineString", "coordinates": [[106.6564989, 10.9787869], [106.6565448, 10.9789478], [106.6565716, 10.9791111], [106.6566038, 10.9792822], [106.6566816, 10.9794929], [106.6567245, 10.9795903], [106.6567701, 10.9796798], [106.6567916, 10.9797272]]}}, {"type": "Feature", "properties": {"name": "", "fclass": "service"}, "geometry": {"type": "LineString", "coordinates": [[106.6559575, 10.9796972], [106.6560738, 10.9797269], [106.6561175, 10.9797505], [106.6561641, 10.9797845], [106.6562017, 10.979817], [106.6562529, 10.9798584], [106.6562965, 10.9798879], [106.6563583, 10.9799175], [106.6564064, 10.9799352], [106.6564756, 10.9799441], [106.6565599, 10.9799544], [106.6566051, 10.9799588]]}}, {"type": "Feature", "properties": {"name": "Võ Thành Long", "fclass": "residential"}, "geometry": {"type": "LineString", "coordinates": [[106.6574251, 10.9781312], [106.657369, 10.978224], [106.6570983, 10.9783995], [106.6567433, 10.9786075], [106.6564989, 10.9787869], [106.6564598, 10.9788156], [106.6562581, 10.9789986], [106.6561596, 10.9791549], [106.6561259, 10.9792084], [106.6559688, 10.9796534], [106.6559575, 10.9796972], [106.6558026, 10.9802951], [106.6557841, 10.9803894], [106.6556744, 10.9809474], [106.6557423, 10.9816607]]}}, {"type": "Feature", "properties": {"name": "", "fclass": "service"}, "geometry": {"type": "LineString", "coordinates": [[106.6552839, 10.9801311], [106.6554598, 10.9795806]]}}, {"type": "Feature", "properties": {"name": "Lê Lợi", "fclass": "residential"}, "geometry": {"type": "LineString", "coordinates": [[106.6527949, 10.9805113], [106.6528978, 10.9800878], [106.6530777, 10.9795112], [106.6531813, 10.9792396]]}}, {"type": "Feature", "properties": {"name": "Nguyễn Trãi", "fclass": "residential"}, "geometry": {"type": "LineString", "coordinates": [[106.6547745, 10.9797472], [106.6547045, 10.9800155]]}}, {"type": "Feature", "properties": {"name": "Trần Hưng Đạo", "fclass": "tertiary"}, "geometry": {"type": "LineString", "coordinates": [[106.6536119, 10.9807157], [106.6535133, 10.9799076], [106.6534763, 10.9796294], [106.6534604, 10.9795144], [106.653431, 10.979433], [106.6531813, 10.9792396]]}}, {"type": "Feature", "properties": {"name": "Nguyễn Đình Chiểu", "fclass": "residential"}, "geometry": {"type": "LineString", "coordinates": [[106.6535133, 10.9799076], [106.6537352, 10.9798986], [106.6539046, 10.9799046], [106.6544787, 10.9799831], [106.6547045, 10.9800155], [106.6550693, 10.9800842], [106.6552839, 10.9801311], [106.6554703, 10.9801898], [106.6558026, 10.9802951]]}}, {"type": "Feature", "properties": {"name": "Nguyễn Du", "fclass": "residential"}, "geometry": {"type": "LineString", "coordinates": [[106.6547045, 10.9800155], [106.6541434, 10.9811318], [106.6541142, 10.9811744], [106.6540939, 10.9812075]]}}, {"type": "Feature", "properties": {"name": "Ngã sáu Thủ Dầu Một", "fclass": "secondary"}, "geometry": {"type": "LineString", "coordinates": [[106.653821, 10.980707], [106.6538714, 10.9807462], [106.6538954, 10.9807825], [106.6539064, 10.9807991], [106.6539226, 10.9808601]]}}, {"type": "Feature", "properties": {"name": "Ngã sáu Thủ Dầu Một", "fclass": "secondary"}, "geometry": {"type": "LineString", "coordinates": [[106.6535833, 10.9810177], [106.6535509, 10.9809767], [106.6535307, 10.9809288], [106.6535239, 10.9808774], [106.6535311, 10.980826], [106.6535489, 10.9807833], [106.6535763, 10.9807458], [106.6536119, 10.9807157], [106.6536612, 10.980692], [106.6537152, 10.9806823], [106.6537699, 10.9806874], [106.653821, 10.980707]]}}, {"type": "Feature", "properties": {"name": "Ngã sáu Thủ Dầu Một", "fclass": "secondary"}, "geometry": {"type": "LineString", "coordinates": [[106.6539226, 10.9808601], [106.653918, 10.9809237], [106.6538929, 10.9809824], [106.6538499, 10.9810302], [106.6537936, 10.9810619], [106.65373, 10.9810742]]}}, {"type": "Feature", "properties": {"name": "Bác sĩ Yersin", "fclass": "secondary"}, "geometry": {"type": "LineString", "coordinates": [[106.6539226, 10.9808601], [106.6539809, 10.9809558], [106.6541142, 10.9811744], [106.654146, 10.9812266]]}}, {"type": "Feature", "properties": {"name": "", "fclass": "service"}, "geometry": {"type": "LineString", "coordinates": [[106.658227, 10.9799447], [106.6583124, 10.979822], [106.6583379, 10.9797918], [106.6583633, 10.9797707], [106.6583768, 10.9797417], [106.6583794, 10.9796877], [106.6583754, 10.9794455]]}}, {"type": "Feature", "properties": {"name": "", "fclass": "service"}, "geometry": {"type": "LineString", "coordinates": [[106.6577673, 10.9799739], [106.6576949, 10.9801664], [106.6581222, 10.98032]]}}, {"type": "Feature", "properties": {"name": "", "fclass": "residential"}, "geometry": {"type": "LineString", "coordinates": [[106.6583926, 10.9813182], [106.6583258, 10.9811978], [106.6582731, 10.9810552], [106.6582487, 10.9809232], [106.6582428, 10.9808057], [106.6582463, 10.9806088], [106.6582505, 10.9801716], [106.6582342, 10.9799801], [106.658227, 10.9799447], [106.6581909, 10.979911], [106.6580825, 10.9798419], [106.6578161, 10.9796562]]}}, {"type": "Feature", "properties": {"name": "", "fclass": "residential"}, "geometry": {"type": "LineString", "coordinates": [[106.6595782, 10.98108], [106.6596293, 10.9808937], [106.6596723, 10.9807068], [106.6597018, 10.9806146], [106.6597366, 10.9805698], [106.6597581, 10.9802986], [106.6597661, 10.9800537]]}}, {"type": "Feature", "properties": {"name": "", "fclass": "service"}, "geometry": {"type": "LineString", "coordinates": [[106.659345, 10.9810925], [106.6593611, 10.9805619], [106.6593772, 10.9804829], [106.6593987, 10.9804434]]}}, {"type": "Feature", "properties": {"name": "", "fclass": "service"}, "geometry": {"type": "LineString", "coordinates": [[106.6588784, 10.9811139], [106.6588558, 10.9806464], [106.6588582, 10.9806106]]}}, {"type": "Feature", "properties": {"name": "", "fclass": "service"}, "geometry": {"type": "LineString", "coordinates": [[106.65748, 10.9816342], [106.6575454, 10.9814363], [106.6578, 10.981528], [106.6579704, 10.9815211], [106.6581339, 10.9814455], [106.6582296, 10.9813607], [106.6582833, 10.9812575], [106.6582039, 10.9810856], [106.6581666, 10.9809389], [106.6581362, 10.9807601], [106.6580942, 10.9805859], [106.6581058, 10.9804736], [106.6581222, 10.98032]]}}, {"type": "Feature", "properties": {"name": "Chùa Hội Khánh", "fclass": "residential"}, "geometry": {"type": "LineString", "coordinates": [[106.6596107, 10.9810807], [106.659816, 10.981085], [106.6598756, 10.9810863], [106.6600959, 10.9811377]]}}, {"type": "Feature", "properties": {"name": "", "fclass": "residential"}, "geometry": {"type": "LineString", "coordinates": [[106.6596107, 10.9810807], [106.6596106, 10.9811912], [106.6596159, 10.9812307], [106.659628, 10.9812373], [106.6596428, 10.98124], [106.6596548, 10.9812571], [106.6596575, 10.9813255]]}}, {"type": "Feature", "properties": {"name": "", "fclass": "service"}, "geometry": {"type": "LineString", "coordinates": [[106.6588056, 10.9811244], [106.6588421, 10.9811873], [106.6588944, 10.981211], [106.6589306, 10.9812321], [106.6589655, 10.9812966], [106.6590044, 10.98139], [106.6590124, 10.9815059]]}}, {"type": "Feature", "properties": {"name": "", "fclass": "service"}, "geometry": {"type": "LineString", "coordinates": [[106.6575477, 10.9802561], [106.6573214, 10.9801814], [106.6573003, 10.9801741]]}}, {"type": "Feature", "properties": {"name": "Hẻm 70 Đường Võ Thành Long", "fclass": "residential"}, "geometry": {"type": "LineString", "coordinates": [[106.6558026, 10.9802951], [106.6560548, 10.9803114], [106.6563749, 10.9803389], [106.6564749, 10.9803663]]}}, {"type": "Feature", "properties": {"name": "", "fclass": "service"}, "geometry": {"type": "LineString", "coordinates": [[106.6573003, 10.9801741], [106.6572846, 10.9802117], [106.6570567, 10.980797]]}}, {"type": "Feature", "properties": {"name": "", "fclass": "residential"}, "geometry": {"type": "LineString", "coordinates": [[106.6557841, 10.9803894], [106.6559627, 10.9805038], [106.6562468, 10.9806394], [106.6565049, 10.9807651]]}}, {"type": "Feature", "properties": {"name": "", "fclass": "service"}, "geometry": {"type": "LineString", "coordinates": [[106.6570996, 10.9815335], [106.6571253, 10.9814414], [106.6571738, 10.9812676], [106.65732, 10.9808963], [106.657505, 10.9803592], [106.6575477, 10.9802561], [106.6575855, 10.9801828], [106.6576901, 10.9799116]]}}, {"type": "Feature", "properties": {"name": "", "fclass": "service"}, "geometry": {"type": "LineString", "coordinates": [[106.6570567, 10.980797], [106.6570754, 10.9808111], [106.65732, 10.9808963]]}}, {"type": "Feature", "properties": {"name": "", "fclass": "residential"}, "geometry": {"type": "LineString", "coordinates": [[106.6572295, 10.9820379], [106.6571644, 10.9820055], [106.6571315, 10.9819904], [106.6570947, 10.9819779], [106.6570598, 10.9819733], [106.6570055, 10.9819713], [106.6569485, 10.9819706], [106.6568848, 10.9819706], [106.6568251, 10.9819772], [106.6567614, 10.9819779], [106.6567312, 10.9819785]]}}, {"type": "Feature", "properties": {"name": "", "fclass": "residential"}, "geometry": {"type": "LineString", "coordinates": [[106.6561457, 10.9816184], [106.6562149, 10.9820128], [106.6562189, 10.9820549], [106.6562136, 10.9820852], [106.6561921, 10.9821036], [106.6561331, 10.9821141], [106.6561063, 10.9821207], [106.6560902, 10.9821418], [106.6560848, 10.9821787], [106.6560828, 10.9822386], [106.6560727, 10.9822688], [106.6560499, 10.9822998], [106.6560191, 10.9823327], [106.6559822, 10.9823663], [106.65594, 10.982388], [106.6559064, 10.9824038], [106.655897, 10.9824235], [106.6559038, 10.9824736]]}}, {"type": "Feature", "properties": {"name": "", "fclass": "residential"}, "geometry": {"type": "LineString", "coordinates": [[106.6566552, 10.981567], [106.6566038, 10.9819706], [106.6565896, 10.9821935], [106.6565877, 10.9822234], [106.6565428, 10.9823824], [106.6565099, 10.9823998], [106.6564295, 10.9824393], [106.6563624, 10.9824709], [106.6563329, 10.9826157], [106.6563356, 10.9826684], [106.6563369, 10.9827856]]}}, {"type": "Feature", "properties": {"name": "", "fclass": "residential"}, "geometry": {"type": "LineString", "coordinates": [[106.6578604, 10.9819338], [106.657733, 10.9820575], [106.6576552, 10.9821313], [106.6576311, 10.9822129], [106.6575882, 10.9822787], [106.6575453, 10.9823551], [106.6574863, 10.9824314]]}}, {"type": "Feature", "properties": {"name": "Ngã sáu Thủ Dầu Một", "fclass": "secondary"}, "geometry": {"type": "LineString", "coordinates": [[106.65373, 10.9810742], [106.6536764, 10.9810688], [106.6536742, 10.9810679], [106.6536263, 10.9810495], [106.6535833, 10.9810177]]}}, {"type": "Feature", "properties": {"name": "Bác sĩ Yersin", "fclass": "secondary"}, "geometry": {"type": "LineString", "coordinates": [[106.654146, 10.9812266], [106.6540939, 10.9812075], [106.65373, 10.9810742]]}}, {"type": "Feature", "properties": {"name": "", "fclass": "residential"}, "geometry": {"type": "LineString", "coordinates": [[106.6527437, 10.9817636], [106.6527687, 10.9816878], [106.6528164, 10.9815431], [106.6528442, 10.9814508]]}}, {"type": "Feature", "properties": {"name": "Ngô Quyền", "fclass": "residential"}, "geometry": {"type": "LineString", "coordinates": [[106.6532628, 10.9819], [106.6534138, 10.9819635], [106.6536052, 10.9820858], [106.6537858, 10.982194], [106.653988, 10.9823198], [106.6541758, 10.9824226], [106.6543889, 10.9825432], [106.6545732, 10.9826118]]}}, {"type": "Feature", "properties": {"name": "", "fclass": "residential"}, "geometry": {"type": "LineString", "coordinates": [[106.6546983, 10.982425], [106.6548891, 10.9824562], [106.6551111, 10.9824831], [106.6552138, 10.9824831], [106.6552438, 10.9824716], [106.6552742, 10.9824367], [106.6552902, 10.9824341], [106.6555003, 10.9824672]]}}, {"type": "Feature", "properties": {"name": "", "fclass": "residential"}, "geometry": {"type": "LineString", "coordinates": [[106.6529924, 10.9825939], [106.6526408, 10.9824643]]}}, {"type": "Feature", "properties": {"name": "Cách Mạng Tháng Tám", "fclass": "secondary"}, "geometry": {"type": "LineString", "coordinates": [[106.6526348, 10.9840552], [106.6526341, 10.9840401], [106.6526342, 10.9837593], [106.6526473, 10.983585], [106.6527157, 10.98333], [106.6528351, 10.9830033], [106.652915, 10.9827955], [106.6529924, 10.9825939], [106.6531741, 10.9821211], [106.6532628, 10.9819], [106.6535833, 10.9810177]]}}, {"type": "Feature", "properties": {"name": "", "fclass": "residential"}, "geometry": {"type": "LineString", "coordinates": [[106.6552138, 10.9824831], [106.6552325, 10.9825038], [106.6552533, 10.9825262], [106.6552701, 10.9825631], [106.6552801, 10.9825986], [106.6552868, 10.9826204], [106.6552936, 10.9826506], [106.6552969, 10.9826941], [106.6552936, 10.9827441], [106.6552929, 10.9828382], [106.6552915, 10.9829251], [106.6552889, 10.9830818]]}}, {"type": "Feature", "properties": {"name": "Phạm Ngũ Lão", "fclass": "tertiary"}, "geometry": {"type": "LineString", "coordinates": [[106.6546498, 10.9844176], [106.6546255, 10.9843282], [106.6545791, 10.9841256], [106.654523, 10.9840336], [106.6545045, 10.983887], [106.6545218, 10.9838805], [106.6544718, 10.9834293], [106.6545239, 10.9830843], [106.6545247, 10.9830728], [106.6545247, 10.9828136], [106.6545732, 10.9826118], [106.6546983, 10.982425], [106.6546947, 10.9823738], [106.6547599, 10.9823212], [106.6549251, 10.9820205], [106.6550444, 10.9818057], [106.6550298, 10.9817993], [106.655158, 10.9816045]]}}, {"type": "Feature", "properties": {"name": "", "fclass": "residential"}, "geometry": {"type": "LineString", "coordinates": [[106.6545247, 10.9830728], [106.6544111, 10.9830634], [106.6542991, 10.9830555], [106.6541489, 10.9830318], [106.6540215, 10.9830022]]}}, {"type": "Feature", "properties": {"name": "", "fclass": "residential"}, "geometry": {"type": "LineString", "coordinates": [[106.6565896, 10.9821935], [106.6566642, 10.9821984], [106.6567071, 10.9822056], [106.6567292, 10.9822175], [106.6567688, 10.982234], [106.6568244, 10.9822511], [106.6568821, 10.9822688], [106.6569518, 10.9822833], [106.6570202, 10.9822912], [106.6570786, 10.9822945]]}}, {"type": "Feature", "properties": {"name": "", "fclass": "residential"}, "geometry": {"type": "LineString", "coordinates": [[106.6573692, 10.9815927], [106.6573226, 10.9818048], [106.6572851, 10.9819364], [106.6572295, 10.9820379], [106.6572073, 10.9820786], [106.6570786, 10.9822945], [106.6570276, 10.9824709], [106.6570089, 10.9825051], [106.656931, 10.9826974], [106.6569203, 10.9827474], [106.6569579, 10.9828001], [106.6569605, 10.9828606], [106.6569284, 10.9829528], [106.6569096, 10.9830107], [106.6569579, 10.9830502], [106.6573406, 10.9832108]]}}, {"type": "Feature", "properties": {"name": "", "fclass": "residential"}, "geometry": {"type": "LineString", "coordinates": [[106.6565099, 10.9823998], [106.6564684, 10.9825855], [106.6564663, 10.9826322], [106.6564523, 10.9826526], [106.6563678, 10.9826684], [106.6563356, 10.9826684]]}}, {"type": "Feature", "properties": {"name": "", "fclass": "residential"}, "geometry": {"type": "LineString", "coordinates": [[106.6567144, 10.9829278], [106.6567151, 10.9828488], [106.6567366, 10.9827461], [106.6567594, 10.98265], [106.6567701, 10.9825736], [106.6567755, 10.982521], [106.6567701, 10.9824933], [106.6567487, 10.9824591], [106.6567138, 10.9824183], [106.6566843, 10.9823959], [106.6566387, 10.982388], [106.6565716, 10.9823827], [106.6565428, 10.9823824]]}}, {"type": "Feature", "properties": {"name": "", "fclass": "residential"}, "geometry": {"type": "LineString", "coordinates": [[106.6566092, 10.983016], [106.6565019, 10.9829659], [106.6563919, 10.9829423], [106.6562256, 10.9829396], [106.6561425, 10.9829396]]}}, {"type": "Feature", "properties": {"name": "", "fclass": "residential"}, "geometry": {"type": "LineString", "coordinates": [[106.6569096, 10.9830107], [106.6567782, 10.9829317], [106.6567352, 10.9829159], [106.6567144, 10.9829278], [106.6566521, 10.9829633], [106.6566092, 10.983016], [106.6565689, 10.9831239], [106.6565341, 10.9832951], [106.6565126, 10.9833741]]}}, {"type": "Feature", "properties": {"name": "", "fclass": "residential"}, "geometry": {"type": "LineString", "coordinates": [[106.6571078, 10.9842177], [106.6571666, 10.9839344], [106.6572176, 10.9836361], [106.6573172, 10.9832651], [106.6573214, 10.9832553], [106.6573406, 10.9832108], [106.6574092, 10.983052], [106.6576364, 10.9828088], [106.6579327, 10.9825832], [106.6580731, 10.9824979], [106.6581421, 10.9824303], [106.6582289, 10.982302]]}}, {"type": "Feature", "properties": {"name": "", "fclass": "residential"}, "geometry": {"type": "LineString", "coordinates": [[106.6573214, 10.9832553], [106.6577672, 10.9833886], [106.6579308, 10.9834333]]}}, {"type": "Feature", "properties": {"name": "", "fclass": "residential"}, "geometry": {"type": "LineString", "coordinates": [[106.6559279, 10.9842447], [106.6559198, 10.9839112], [106.6559547, 10.9836269], [106.6559628, 10.9835479], [106.6559561, 10.9834807], [106.6559587, 10.983436], [106.6559762, 10.9833807], [106.6560137, 10.9833096], [106.6560513, 10.9831924]]}}, {"type": "Feature", "properties": {"name": "", "fclass": "residential"}, "geometry": {"type": "LineString", "coordinates": [[106.6562893, 10.9842094], [106.6563211, 10.9839409], [106.6563944, 10.9836169], [106.6564494, 10.9834435], [106.6564794, 10.983414], [106.6565126, 10.9833741]]}}, {"type": "Feature", "properties": {"name": "Chùa Hội Khánh", "fclass": "residential"}, "geometry": {"type": "LineString", "coordinates": [[106.6578071, 10.9818634], [106.6580103, 10.9816837], [106.6583119, 10.9814018], [106.6583926, 10.9813182], [106.6585556, 10.9812157], [106.6587241, 10.9811361], [106.6588056, 10.9811244], [106.6588784, 10.9811139], [106.6589475, 10.981104], [106.659345, 10.9810925], [106.6593772, 10.9810916], [106.659538, 10.9810792], [106.6595782, 10.98108], [106.6596107, 10.9810807]]}}, {"type": "Feature", "properties": {"name": "", "fclass": "residential"}, "geometry": {"type": "LineString", "coordinates": [[106.6595357, 10.9823602], [106.6595274, 10.9822024], [106.6595261, 10.9820496], [106.6595113, 10.9819641], [106.6594926, 10.9818851], [106.6594778, 10.9817969], [106.6594698, 10.9816836], [106.659463, 10.9816323], [106.6594657, 10.9816125], [106.6594765, 10.9816046], [106.6595221, 10.9815994], [106.6596146, 10.9815849], [106.6596588, 10.9815836], [106.6597152, 10.9815849], [106.6598721, 10.9815981], [106.6599137, 10.9815967], [106.6599284, 10.9815954], [106.6599378, 10.9815809], [106.6599391, 10.9815414], [106.6599365, 10.9814374], [106.6599311, 10.9814216], [106.659907, 10.9813914], [106.6598882, 10.9813769], [106.6598828, 10.9813492], [106.6598587, 10.9813097], [106.6598466, 10.9812689], [106.6598292, 10.9812479], [106.6598171, 10.9812242], [106.6598171, 10.9812044], [106.659816, 10.981085]]}}, {"type": "Feature", "properties": {"name": "Bác sĩ Yersin", "fclass": "secondary"}, "geometry": {"type": "LineString", "coordinates": [[106.654146, 10.9812266], [106.6550232, 10.9815685], [106.655158, 10.9816045], [106.6552975, 10.981623], [106.6555297, 10.9816552], [106.6557423, 10.9816607], [106.6561457, 10.9816184], [106.6566552, 10.981567], [106.6569815, 10.9815335], [106.6570996, 10.9815335], [106.6572516, 10.9815678], [106.6573692, 10.9815927], [106.65748, 10.9816342], [106.6575348, 10.9816593], [106.6576732, 10.9817451], [106.6578071, 10.9818634], [106.6578604, 10.9819338], [106.6579279, 10.9819984], [106.6581498, 10.9822413], [106.6582289, 10.982302], [106.6583174, 10.9823565], [106.6585002, 10.982417], [106.6587374, 10.9824179], [106.6588882, 10.9824029], [106.6595357, 10.9823602], [106.6596642, 10.9823601], [106.6600717, 10.9823599], [106.6607075, 10.9823757], [106.6611354, 10.9824405], [106.6613848, 10.9825751], [106.6615961, 10.9827159], [106.661965, 10.9830449], [106.6619975, 10.9830749], [106.6622445, 10.9832862], [106.6625843, 10.9834683], [106.6627117, 10.9834992], [106.6628342, 10.9835134]]}}, {"type": "Feature", "properties": {"name": "", "fclass": "service"}, "geometry": {"type": "LineString", "coordinates": [[106.6588882, 10.9824029], [106.658881, 10.9826046], [106.6588743, 10.9827079]]}}, {"type": "Feature", "properties": {"name": "", "fclass": "residential"}, "geometry": {"type": "LineString", "coordinates": [[106.6596642, 10.9823601], [106.6597313, 10.982646], [106.6597943, 10.9829041], [106.6598493, 10.9831437]]}}, {"type": "Feature", "properties": {"name": "", "fclass": "residential"}, "geometry": {"type": "LineString", "coordinates": [[106.6587374, 10.9824179], [106.658712, 10.9825789], [106.6586852, 10.9827764], [106.6586235, 10.9828896], [106.6586235, 10.9830476], [106.6585833, 10.983482], [106.6585672, 10.9837769], [106.658543, 10.9839718], [106.6585189, 10.9841403], [106.6585189, 10.9841956], [106.6585779, 10.9842535], [106.6588703, 10.9843615], [106.6590446, 10.984422], [106.6590419, 10.9844668], [106.6588971, 10.9847406], [106.6589011, 10.9847538], [106.6589105, 10.984767], [106.6589306, 10.9847657], [106.6589963, 10.9847512], [106.6590554, 10.9847591], [106.6590889, 10.9847973], [106.6590929, 10.9848275], [106.6590768, 10.9848657], [106.6590674, 10.9849013], [106.6590722, 10.9849304], [106.6590741, 10.9849421], [106.6591077, 10.9849881], [106.6591412, 10.9850434], [106.659168, 10.9850974], [106.6591975, 10.9851409], [106.6592243, 10.9851474], [106.6592699, 10.9851159], [106.6593651, 10.9850619], [106.6594456, 10.9850316], [106.6596065, 10.9849552]]}}, {"type": "Feature", "properties": {"name": "", "fclass": "service"}, "geometry": {"type": "LineString", "coordinates": [[106.6590446, 10.984422], [106.6592726, 10.9839771], [106.6593719, 10.9839639], [106.6596535, 10.9839665]]}}, {"type": "Feature", "properties": {"name": "", "fclass": "service"}, "geometry": {"type": "LineString", "coordinates": [[106.6578928, 10.9847101], [106.6579463, 10.9846261], [106.6579838, 10.9845195], [106.6580509, 10.9842825], [106.6580763, 10.9841587]]}}, {"type": "Feature", "properties": {"name": "", "fclass": "residential"}, "geometry": {"type": "LineString", "coordinates": [[106.6590722, 10.9849304], [106.6589937, 10.9849579], [106.658932, 10.9849934], [106.6588448, 10.9850816]]}}, {"type": "Feature", "properties": {"name": "", "fclass": "residential"}, "geometry": {"type": "LineString", "coordinates": [[106.6582517, 10.9850793], [106.658185, 10.9851935], [106.6581454, 10.98526], [106.6581333, 10.9852778], [106.6581193, 10.9852784], [106.6581079, 10.9852752], [106.6580978, 10.9852765], [106.6580898, 10.9852817], [106.6580006, 10.9854312], [106.6579168, 10.9855776], [106.6579147, 10.9855905], [106.6579208, 10.9856095], [106.6579204, 10.985624], [106.6579147, 10.9856385], [106.6578899, 10.9856839], [106.6577692, 10.9858748]]}}, {"type": "Feature", "properties": {"name": "", "fclass": "residential"}, "geometry": {"type": "LineString", "coordinates": [[106.6531522, 10.9841771], [106.6532568, 10.9838572], [106.6534108, 10.9834933], [106.6536896, 10.9828822]]}}, {"type": "Feature", "properties": {"name": "Hẻm 39 Phạm Ngũ Lão", "fclass": "residential"}, "geometry": {"type": "LineString", "coordinates": [[106.6545791, 10.9841256], [106.6543418, 10.9841375], [106.6534991, 10.9841437]]}}, {"type": "Feature", "properties": {"name": "", "fclass": "tertiary"}, "geometry": {"type": "LineString", "coordinates": [[106.6546498, 10.9844176], [106.6546515, 10.9844227]]}}, {"type": "Feature", "properties": {"name": "", "fclass": "tertiary"}, "geometry": {"type": "LineString", "coordinates": [[106.6546828, 10.9845446], [106.6546515, 10.9844227]]}}, {"type": "Feature", "properties": {"name": "", "fclass": "service"}, "geometry": {"type": "LineString", "coordinates": [[106.6541845, 10.9846616], [106.6542258, 10.985077]]}}, {"type": "Feature", "properties": {"name": "", "fclass": "service"}, "geometry": {"type": "LineString", "coordinates": [[106.6542529, 10.9850961], [106.6542258, 10.985077], [106.6539649, 10.9848934], [106.653955, 10.9848911], [106.6539478, 10.984892]]}}, {"type": "Feature", "properties": {"name": "", "fclass": "service"}, "geometry": {"type": "LineString", "coordinates": [[106.6539478, 10.984892], [106.6537245, 10.9852067]]}}, {"type": "Feature", "properties": {"name": "Đường Bờ Kênh", "fclass": "residential"}, "geometry": {"type": "LineString", "coordinates": [[106.6612841, 10.987771], [106.6610783, 10.9876627], [106.6609419, 10.9875805], [106.6605052, 10.9873173], [106.6600354, 10.9870215], [106.659757, 10.9867708], [106.6593816, 10.9863672], [106.6590982, 10.9860964], [106.6590369, 10.9859961], [106.6589935, 10.9858733], [106.6589986, 10.985758], [106.6589603, 10.9856703], [106.6588683, 10.9855825], [106.6584291, 10.9852065], [106.6582517, 10.9850793], [106.6582018, 10.9850435], [106.657949, 10.9848806], [106.657783, 10.9847552], [106.6576936, 10.9846775], [106.6575889, 10.9845622], [106.6575276, 10.984482], [106.6574664, 10.9844243], [106.6572953, 10.9843692], [106.65706, 10.9843664], [106.6567666, 10.9843165], [106.6566441, 10.9843165], [106.6564771, 10.9843182], [106.6563989, 10.984319], [106.6561997, 10.9843215], [106.6560261, 10.9843516], [106.6558754, 10.9843917], [106.6557851, 10.9844114], [106.6557605, 10.9844168], [106.6553494, 10.9844519], [106.6550378, 10.984492], [106.6547441, 10.9845396], [106.654684, 10.984552], [106.6544888, 10.9845772], [106.65431, 10.9845798], [106.6541083, 10.9845522], [106.6540189, 10.9845146], [106.6539295, 10.9844344], [106.6538708, 10.9843917], [106.6535848, 10.9843617], [106.6533268, 10.9843065], [106.6530485, 10.9842864], [106.6526429, 10.9842666], [106.652475, 10.9842268], [106.6523501, 10.9841557], [106.6522994, 10.9840081], [106.6522957, 10.9837913], [106.6522668, 10.9837059], [106.6521084, 10.983585], [106.6520875, 10.983569], [106.6520168, 10.9834766], [106.6520114, 10.9833539], [106.6520186, 10.9831761], [106.6520114, 10.9830357], [106.6519299, 10.9829343], [106.6515985, 10.9827761], [106.6513975, 10.9826712], [106.6512834, 10.982641], [106.6512123, 10.982644], [106.6509628, 10.9826125], [106.6507292, 10.9826339], [106.6505561, 10.9826799], [106.6504812, 10.9827107], [106.6503578, 10.9827444], [106.6501986, 10.9828081], [106.650099, 10.9829628], [106.6499486, 10.9830197], [106.6498146, 10.9830748], [106.6497151, 10.9831129], [106.6496841, 10.9831091]]}}, {"type": "Feature", "properties": {"name": "", "fclass": "service"}, "geometry": {"type": "LineString", "coordinates": [[106.6540088, 10.9854239], [106.6542529, 10.9850961], [106.6546029, 10.9853647], [106.6546699, 10.9853805], [106.6547531, 10.9853936]]}}, {"type": "Feature", "properties": {"name": "", "fclass": "residential"}, "geometry": {"type": "LineString", "coordinates": [[106.6547531, 10.9853936], [106.6548356, 10.9854038]]}}, {"type": "Feature", "properties": {"name": "", "fclass": "service"}, "geometry": {"type": "LineString", "coordinates": [[106.6532537, 10.9856451], [106.6531245, 10.9854969], [106.6529617, 10.9853783], [106.652813, 10.9853015], [106.6525235, 10.985219]]}}, {"type": "Feature", "properties": {"name": "", "fclass": "residential"}, "geometry": {"type": "LineString", "coordinates": [[106.6548356, 10.9854038], [106.6550633, 10.9854496], [106.6553187, 10.9855073], [106.6554413, 10.9855549], [106.6555061, 10.9855772]]}}, {"type": "Feature", "properties": {"name": "", "fclass": "residential"}, "geometry": {"type": "LineString", "coordinates": [[106.6547531, 10.9853936], [106.6545694, 10.9855253], [106.6543387, 10.9856938], [106.6542582, 10.9857452], [106.6537446, 10.9859755], [106.6537285, 10.9859716], [106.653707, 10.9859347], [106.6536494, 10.9858465], [106.653585, 10.9857754], [106.6535273, 10.9856991], [106.6534965, 10.9856747], [106.6534827, 10.9856731], [106.6534609, 10.9856889], [106.6534495, 10.9856856], [106.6534321, 10.9856622], [106.653361, 10.9855727], [106.6533449, 10.9855635], [106.6533262, 10.9855753], [106.6532899, 10.9856109], [106.6532537, 10.9856451], [106.6532366, 10.9856464], [106.6532192, 10.9856569], [106.6531324, 10.985786]]}}, {"type": "Feature", "properties": {"name": "", "fclass": "residential"}, "geometry": {"type": "LineString", "coordinates": [[106.6555061, 10.9855772], [106.6554525, 10.9858459]]}}, {"type": "Feature", "properties": {"name": "", "fclass": "residential"}, "geometry": {"type": "LineString", "coordinates": [[106.6537783, 10.9861429], [106.6535859, 10.9862188], [106.6534519, 10.9862879], [106.653354, 10.9863537], [106.6533087, 10.9864004], [106.6532887, 10.9864212], [106.6531993, 10.9865544]]}}, {"type": "Feature", "properties": {"name": "", "fclass": "residential"}, "geometry": {"type": "LineString", "coordinates": [[106.6549853, 10.98629], [106.6548805, 10.9863396], [106.6545908, 10.9864771]]}}, {"type": "Feature", "properties": {"name": "", "fclass": "residential"}, "geometry": {"type": "LineString", "coordinates": [[106.6535298, 10.9868672], [106.6534381, 10.9867872], [106.6533986, 10.9867164], [106.6533763, 10.9866556], [106.6533746, 10.9866033], [106.6533814, 10.9865595], [106.6533591, 10.9864887], [106.6533368, 10.9864397], [106.6533087, 10.9864004]]}}, {"type": "Feature", "properties": {"name": "", "fclass": "service"}, "geometry": {"type": "LineString", "coordinates": [[106.6550676, 10.9865461], [106.6549643, 10.9866068], [106.6548832, 10.9866549], [106.654796, 10.9866977], [106.6547806, 10.9866963], [106.6547611, 10.9866957], [106.6547303, 10.9867082], [106.654688, 10.9867365]]}}, {"type": "Feature", "properties": {"name": "", "fclass": "residential"}, "geometry": {"type": "LineString", "coordinates": [[106.6532646, 10.9869674], [106.6531753, 10.9867023]]}}, {"type": "Feature", "properties": {"name": "", "fclass": "residential"}, "geometry": {"type": "LineString", "coordinates": [[106.6526326, 10.9871204], [106.6530539, 10.9870179], [106.6532424, 10.986974], [106.6532646, 10.9869674], [106.653491, 10.9869022], [106.6535298, 10.9868672], [106.6535447, 10.9868538], [106.653637, 10.986839]]}}, {"type": "Feature", "properties": {"name": "", "fclass": "service"}, "geometry": {"type": "LineString", "coordinates": [[106.6619569, 10.9795843], [106.6622178, 10.9795864], [106.6622923, 10.9796047], [106.6624878, 10.9796065], [106.6625754, 10.9796284], [106.6626908, 10.9796833]]}}, {"type": "Feature", "properties": {"name": "", "fclass": "residential"}, "geometry": {"type": "LineString", "coordinates": [[106.6600959, 10.9811377], [106.6601577, 10.9811096], [106.6622311, 10.9811254], [106.6623196, 10.9811597], [106.6623411, 10.981236], [106.6623518, 10.9815941]]}}, {"type": "Feature", "properties": {"name": "", "fclass": "residential"}, "geometry": {"type": "LineString", "coordinates": [[106.6623518, 10.9815941], [106.6612816, 10.9816152], [106.6611958, 10.9815862], [106.6611207, 10.9815335], [106.6610348, 10.9815099], [106.6601229, 10.9815362], [106.6600773, 10.9815125], [106.6600719, 10.9814388], [106.6600959, 10.9811377]]}}, {"type": "Feature", "properties": {"name": "", "fclass": "residential"}, "geometry": {"type": "LineString", "coordinates": [[106.6623518, 10.9815941], [106.6623384, 10.9820628]]}}, {"type": "Feature", "properties": {"name": "", "fclass": "residential"}, "geometry": {"type": "LineString", "coordinates": [[106.6619575, 10.9821023], [106.6623384, 10.9820628], [106.6626361, 10.9820733]]}}, {"type": "Feature", "properties": {"name": "", "fclass": "service"}, "geometry": {"type": "LineString", "coordinates": [[106.6621094, 10.9846846], [106.6617941, 10.9845174], [106.6615774, 10.9844473], [106.6611338, 10.9843972], [106.6607004, 10.9843447]]}}, {"type": "Feature", "properties": {"name": "", "fclass": "residential"}, "geometry": {"type": "LineString", "coordinates": [[106.6615703, 10.9856519], [106.6619277, 10.9850041], [106.6621094, 10.9846846], [106.6622744, 10.9843943], [106.6623728, 10.9842227], [106.662567, 10.9838838], [106.6626897, 10.9835589], [106.6627117, 10.9834992]]}}, {"type": "Feature", "properties": {"name": "", "fclass": "service"}, "geometry": {"type": "LineString", "coordinates": [[106.6624511, 10.9861493], [106.6624752, 10.9860861], [106.6624859, 10.986044], [106.6624913, 10.9859992], [106.6625006, 10.9858742], [106.6625114, 10.9857952], [106.6625208, 10.9857504], [106.6625342, 10.9857201], [106.6627809, 10.9852699]]}}, {"type": "Feature", "properties": {"name": "", "fclass": "residential"}, "geometry": {"type": "LineString", "coordinates": [[106.6611609, 10.9862862], [106.6615703, 10.9856519]]}}, {"type": "Feature", "properties": {"name": "", "fclass": "residential"}, "geometry": {"type": "LineString", "coordinates": [[106.6606359, 10.9872599], [106.6608605, 10.9869853], [106.6609886, 10.9868227], [106.6610643, 10.986697]]}}, {"type": "Feature", "properties": {"name": "", "fclass": "secondary_link"}, "geometry": {"type": "LineString", "coordinates": [[106.664893, 10.9839042], [106.6649184, 10.9838255]]}}, {"type": "Feature", "properties": {"name": "", "fclass": "service"}, "geometry": {"type": "LineString", "coordinates": [[106.6645847, 10.9840179], [106.6648436, 10.9840705]]}}, {"type": "Feature", "properties": {"name": "", "fclass": "service"}, "geometry": {"type": "LineString", "coordinates": [[106.664893, 10.9839042], [106.6648607, 10.984013], [106.6648436, 10.9840705], [106.6649723, 10.9841127], [106.6650031, 10.9841324], [106.6650233, 10.9841666], [106.6650259, 10.9842127], [106.6649844, 10.9844339], [106.6649736, 10.9844602], [106.6649415, 10.9844839], [106.6649052, 10.9844944], [106.664869, 10.9844944], [106.6645619, 10.9844115], [106.6645284, 10.9843931], [106.664511, 10.9843628], [106.6645136, 10.9843286], [106.6645351, 10.9842232], [106.6645619, 10.98411], [106.6645847, 10.9840179], [106.6644935, 10.9839863], [106.6641234, 10.9838875]]}}, {"type": "Feature", "properties": {"name": "", "fclass": "service"}, "geometry": {"type": "LineString", "coordinates": [[106.6654737, 10.9842198], [106.6655881, 10.9844696]]}}, {"type": "Feature", "properties": {"name": "Âu Cơ", "fclass": "residential"}, "geometry": {"type": "LineString", "coordinates": [[106.6649066, 10.9855266], [106.6648959, 10.9854687], [106.6648733, 10.9854053], [106.664857, 10.9853837], [106.6646399, 10.9850963], [106.6645839, 10.9850488], [106.6644305, 10.984919], [106.6638165, 10.984373], [106.6637077, 10.9842863], [106.6634915, 10.9841142], [106.6630953, 10.9838398], [106.6626897, 10.9835589]]}}, {"type": "Feature", "properties": {"name": "", "fclass": "residential"}, "geometry": {"type": "LineString", "coordinates": [[106.6642318, 10.9854295], [106.6645839, 10.9850488], [106.6647266, 10.9849367], [106.6648386, 10.9847737], [106.6649774, 10.9846476], [106.6650408, 10.9845893], [106.6654453, 10.984249], [106.6654737, 10.9842198], [106.6655247, 10.9841674], [106.665559, 10.9840655]]}}, {"type": "Feature", "properties": {"name": "", "fclass": "service"}, "geometry": {"type": "LineString", "coordinates": [[106.6649774, 10.9846476], [106.6650807, 10.984744], [106.6649691, 10.9848727], [106.6650824, 10.9849887], [106.6652043, 10.985163], [106.6652137, 10.9851764], [106.6652764, 10.985153], [106.6653297, 10.985268], [106.665487, 10.9852006], [106.6655142, 10.9852517], [106.6656667, 10.9851983], [106.6659002, 10.9851899]]}}, {"type": "Feature", "properties": {"name": "", "fclass": "residential"}, "geometry": {"type": "MultiLineString", "coordinates": [[[106.6637077, 10.9842863], [106.6633413, 10.9848273]], [[106.6633413, 10.9848273], [106.6632903, 10.9849025], [106.663022, 10.9852829], [106.6630107, 10.9853135], [106.6630164, 10.9853526], [106.6630476, 10.9853999], [106.6630944, 10.9854389], [106.6631171, 10.9854779], [106.6631185, 10.985503], [106.6630305, 10.9856423], [106.6629865, 10.9857064], [106.6629795, 10.9857385], [106.6630462, 10.9861021], [106.6630618, 10.9861188], [106.663076, 10.9861118], [106.6631029, 10.9860965], [106.6633963, 10.9856597], [106.6636578, 10.9852704], [106.6636848, 10.9852202], [106.6636763, 10.9851937], [106.6634847, 10.9850614], [106.6633413, 10.9848273]]]}}, {"type": "Feature", "properties": {"name": "", "fclass": "service"}, "geometry": {"type": "LineString", "coordinates": [[106.664857, 10.9853837], [106.6652043, 10.985163]]}}, {"type": "Feature", "properties": {"name": "", "fclass": "residential"}, "geometry": {"type": "LineString", "coordinates": [[106.6633963, 10.9856597], [106.6631171, 10.9854779]]}}, {"type": "Feature", "properties": {"name": "", "fclass": "trunk_link"}, "geometry": {"type": "LineString", "coordinates": [[106.66621007275701, 10.984130702220229], [106.6661631, 10.9841321]]}}, {"type": "Feature", "properties": {"name": "Đại lộ Bình Dương", "fclass": "trunk"}, "geometry": {"type": "LineString", "coordinates": [[106.6660872, 10.9844964], [106.6661252, 10.9843143], [106.6661408, 10.9842391], [106.6661631, 10.9841321], [106.6661824, 10.9840426]]}}, {"type": "Feature", "properties": {"name": "", "fclass": "trunk_link"}, "geometry": {"type": "LineString", "coordinates": [[106.6660872, 10.9844964], [106.6660835, 10.9844349], [106.6660742, 10.9843739], [106.666062, 10.9843234], [106.6660459, 10.9842739], [106.6660183, 10.9842294], [106.6659856, 10.9841884], [106.6659416, 10.9841456], [106.6658922, 10.9841091]]}}, {"type": "Feature", "properties": {"name": "Đại lộ Bình Dương", "fclass": "trunk"}, "geometry": {"type": "LineString", "coordinates": [[106.665533, 10.9861341], [106.6656809, 10.9858033], [106.6657435, 10.9856432], [106.6658024, 10.9854818], [106.6658614, 10.9853084], [106.6659002, 10.9851899], [106.6659161, 10.9851415], [106.665963, 10.9849817], [106.6660063, 10.9848288], [106.6660489, 10.9846631], [106.6660872, 10.9844964]]}}, {"type": "Feature", "properties": {"name": "Đại lộ Bình Dương", "fclass": "trunk"}, "geometry": {"type": "LineString", "coordinates": [[106.6654257, 10.9863754], [106.665533, 10.9861341]]}}, {"type": "Feature", "properties": {"name": "", "fclass": "trunk_link"}, "geometry": {"type": "LineString", "coordinates": [[106.66546140548922, 10.986390789769564], [106.6654257, 10.9863754]]}}, {"type": "Feature", "properties": {"name": "Đại lộ Bình Dương", "fclass": "trunk"}, "geometry": {"type": "LineString", "coordinates": [[106.6653631, 10.986492], [106.6654257, 10.9863754]]}}, {"type": "Feature", "properties": {"name": "", "fclass": "residential"}, "geometry": {"type": "LineString", "coordinates": [[106.664795, 10.9876512], [106.66446, 10.987558], [106.6638746, 10.987355], [106.6636527, 10.9872908], [106.6635749, 10.987246], [106.6635105, 10.987217], [106.6634488, 10.9872039], [106.6634019, 10.9872039], [106.6633268, 10.9872394], [106.6632906, 10.9872394], [106.6632503, 10.9872262], [106.663202, 10.987192], [106.6630451, 10.9870419], [106.66262, 10.9867102], [106.6625717, 10.9866562], [106.662557, 10.9866035], [106.662553, 10.9865272], [106.6625355, 10.986302], [106.6624993, 10.9862059], [106.6624511, 10.9861493], [106.6623706, 10.986094], [106.6616296, 10.9856879], [106.6615947, 10.9856668], [106.6615703, 10.9856519]]}}, {"type": "Feature", "properties": {"name": "Đại lộ Bình Dương", "fclass": "trunk"}, "geometry": {"type": "LineString", "coordinates": [[106.6651477, 10.9869315], [106.6651309, 10.9868646], [106.6653405, 10.9864397], [106.6654257, 10.9863754]]}}, {"type": "Feature", "properties": {"name": "Đại lộ Bình Dương", "fclass": "trunk"}, "geometry": {"type": "LineString", "coordinates": [[106.6651477, 10.9869315], [106.6653631, 10.986492]]}}, {"type": "Feature", "properties": {"name": "", "fclass": "service"}, "geometry": {"type": "LineString", "coordinates": [[106.6638746, 10.987355], [106.6639197, 10.9872425], [106.6637708, 10.98718], [106.6640696, 10.9865113], [106.6651302, 10.9869672]]}}, {"type": "Feature", "properties": {"name": "", "fclass": "service"}, "geometry": {"type": "LineString", "coordinates": [[106.6639197, 10.9872425], [106.6639499, 10.9871752]]}}, {"type": "Feature", "properties": {"name": "", "fclass": "service"}, "geometry": {"type": "LineString", "coordinates": [[106.6644144, 10.9883953], [106.6638136, 10.9881794], [106.6633737, 10.9881057]]}}, {"type": "Feature", "properties": {"name": "", "fclass": "service"}, "geometry": {"type": "LineString", "coordinates": [[106.6641348, 10.9889993], [106.6638263, 10.988865], [106.6635627, 10.9887601]]}}, {"type": "Feature", "properties": {"name": "", "fclass": "residential"}, "geometry": {"type": "LineString", "coordinates": [[106.6630477, 10.9888193], [106.6630343, 10.9889675], [106.6630996, 10.9890217], [106.6631691, 10.9890399], [106.6632737, 10.9890596], [106.6634906, 10.9890465]]}}, {"type": "Feature", "properties": {"name": "Đại lộ Bình Dương", "fclass": "trunk"}, "geometry": {"type": "LineString", "coordinates": [[106.6627307, 10.9912682], [106.6627983, 10.9912006], [106.6628975, 10.9910994], [106.663115, 10.9908457], [106.6633902, 10.9904391], [106.6636926, 10.9899022], [106.6639489, 10.9893794], [106.6639868, 10.9893018], [106.6640255, 10.9892229], [106.6641348, 10.9889993], [106.6644144, 10.9883953], [106.664795, 10.9876512], [106.6651302, 10.9869672], [106.6651477, 10.9869315]]}}, {"type": "Feature", "properties": {"name": "", "fclass": "residential"}, "geometry": {"type": "LineString", "coordinates": [[106.6610783, 10.9876627], [106.6608669, 10.9879239], [106.660617, 10.9882303]]}}, {"type": "Feature", "properties": {"name": "", "fclass": "residential"}, "geometry": {"type": "LineString", "coordinates": [[106.6608669, 10.9879239], [106.6609946, 10.9880846], [106.6610449, 10.9881768], [106.6611019, 10.9883321]]}}, {"type": "Feature", "properties": {"name": "", "fclass": "residential"}, "geometry": {"type": "LineString", "coordinates": [[106.6623486, 10.9884822], [106.6624063, 10.9883548], [106.6624361, 10.9882474], [106.6624486, 10.9881888], [106.6624531, 10.98817], [106.6624523, 10.988151], [106.6624262, 10.988118], [106.6623217, 10.9880765]]}}, {"type": "Feature", "properties": {"name": "", "fclass": "residential"}, "geometry": {"type": "LineString", "coordinates": [[106.6616048, 10.9894841], [106.661697, 10.9894861], [106.6620095, 10.9894734], [106.6622525, 10.989467]]}}, {"type": "Feature", "properties": {"name": "", "fclass": "residential"}, "geometry": {"type": "LineString", "coordinates": [[106.6614995, 10.9894853], [106.6616048, 10.9894841]]}}, {"type": "Feature", "properties": {"name": "", "fclass": "residential"}, "geometry": {"type": "LineString", "coordinates": [[106.6594117, 10.9898068], [106.6596535, 10.9897368], [106.6602463, 10.9895762], [106.6605064, 10.989513], [106.6607156, 10.9894946], [106.6614995, 10.9894853]]}}, {"type": "Feature", "properties": {"name": "", "fclass": "service"}, "geometry": {"type": "LineString", "coordinates": [[106.6624926, 10.990062], [106.6624323, 10.9899817], [106.6622056, 10.9898435], [106.6620889, 10.9897039], [106.662042, 10.989567], [106.6620095, 10.9894734]]}}, {"type": "Feature", "properties": {"name": "", "fclass": "service"}, "geometry": {"type": "LineString", "coordinates": [[106.6617188, 10.9900999], [106.661697, 10.9894861]]}}, {"type": "Feature", "properties": {"name": "", "fclass": "service"}, "geometry": {"type": "LineString", "coordinates": [[106.6632517, 10.9901831], [106.6630706, 10.9901186], [106.6629674, 10.9901608], [106.6628775, 10.9901937], [106.6628024, 10.99022], [106.66273, 10.9902437], [106.6625999, 10.9902187], [106.6625006, 10.9901766], [106.6624282, 10.9901238]]}}, {"type": "Feature", "properties": {"name": "", "fclass": "service"}, "geometry": {"type": "LineString", "coordinates": [[106.6613983, 10.9908118], [106.6620071, 10.9904872], [106.662215, 10.9903161], [106.6623719, 10.9901779], [106.6624282, 10.9901238], [106.6624926, 10.990062]]}}, {"type": "Feature", "properties": {"name": "", "fclass": "service"}, "geometry": {"type": "LineString", "coordinates": [[106.6607254, 10.9906645], [106.6609758, 10.9907025]]}}, {"type": "Feature", "properties": {"name": "", "fclass": "service"}, "geometry": {"type": "LineString", "coordinates": [[106.6609758, 10.9907025], [106.6612487, 10.990771]]}}, {"type": "Feature", "properties": {"name": "", "fclass": "service"}, "geometry": {"type": "LineString", "coordinates": [[106.6612487, 10.990771], [106.6613983, 10.9908118]]}}, {"type": "Feature", "properties": {"name": "", "fclass": "service"}, "geometry": {"type": "LineString", "coordinates": [[106.6617912, 10.9915536], [106.6613983, 10.9908118]]}}, {"type": "Feature", "properties": {"name": "", "fclass": "trunk_link"}, "geometry": {"type": "LineString", "coordinates": [[106.662750576258, 10.991288466438595], [106.6627307, 10.9912682]]}}, {"type": "Feature", "properties": {"name": "Đại lộ Bình Dương", "fclass": "trunk"}, "geometry": {"type": "LineString", "coordinates": [[106.6625743, 10.9913992], [106.6627307, 10.9912682]]}}, {"type": "Feature", "properties": {"name": "", "fclass": "service"}, "geometry": {"type": "MultiLineString", "coordinates": [[[106.6601146, 10.9922636], [106.6600775, 10.9921203], [106.6600294, 10.9919084], [106.6600475, 10.9916403]], [[106.6600475, 10.9916403], [106.660141, 10.9914744], [106.6602441, 10.9913771], [106.6603916, 10.9913215], [106.6604644, 10.9912892], [106.6605491, 10.9912092], [106.6606011, 10.9911393], [106.6606277, 10.9910725], [106.6606553, 10.9909595], [106.6607023, 10.9907761], [106.6607265, 10.9906954], [106.6607254, 10.9906645], [106.6607242, 10.9906316], [106.6607168, 10.990595], [106.6606999, 10.9905797], [106.6606768, 10.9905589], [106.6606418, 10.9905502], [106.6605948, 10.9905555], [106.6605184, 10.9905788], [106.6604418, 10.9906154], [106.660347, 10.9906615], [106.6602691, 10.9907194], [106.6602341, 10.9907931], [106.6602103, 10.9908737], [106.6602021, 10.9909663], [106.6601928, 10.9910413], [106.6601642, 10.9911336], [106.66011, 10.9912879], [106.6600795, 10.9914717], [106.6600475, 10.9916403]]]}}, {"type": "Feature", "properties": {"name": "Đại lộ Bình Dương", "fclass": "trunk"}, "geometry": {"type": "LineString", "coordinates": [[106.6622279, 10.991658], [106.6622737, 10.9916329], [106.662296, 10.9916162], [106.6624957, 10.9914668], [106.6625743, 10.9913992]]}}, {"type": "Feature", "properties": {"name": "", "fclass": "service"}, "geometry": {"type": "LineString", "coordinates": [[106.6619434, 10.9918144], [106.6617912, 10.9915536]]}}, {"type": "Feature", "properties": {"name": "Đại lộ Bình Dương", "fclass": "trunk"}, "geometry": {"type": "LineString", "coordinates": [[106.6616033, 10.9919843], [106.6616844, 10.9919568], [106.6619434, 10.9918144], [106.6622279, 10.991658]]}}, {"type": "Feature", "properties": {"name": "", "fclass": "tertiary_link"}, "geometry": {"type": "LineString", "coordinates": [[106.6501465, 10.9793587], [106.6500235, 10.9793203]]}}, {"type": "Feature", "properties": {"name": "", "fclass": "service"}, "geometry": {"type": "LineString", "coordinates": [[106.6526352, 10.9793676], [106.6524623, 10.9799176], [106.652866, 10.9800774], [106.6528978, 10.9800878]]}}, {"type": "Feature", "properties": {"name": "Bạch Đằng", "fclass": "tertiary"}, "geometry": {"type": "LineString", "coordinates": [[106.6495425, 10.9809838], [106.6496132, 10.9807619], [106.649814, 10.9800537], [106.6500235, 10.9793203], [106.6502129, 10.9786756], [106.6503094, 10.9785759]]}}, {"type": "Feature", "properties": {"name": "Bạch Đằng", "fclass": "tertiary"}, "geometry": {"type": "LineString", "coordinates": [[106.6503094, 10.9785759], [106.6503421, 10.9786906], [106.6502218, 10.9791015], [106.6501465, 10.9793587], [106.6499333, 10.9800866], [106.6498219, 10.9804806], [106.6497325, 10.980797], [106.6496678, 10.9810363]]}}, {"type": "Feature", "properties": {"name": "", "fclass": "service"}, "geometry": {"type": "LineString", "coordinates": [[106.6520666, 10.9797733], [106.6524623, 10.9799176]]}}, {"type": "Feature", "properties": {"name": "", "fclass": "tertiary_link"}, "geometry": {"type": "LineString", "coordinates": [[106.649814, 10.9800537], [106.6499333, 10.9800866]]}}, {"type": "Feature", "properties": {"name": "Quang Trung", "fclass": "residential"}, "geometry": {"type": "LineString", "coordinates": [[106.6535311, 10.980826], [106.6529078, 10.9805489], [106.6527949, 10.9805113], [106.6527836, 10.9805083], [106.6526991, 10.9804857], [106.6522058, 10.9803721], [106.6517847, 10.9802874], [106.651393, 10.9801837], [106.6510406, 10.9800387], [106.650866, 10.9799412]]}}, {"type": "Feature", "properties": {"name": "", "fclass": "residential"}, "geometry": {"type": "LineString", "coordinates": [[106.6498219, 10.9804806], [106.650479, 10.9806567]]}}, {"type": "Feature", "properties": {"name": "", "fclass": "residential"}, "geometry": {"type": "LineString", "coordinates": [[106.6527836, 10.9805083], [106.6527039, 10.9807147], [106.6526978, 10.9807265], [106.6526898, 10.9807305], [106.6526771, 10.9807285], [106.6525161, 10.9806633]]}}, {"type": "Feature", "properties": {"name": "", "fclass": "tertiary_link"}, "geometry": {"type": "LineString", "coordinates": [[106.6496132, 10.9807619], [106.6497325, 10.980797]]}}, {"type": "Feature", "properties": {"name": "Hẻm 81 Bạch Đằng", "fclass": "service"}, "geometry": {"type": "LineString", "coordinates": [[106.650863, 10.9810126], [106.6497325, 10.980797]]}}, {"type": "Feature", "properties": {"name": "", "fclass": "tertiary_link"}, "geometry": {"type": "LineString", "coordinates": [[106.6496678, 10.9810363], [106.6495425, 10.9809838]]}}, {"type": "Feature", "properties": {"name": "", "fclass": "tertiary"}, "geometry": {"type": "LineString", "coordinates": [[106.6496678, 10.9810363], [106.6495009, 10.9811189]]}}, {"type": "Feature", "properties": {"name": "Hẻm 100 Ngô Quyền", "fclass": "service"}, "geometry": {"type": "LineString", "coordinates": [[106.6517249, 10.98153], [106.6518322, 10.9812035]]}}, {"type": "Feature", "properties": {"name": "Bạch Đằng", "fclass": "tertiary"}, "geometry": {"type": "LineString", "coordinates": [[106.6496678, 10.9810363], [106.6494493, 10.9817453], [106.6493537, 10.9818215]]}}, {"type": "Feature", "properties": {"name": "Hẻm 130 Ngô Quyền", "fclass": "service"}, "geometry": {"type": "LineString", "coordinates": [[106.6523586, 10.9816745], [106.6525028, 10.9811982]]}}, {"type": "Feature", "properties": {"name": "Ngô Quyền", "fclass": "residential"}, "geometry": {"type": "LineString", "coordinates": [[106.6496678, 10.9810363], [106.6503985, 10.9812215], [106.6511236, 10.9814062], [106.6512967, 10.9814417], [106.6517249, 10.98153], [106.6518081, 10.9815471], [106.6523586, 10.9816745], [106.6527437, 10.9817636], [106.6528223, 10.9817803], [106.6532628, 10.9819]]}}, {"type": "Feature", "properties": {"name": "Hẻm 27 Ngô Quyền", "fclass": "residential"}, "geometry": {"type": "LineString", "coordinates": [[106.6512967, 10.9814417], [106.6511943, 10.9816345], [106.651099, 10.9817852], [106.6508978, 10.9821022], [106.6508503, 10.9821703]]}}, {"type": "Feature", "properties": {"name": "Hẻm 7 Ngô Quyền", "fclass": "residential"}, "geometry": {"type": "LineString", "coordinates": [[106.6503985, 10.9812215], [106.6503632, 10.9813187], [106.650342, 10.9814654], [106.6502731, 10.9817437], [106.6502296, 10.9820094], [106.6501862, 10.9822325], [106.6501403, 10.9824205]]}}, {"type": "Feature", "properties": {"name": "Ngô Chí Quốc", "fclass": "residential"}, "geometry": {"type": "LineString", "coordinates": [[106.651234, 10.9824625], [106.651235, 10.9824533], [106.6512664, 10.9823494], [106.6513014, 10.9822784], [106.6515419, 10.9819162], [106.6518081, 10.9815471]]}}, {"type": "Feature", "properties": {"name": "", "fclass": "residential"}, "geometry": {"type": "LineString", "coordinates": [[106.6524974, 10.9825198], [106.6524808, 10.9825], [106.6521271, 10.9823571]]}}, {"type": "Feature", "properties": {"name": "Cầu Ngô Chí Quốc", "fclass": "residential"}, "geometry": {"type": "LineString", "coordinates": [[106.6512163, 10.9826325], [106.651234, 10.9824625]]}}, {"type": "Feature", "properties": {"name": "", "fclass": "residential"}, "geometry": {"type": "LineString", "coordinates": [[106.652915, 10.9827955], [106.6524671, 10.9826145]]}}, {"type": "Feature", "properties": {"name": "", "fclass": "residential"}, "geometry": {"type": "LineString", "coordinates": [[106.6522582, 10.9829257], [106.6523086, 10.9828465], [106.6523432, 10.9828027], [106.6523764, 10.9827772], [106.6524671, 10.9826145], [106.6524988, 10.9825424], [106.6524974, 10.9825198]]}}, {"type": "Feature", "properties": {"name": "Đường Bờ Kênh", "fclass": "residential"}, "geometry": {"type": "LineString", "coordinates": [[106.6523706, 10.9836394], [106.6523264, 10.9836005], [106.6522848, 10.9835669], [106.6522389, 10.983536], [106.6521889, 10.9835028], [106.6521661, 10.9834794], [106.6521433, 10.9834353], [106.6521353, 10.9833892], [106.6521359, 10.9833267], [106.652144, 10.9832556], [106.6521534, 10.9831549], [106.6521614, 10.9830818], [106.6521594, 10.983039], [106.6521507, 10.9830068], [106.6521353, 10.9829646], [106.6521178, 10.9829212], [106.6520957, 10.9828804], [106.6520695, 10.9828527], [106.6520266, 10.9828165], [106.6519368, 10.9827428], [106.6518905, 10.9827092], [106.6518402, 10.9826776], [106.651804, 10.9826612], [106.6517423, 10.9826388], [106.6516726, 10.9826138], [106.6515693, 10.9825716], [106.6515023, 10.9825499], [106.6514124, 10.9825137], [106.6513591, 10.982491], [106.6513054, 10.9824739], [106.651235, 10.9824533], [106.651185, 10.9824505], [106.6510553, 10.9824232], [106.6509229, 10.9824076], [106.6506525, 10.9824249], [106.6504649, 10.9824635], [106.650318, 10.9825077], [106.6501605, 10.982544], [106.6501352, 10.9825509], [106.6500145, 10.9826327], [106.6499486, 10.9826996], [106.6498671, 10.9827494], [106.6498201, 10.9827494], [106.6497911, 10.9826552], [106.6497947, 10.9825023], [106.6498327, 10.9823476], [106.6498309, 10.9822303], [106.6496806, 10.9821396], [106.649485, 10.9820241], [106.6493029, 10.9819704]]}}, {"type": "Feature", "properties": {"name": "", "fclass": "residential"}, "geometry": {"type": "LineString", "coordinates": [[106.6511768, 10.9829042], [106.6507234, 10.9828018]]}}, {"type": "Feature", "properties": {"name": "", "fclass": "residential"}, "geometry": {"type": "LineString", "coordinates": [[106.6504812, 10.9827107], [106.650514, 10.9828267], [106.6505449, 10.9829547], [106.6504483, 10.9834406]]}}, {"type": "Feature", "properties": {"name": "", "fclass": "residential"}, "geometry": {"type": "LineString", "coordinates": [[106.6496841, 10.9831091], [106.6496051, 10.983102]]}}, {"type": "Feature", "properties": {"name": "", "fclass": "residential"}, "geometry": {"type": "LineString", "coordinates": [[106.6504483, 10.9834406], [106.6507646, 10.9834862], [106.6510923, 10.9835233]]}}, {"type": "Feature", "properties": {"name": "", "fclass": "service"}, "geometry": {"type": "LineString", "coordinates": [[106.6497151, 10.9831129], [106.6497058, 10.9831516], [106.6496891, 10.9832108], [106.6496674, 10.9832905], [106.649644, 10.9833707], [106.6496255, 10.9834248], [106.6495921, 10.9834878], [106.6495727, 10.9835048], [106.649543, 10.983529], [106.6495046, 10.9835542], [106.64947, 10.9835823], [106.6494406, 10.983606], [106.6494235, 10.9836261], [106.6494088, 10.9836599], [106.6493848, 10.9837429], [106.6493698, 10.9838154], [106.6493299, 10.984004]]}}, {"type": "Feature", "properties": {"name": "Cầu Ông Kiểm", "fclass": "tertiary"}, "geometry": {"type": "LineString", "coordinates": [[106.6493029, 10.9819704], [106.6492438, 10.9821714]]}}, {"type": "Feature", "properties": {"name": "", "fclass": "residential"}, "geometry": {"type": "LineString", "coordinates": [[106.6473321, 10.9823412], [106.6479644, 10.9821694]]}}, {"type": "Feature", "properties": {"name": "", "fclass": "residential"}, "geometry": {"type": "LineString", "coordinates": [[106.6463134, 10.9825665], [106.6463722, 10.9825203], [106.6464034, 10.9825134], [106.6465261, 10.9824874], [106.6469867, 10.9823966], [106.6472558, 10.9823209], [106.6472858, 10.9823103], [106.6473006, 10.9823087], [106.647316, 10.9823139], [106.6473245, 10.982321], [106.6473277, 10.9823276], [106.6473321, 10.9823412]]}}, {"type": "Feature", "properties": {"name": "Đường Bờ Kênh", "fclass": "residential"}, "geometry": {"type": "LineString", "coordinates": [[106.6496051, 10.983102], [106.6495738, 10.9830811], [106.6494959, 10.9830179], [106.6494687, 10.9829237], [106.6495122, 10.9827174], [106.6496082, 10.9824952], [106.6496299, 10.9823761], [106.6495683, 10.9823103], [106.6493637, 10.9822196], [106.6492364, 10.9821865], [106.6491554, 10.9821716], [106.6490232, 10.9822498], [106.6488928, 10.9823903], [106.6487606, 10.9824845], [106.6486175, 10.982529], [106.648469, 10.9825254], [106.6483423, 10.9823743], [106.6482988, 10.9822054], [106.6482553, 10.9819689]]}}, {"type": "Feature", "properties": {"name": "", "fclass": "residential"}, "geometry": {"type": "LineString", "coordinates": [[106.647268, 10.9820893], [106.6472872, 10.9821622], [106.6473321, 10.9823412], [106.6473976, 10.9826004], [106.6475162, 10.9830651], [106.6475393, 10.9831555], [106.6475996, 10.9832885], [106.6476519, 10.9833438], [106.647723, 10.9833714], [106.6482684, 10.9835215], [106.6484553, 10.9835729], [106.648813, 10.9836629]]}}, {"type": "Feature", "properties": {"name": "", "fclass": "residential"}, "geometry": {"type": "LineString", "coordinates": [[106.648796, 10.9837213], [106.648253, 10.9835748], [106.6476446, 10.9834107], [106.647564, 10.9833688], [106.6475165, 10.9833083], [106.6474897, 10.9832432], [106.6474486, 10.983081], [106.6473308, 10.9826166], [106.6472558, 10.9823209], [106.6472199, 10.9821791], [106.647201, 10.9821064]]}}, {"type": "Feature", "properties": {"name": "", "fclass": "residential"}, "geometry": {"type": "LineString", "coordinates": [[106.6467138, 10.9832542], [106.6474486, 10.983081], [106.6475162, 10.9830651], [106.6484101, 10.9828388]]}}, {"type": "Feature", "properties": {"name": "", "fclass": "residential"}, "geometry": {"type": "LineString", "coordinates": [[106.6461656, 10.9823663], [106.6463134, 10.9825665], [106.6464731, 10.9827829], [106.6464926, 10.9828196], [106.6466689, 10.9831503], [106.6467138, 10.9832542], [106.6467883, 10.9834267], [106.6468942, 10.9837374], [106.6469464, 10.9839674], [106.6470042, 10.9842219]]}}, {"type": "Feature", "properties": {"name": "", "fclass": "residential"}, "geometry": {"type": "LineString", "coordinates": [[106.6469464, 10.9839674], [106.6473918, 10.9843272], [106.6476117, 10.9846287], [106.6476774, 10.9846432], [106.6478451, 10.9846327], [106.6479228, 10.9845932], [106.6479711, 10.9845247], [106.6482139, 10.9837098], [106.648253, 10.9835748], [106.6482684, 10.9835215], [106.648403, 10.9830568], [106.6484271, 10.9828843], [106.6484101, 10.9828388], [106.6483158, 10.9825855], [106.64823, 10.9824248], [106.6482058, 10.9824091], [106.6481549, 10.982417], [106.6473976, 10.9826004], [106.6473308, 10.9826166], [106.6464926, 10.9828196]]}}, {"type": "Feature", "properties": {"name": "", "fclass": "residential"}, "geometry": {"type": "LineString", "coordinates": [[106.6492573, 10.984064], [106.6493139, 10.9836582], [106.6493224, 10.9836044], [106.6493413, 10.9835775], [106.6493653, 10.9835573], [106.6494579, 10.9835076], [106.6495007, 10.9834698], [106.6495162, 10.9834277], [106.6495607, 10.9832106], [106.6495738, 10.9830811]]}}, {"type": "Feature", "properties": {"name": "Bạch Đằng", "fclass": "tertiary"}, "geometry": {"type": "LineString", "coordinates": [[106.6492438, 10.9821714], [106.6492364, 10.9821865], [106.648819, 10.9836423], [106.648813, 10.9836629], [106.648796, 10.9837213], [106.6487078, 10.9840248], [106.6486428, 10.9842485], [106.648512, 10.9846988], [106.6484558, 10.9849021], [106.6484434, 10.9849469], [106.6484086, 10.9850336], [106.6483497, 10.9851055], [106.6482867, 10.9851693], [106.6481762, 10.9852589], [106.6478618, 10.9855085]]}}, {"type": "Feature", "properties": {"name": "", "fclass": "residential"}, "geometry": {"type": "LineString", "coordinates": [[106.6487078, 10.9840248], [106.6488826, 10.9840337], [106.6490865, 10.9840593], [106.6492573, 10.984064]]}}, {"type": "Feature", "properties": {"name": "", "fclass": "service"}, "geometry": {"type": "LineString", "coordinates": [[106.6491681, 10.9843375], [106.6491963, 10.9843213], [106.6492149, 10.984297], [106.6492305, 10.9842553], [106.6492397, 10.984232], [106.6492657, 10.9841643], [106.6492972, 10.984138], [106.6493299, 10.984004]]}}, {"type": "Feature", "properties": {"name": "", "fclass": "service"}, "geometry": {"type": "LineString", "coordinates": [[106.6486428, 10.9842485], [106.6491681, 10.9843375], [106.6491844, 10.9843499]]}}, {"type": "Feature", "properties": {"name": "", "fclass": "service"}, "geometry": {"type": "LineString", "coordinates": [[106.6491844, 10.9843499], [106.6491952, 10.9843694], [106.6491589, 10.9845477]]}}, {"type": "Feature", "properties": {"name": "", "fclass": "service"}, "geometry": {"type": "LineString", "coordinates": [[106.6491676, 10.9848909], [106.6493269, 10.9848898]]}}, {"type": "Feature", "properties": {"name": "", "fclass": "residential"}, "geometry": {"type": "LineString", "coordinates": [[106.6491612, 10.984847], [106.6491676, 10.9848909], [106.6491916, 10.98514], [106.6492193, 10.9852256]]}}, {"type": "Feature", "properties": {"name": "", "fclass": "residential"}, "geometry": {"type": "LineString", "coordinates": [[106.6465545, 10.9857715], [106.6466153, 10.9856073], [106.6466675, 10.9854402], [106.6467007, 10.9853152], [106.646729, 10.985189]]}}, {"type": "Feature", "properties": {"name": "Nguyễn Văn Tiết", "fclass": "tertiary"}, "geometry": {"type": "LineString", "coordinates": [[106.6478618, 10.9855085], [106.6477042, 10.9856056], [106.6476541, 10.9856657]]}}, {"type": "Feature", "properties": {"name": "", "fclass": "service"}, "geometry": {"type": "LineString", "coordinates": [[106.646185, 10.9858842], [106.6462342, 10.9856488]]}}, {"type": "Feature", "properties": {"name": "", "fclass": "tertiary_link"}, "geometry": {"type": "LineString", "coordinates": [[106.645248, 10.9823724], [106.6452526, 10.9823002]]}}, {"type": "Feature", "properties": {"name": "", "fclass": "service"}, "geometry": {"type": "LineString", "coordinates": [[106.6444256, 10.9831289], [106.6446829, 10.9831191], [106.6449147, 10.9831055], [106.6451371, 10.9830866], [106.6451889, 10.9830809], [106.6452759, 10.9830712], [106.6453589, 10.983062], [106.6455799, 10.9830318], [106.6456175, 10.9825605]]}}, {"type": "Feature", "properties": {"name": "", "fclass": "service"}, "geometry": {"type": "LineString", "coordinates": [[106.6438499, 10.9832898], [106.6444319, 10.9832793], [106.6444256, 10.9831289], [106.6444185, 10.9829607], [106.6438338, 10.9829738]]}}, {"type": "Feature", "properties": {"name": "", "fclass": "service"}, "geometry": {"type": "LineString", "coordinates": [[106.645175, 10.9838851], [106.6451889, 10.9830809], [106.6451993, 10.9824829], [106.6452013, 10.982366]]}}, {"type": "Feature", "properties": {"name": "", "fclass": "service"}, "geometry": {"type": "LineString", "coordinates": [[106.6452899, 10.9823781], [106.6452876, 10.9824899], [106.6452759, 10.9830712], [106.6452592, 10.9838989]]}}, {"type": "Feature", "properties": {"name": "", "fclass": "service"}, "geometry": {"type": "LineString", "coordinates": [[106.6443032, 10.9845247], [106.6443042, 10.9843484], [106.6443062, 10.983972], [106.6443136, 10.9839468], [106.6443273, 10.9839244], [106.6443447, 10.9839077], [106.6443656, 10.9838956], [106.6443889, 10.9838887], [106.6444132, 10.9838875], [106.645175, 10.9838851], [106.6452339, 10.9838849], [106.6452592, 10.9838989], [106.6452795, 10.9839191], [106.6452931, 10.9839434], [106.6452995, 10.9839704], [106.6452985, 10.9843428]]}}, {"type": "Feature", "properties": {"name": "", "fclass": "service"}, "geometry": {"type": "LineString", "coordinates": [[106.6443042, 10.9843484], [106.64446, 10.9843475], [106.6451641, 10.9843435], [106.6452985, 10.9843428], [106.6461807, 10.9843378]]}}, {"type": "Feature", "properties": {"name": "", "fclass": "service"}, "geometry": {"type": "LineString", "coordinates": [[106.6451641, 10.9843435], [106.6451669, 10.9852108], [106.6444629, 10.9852131], [106.64446, 10.9843475]]}}, {"type": "Feature", "properties": {"name": "", "fclass": "service"}, "geometry": {"type": "LineString", "coordinates": [[106.6465545, 10.9857715], [106.6464899, 10.9857468], [106.6462342, 10.9856488], [106.6459152, 10.9855227], [106.64554, 10.9853691], [106.6452737, 10.9852561], [106.6451669, 10.9852108]]}}, {"type": "Feature", "properties": {"name": "", "fclass": "service"}, "geometry": {"type": "LineString", "coordinates": [[106.6443229, 10.9858097], [106.6447967, 10.9858084], [106.6452661, 10.9858071]]}}, {"type": "Feature", "properties": {"name": "Ngô Chí Quốc", "fclass": "residential"}, "geometry": {"type": "LineString", "coordinates": [[106.6508792, 10.984958], [106.6509153, 10.9847719], [106.6510141, 10.9840812], [106.6510598, 10.9837615], [106.6510923, 10.9835233], [106.6511768, 10.9829042], [106.6512123, 10.982644], [106.6512163, 10.9826325]]}}, {"type": "Feature", "properties": {"name": "", "fclass": "residential"}, "geometry": {"type": "LineString", "coordinates": [[106.6510141, 10.9840812], [106.6506667, 10.9840258]]}}, {"type": "Feature", "properties": {"name": "Cầu Ông Đành", "fclass": "secondary"}, "geometry": {"type": "LineString", "coordinates": [[106.6526434, 10.9842625], [106.6526348, 10.9840552]]}}, {"type": "Feature", "properties": {"name": "", "fclass": "residential"}, "geometry": {"type": "LineString", "coordinates": [[106.6521084, 10.983585], [106.6519572, 10.9843185], [106.6519373, 10.9844791], [106.6519116, 10.9846855], [106.6518427, 10.9852408]]}}, {"type": "Feature", "properties": {"name": "", "fclass": "residential"}, "geometry": {"type": "LineString", "coordinates": [[106.6519373, 10.9844791], [106.6521547, 10.9845175]]}}, {"type": "Feature", "properties": {"name": "", "fclass": "residential"}, "geometry": {"type": "LineString", "coordinates": [[106.6501998, 10.9850194], [106.6502175, 10.9847999], [106.6502228, 10.9847104], [106.6502108, 10.9846564], [106.6501732, 10.9845906], [106.6501196, 10.9845418]]}}, {"type": "Feature", "properties": {"name": "", "fclass": "residential"}, "geometry": {"type": "LineString", "coordinates": [[106.6519116, 10.9846855], [106.6521594, 10.984713], [106.6521768, 10.9847183], [106.6521902, 10.9847327], [106.6521956, 10.9847591], [106.65219, 10.9848025], [106.6521795, 10.9848841]]}}, {"type": "Feature", "properties": {"name": "", "fclass": "residential"}, "geometry": {"type": "LineString", "coordinates": [[106.6525845, 10.9848496], [106.65219, 10.9848025]]}}, {"type": "Feature", "properties": {"name": "Tú Xương", "fclass": "residential"}, "geometry": {"type": "LineString", "coordinates": [[106.6524642, 10.9855344], [106.6523581, 10.9855182], [106.6520638, 10.9854862], [106.6517749, 10.9854614], [106.6515383, 10.9854614], [106.6514553, 10.9854632]]}}, {"type": "Feature", "properties": {"name": "", "fclass": "residential"}, "geometry": {"type": "LineString", "coordinates": [[106.650099, 10.9864281], [106.6500458, 10.9863231], [106.6500512, 10.9862231], [106.6500378, 10.9856306]]}}, {"type": "Feature", "properties": {"name": "Nguyễn Văn Tiết", "fclass": "residential"}, "geometry": {"type": "LineString", "coordinates": [[106.6476541, 10.9856657], [106.6475241, 10.9857082], [106.6473902, 10.9857859], [106.6472581, 10.9858657], [106.6471951, 10.9858937], [106.647126, 10.9859116], [106.6470447, 10.9859196], [106.6469418, 10.9859088], [106.6468638, 10.9858917], [106.6467601, 10.9858498], [106.6466625, 10.9858138], [106.6465545, 10.9857715]]}}, {"type": "Feature", "properties": {"name": "", "fclass": "service"}, "geometry": {"type": "LineString", "coordinates": [[106.6462851, 10.9859724], [106.6463131, 10.9859538], [106.6463444, 10.9859413], [106.6463746, 10.9859356], [106.6464053, 10.9859356], [106.6464356, 10.9859413], [106.6465094, 10.9859586], [106.6465819, 10.9859806], [106.6466528, 10.9860071], [106.6467593, 10.9860413], [106.6468676, 10.9860694], [106.6469219, 10.9860833], [106.6469774, 10.9860914], [106.6470402, 10.9860935], [106.6471029, 10.9860883], [106.6471645, 10.9860758], [106.6472241, 10.9860561], [106.6472809, 10.9860296], [106.6473341, 10.9859966], [106.6474109, 10.9859528], [106.6474897, 10.9859124], [106.6475487, 10.985886], [106.6475805, 10.9858195], [106.6476541, 10.9856657]]}}, {"type": "Feature", "properties": {"name": "", "fclass": "residential"}, "geometry": {"type": "LineString", "coordinates": [[106.6488681, 10.9868849], [106.6488004, 10.9867734], [106.6487098, 10.9864306], [106.6486879, 10.9862444], [106.6486654, 10.9860535], [106.6486561, 10.9856108], [106.6486331, 10.9853669], [106.6484558, 10.9849021]]}}, {"type": "Feature", "properties": {"name": "", "fclass": "residential"}, "geometry": {"type": "LineString", "coordinates": [[106.6481674, 10.9854475], [106.6482468, 10.9857526], [106.6483242, 10.9859487], [106.6483346, 10.9860012], [106.648346, 10.9860927], [106.6483547, 10.986175], [106.6483728, 10.9862678], [106.648377, 10.9862916], [106.6483989, 10.9864146]]}}, {"type": "Feature", "properties": {"name": "", "fclass": "service"}, "geometry": {"type": "LineString", "coordinates": [[106.64742, 10.9864102], [106.6478115, 10.986302], [106.6477886, 10.9862341], [106.6477603, 10.9861682], [106.6477267, 10.9861047], [106.6476881, 10.986044], [106.6476459, 10.9859879], [106.6475993, 10.9859351], [106.6475487, 10.985886]]}}, {"type": "Feature", "properties": {"name": "", "fclass": "residential"}, "geometry": {"type": "LineString", "coordinates": [[106.6486879, 10.9862444], [106.6485827, 10.9862645], [106.648377, 10.9862916]]}}, {"type": "Feature", "properties": {"name": "", "fclass": "residential"}, "geometry": {"type": "LineString", "coordinates": [[106.6498462, 10.9866511], [106.6496998, 10.9864337], [106.6495684, 10.9861809], [106.6494825, 10.986073], [106.6493377, 10.986015], [106.6491714, 10.9860045], [106.6486654, 10.9860535]]}}, {"type": "Feature", "properties": {"name": "", "fclass": "service"}, "geometry": {"type": "LineString", "coordinates": [[106.6472241, 10.9860561], [106.647369, 10.9863152], [106.64742, 10.9864102], [106.6474575, 10.9864943], [106.6474803, 10.9865689], [106.6474978, 10.986645], [106.6475099, 10.986722], [106.6475165, 10.9867997], [106.6475181, 10.9868868], [106.6475136, 10.9869738], [106.6475031, 10.9870604], [106.6474851, 10.9872242], [106.6474791, 10.9872871], [106.6474655, 10.987429], [106.6474558, 10.9876013], [106.6474521, 10.9877739], [106.6474427, 10.9879088], [106.6474275, 10.9880432], [106.6474184, 10.9881102], [106.6474065, 10.9881768], [106.647386, 10.9882666], [106.6473605, 10.9883552]]}}, {"type": "Feature", "properties": {"name": "", "fclass": "residential"}, "geometry": {"type": "LineString", "coordinates": [[106.6490456, 10.9871251], [106.6489166, 10.9871288], [106.6485017, 10.9872863]]}}, {"type": "Feature", "properties": {"name": "", "fclass": "service"}, "geometry": {"type": "LineString", "coordinates": [[106.6481227, 10.9873026], [106.6474791, 10.9872871]]}}, {"type": "Feature", "properties": {"name": "", "fclass": "service"}, "geometry": {"type": "LineString", "coordinates": [[106.6444629, 10.9852131], [106.6444282, 10.9852381], [106.6443971, 10.9852673], [106.6443652, 10.9853071], [106.6443399, 10.9853514], [106.644322, 10.9853989], [106.6443229, 10.9858097], [106.6443234, 10.9860256], [106.6443246, 10.986527]]}}, {"type": "Feature", "properties": {"name": "", "fclass": "service"}, "geometry": {"type": "LineString", "coordinates": [[106.6447967, 10.9858084], [106.644794, 10.9860283]]}}, {"type": "Feature", "properties": {"name": "", "fclass": "service"}, "geometry": {"type": "LineString", "coordinates": [[106.6443234, 10.9860256], [106.644794, 10.9860283], [106.645263, 10.9860309]]}}, {"type": "Feature", "properties": {"name": "", "fclass": "service"}, "geometry": {"type": "LineString", "coordinates": [[106.6459568, 10.9858373], [106.646019, 10.9858416], [106.6460821, 10.9858492], [106.6461432, 10.9858663], [106.646185, 10.9858842], [106.6462245, 10.9859067], [106.6462612, 10.9859334], [106.6462851, 10.9859724], [106.6463014, 10.986015], [106.6463093, 10.986056], [106.6463102, 10.9860976], [106.6462532, 10.9867971], [106.6462498, 10.9868324], [106.6462389, 10.9868663], [106.646221, 10.9868971], [106.6462026, 10.9869181], [106.646181, 10.9869358], [106.6461258, 10.9869524], [106.6460279, 10.9869708], [106.645969, 10.9869777], [106.6459098, 10.9869761], [106.6458651, 10.9869693], [106.6458079, 10.986955], [106.6457409, 10.98693], [106.6456997, 10.9869101], [106.6456752, 10.9868906], [106.645655, 10.9868668], [106.6456379, 10.9868354], [106.6456282, 10.9867997], [106.6456322, 10.9867523], [106.6456671, 10.986386], [106.6457087, 10.9860203], [106.645717, 10.9859835], [106.6457328, 10.9859492], [106.6457492, 10.9859261], [106.645769, 10.9859057], [106.6457918, 10.9858887], [106.6458294, 10.9858677], [106.6458699, 10.9858531], [106.6459123, 10.985845], [106.6459568, 10.9858373]]}}, {"type": "Feature", "properties": {"name": "", "fclass": "service"}, "geometry": {"type": "LineString", "coordinates": [[106.6452737, 10.9852561], [106.6452661, 10.9858071], [106.645263, 10.9860309], [106.6452561, 10.9865328], [106.6452495, 10.9872079], [106.6452447, 10.9877041], [106.6452406, 10.9877594], [106.6452312, 10.9878266], [106.6452175, 10.9878759], [106.6451977, 10.9879314], [106.6451722, 10.9879846], [106.645157, 10.9880243], [106.6451445, 10.988065]]}}, {"type": "Feature", "properties": {"name": "", "fclass": "service"}, "geometry": {"type": "LineString", "coordinates": [[106.6452561, 10.9865328], [106.644448, 10.9865278], [106.6443622, 10.9865272], [106.6443246, 10.986527], [106.6438643, 10.9865241], [106.64386, 10.9871908]]}}, {"type": "Feature", "properties": {"name": "", "fclass": "service"}, "geometry": {"type": "LineString", "coordinates": [[106.6443622, 10.9865272], [106.6443568, 10.9871969]]}}, {"type": "Feature", "properties": {"name": "", "fclass": "service"}, "geometry": {"type": "MultiLineString", "coordinates": [[[106.6435675, 10.9871872], [106.6435717, 10.9868554], [106.6432847, 10.9868519], [106.6432805, 10.9871837], [106.6435675, 10.9871872]], [[106.6435675, 10.9871872], [106.64386, 10.9871908], [106.6443568, 10.9871969], [106.6444421, 10.9871979], [106.6452495, 10.9872079], [106.6474851, 10.9872242]]]}}, {"type": "Feature", "properties": {"name": "Huỳnh Văn Cù", "fclass": "primary"}, "geometry": {"type": "LineString", "coordinates": [[106.6432357, 10.9843283], [106.6432222, 10.9843707], [106.6431829, 10.9844651], [106.6430458, 10.9847549], [106.6427643, 10.9854389], [106.6426982, 10.985687], [106.6426683, 10.9858493], [106.6426497, 10.9859779], [106.6426477, 10.9861925], [106.6426553, 10.9863136], [106.6426797, 10.9864645], [106.6427624, 10.9867138], [106.6428434, 10.9869096], [106.6429574, 10.9871154], [106.6430526, 10.9872589], [106.6431702, 10.9873754], [106.643403, 10.9875913], [106.6435245, 10.9877047], [106.6437013, 10.9878805], [106.643777, 10.9879675], [106.6440226, 10.9882678], [106.6441549, 10.9884352], [106.644298, 10.9886163], [106.6444946, 10.9888443], [106.6445917, 10.9889623], [106.6446328, 10.9890142], [106.6446953, 10.989101], [106.6447597, 10.9892044], [106.6448034, 10.9892826], [106.6448669, 10.989411], [106.6449306, 10.9895318], [106.6450475, 10.9897233], [106.6450892, 10.9897832], [106.6451158, 10.9898168], [106.6451279, 10.9898255], [106.645145, 10.9898369], [106.6451765, 10.9898544], [106.6453026, 10.9898936], [106.6454395, 10.9899336], [106.645609, 10.9899677], [106.645829, 10.9900065], [106.6460599, 10.9900463], [106.6462141, 10.9900663], [106.6463668, 10.9900725], [106.6467757, 10.9900918], [106.6469881, 10.9901024], [106.6471452, 10.9901223], [106.647291, 10.9901679], [106.6474747, 10.9902613], [106.6477498, 10.9904306], [106.6479279, 10.9905349], [106.6479779, 10.9905558], [106.6480167, 10.9905681], [106.6480902, 10.9905813], [106.6481789, 10.9905869], [106.6482855, 10.9905846], [106.6485358, 10.9905552], [106.6487318, 10.9905306], [106.6487597, 10.9905665]]}}, {"type": "Feature", "properties": {"name": "", "fclass": "primary_link"}, "geometry": {"type": "LineString", "coordinates": [[106.6436893, 10.9879565], [106.6437013, 10.9878805]]}}, {"type": "Feature", "properties": {"name": "Hẻm 176 Nguyễn Văn Tiết", "fclass": "residential"}, "geometry": {"type": "LineString", "coordinates": [[106.6510419, 10.9873928], [106.6510267, 10.9873588], [106.651014, 10.9872454], [106.6510158, 10.9871603], [106.6510086, 10.9870929], [106.6509924, 10.98696], [106.6509942, 10.9868714], [106.6510122, 10.9866994], [106.6510212, 10.9865541], [106.6510664, 10.9863821], [106.6510881, 10.986313], [106.6511585, 10.9861942], [106.6512813, 10.9861109], [106.6514943, 10.9860914], [106.6516218, 10.9860679]]}}, {"type": "Feature", "properties": {"name": "Lạc Long Quân", "fclass": "residential"}, "geometry": {"type": "LineString", "coordinates": [[106.6500427, 10.9885905], [106.6500875, 10.9884992], [106.6502494, 10.9881696], [106.6504074, 10.9877751], [106.6505699, 10.9874419], [106.6506386, 10.9872221], [106.6506313, 10.9870519], [106.6505397, 10.9867056], [106.650444, 10.9863671], [106.6504248, 10.9863023], [106.6504115, 10.9862572], [106.650339, 10.9860245], [106.6503084, 10.9858415], [106.6503033, 10.9857512], [106.6503671, 10.9856108], [106.6504156, 10.9854103], [106.6504437, 10.9852874], [106.6504233, 10.9851195], [106.6504025, 10.9849847]]}}, {"type": "Feature", "properties": {"name": "", "fclass": "residential"}, "geometry": {"type": "LineString", "coordinates": [[106.6499313, 10.9866147], [106.6499962, 10.9867181], [106.6500297, 10.9867786], [106.6500579, 10.9868208], [106.6500847, 10.9868418], [106.6501424, 10.98688], [106.6502067, 10.9869142], [106.6502376, 10.9869366], [106.6502617, 10.9869643], [106.6502872, 10.9870103], [106.6503328, 10.9871025], [106.6503543, 10.9872065]]}}, {"type": "Feature", "properties": {"name": "", "fclass": "residential"}, "geometry": {"type": "LineString", "coordinates": [[106.651806, 10.9869916], [106.651664, 10.9870199], [106.6514536, 10.9870392], [106.6513526, 10.9870557]]}}, {"type": "Feature", "properties": {"name": "Hẻm 176 Nguyễn Văn Tiết", "fclass": "residential"}, "geometry": {"type": "LineString", "coordinates": [[106.6520841, 10.9867865], [106.6519451, 10.9868536], [106.6518527, 10.9869009], [106.6518287, 10.9869225], [106.6518086, 10.9869541], [106.6518086, 10.9869777], [106.651806, 10.9869916], [106.6518006, 10.9870211], [106.6517965, 10.9870802], [106.6517965, 10.9871649], [106.6517985, 10.9872201], [106.6517965, 10.9872732], [106.6517845, 10.9873264], [106.6517725, 10.9873718], [106.6517624, 10.9873934], [106.6517373, 10.9874242], [106.6517245, 10.9874375], [106.6517131, 10.9874395], [106.6516919, 10.9874395], [106.6516684, 10.9874395], [106.6516301, 10.9874423], [106.6515868, 10.987443], [106.6515372, 10.9874479], [106.6515017, 10.9874486], [106.6514648, 10.9874549], [106.6514208, 10.9874604], [106.6513789, 10.9874702], [106.6513569, 10.9874765]]}}, {"type": "Feature", "properties": {"name": "hẻm 87 Lạc Long Quân", "fclass": "residential"}, "geometry": {"type": "LineString", "coordinates": [[106.6492976, 10.9883394], [106.6493431, 10.9882004], [106.6493482, 10.9880926], [106.6493124, 10.9879823], [106.6492997, 10.9879021], [106.6492716, 10.9878144], [106.6492563, 10.9876464], [106.6492282, 10.9874935], [106.649172, 10.9873631], [106.6491132, 10.9872553], [106.6490456, 10.9871251], [106.6490877, 10.9870807], [106.6491618, 10.9870247], [106.6493252, 10.9868743], [106.6494886, 10.9867991], [106.6497261, 10.9867013], [106.6498462, 10.9866511], [106.6499313, 10.9866147], [106.6499457, 10.9866086], [106.6499866, 10.9865484], [106.6500556, 10.9864907], [106.650099, 10.9864281], [106.6502241, 10.9863579], [106.6504248, 10.9863023], [106.6506475, 10.986219], [106.6508316, 10.9861889], [106.6510411, 10.9861446], [106.6512813, 10.9861109]]}}, {"type": "Feature", "properties": {"name": "Hẻm 176 Nguyễn Văn Tiết", "fclass": "residential"}, "geometry": {"type": "LineString", "coordinates": [[106.6510419, 10.9873928], [106.6511831, 10.9873606], [106.6512462, 10.9873445], [106.6512929, 10.9873583], [106.6513232, 10.9874133], [106.6513569, 10.9874765]]}}, {"type": "Feature", "properties": {"name": "Cách Mạng Tháng Tám", "fclass": "secondary"}, "geometry": {"type": "LineString", "coordinates": [[106.6510257, 10.9914161], [106.6510343, 10.9911618], [106.651038, 10.9910283], [106.6510424, 10.9908702], [106.6510582, 10.9903033], [106.6510757, 10.9901726], [106.6510888, 10.9900742], [106.6510919, 10.9900555], [106.6511147, 10.9899617], [106.6511868, 10.9897802], [106.6512576, 10.9896054], [106.6514373, 10.9892095], [106.651459, 10.9891693], [106.6515446, 10.9890062], [106.6516389, 10.9888463], [106.6518769, 10.9884345], [106.6520097, 10.9882029], [106.6520254, 10.9881755], [106.6522035, 10.9879089], [106.6522877, 10.9877828], [106.6524275, 10.9875736], [106.6524833, 10.9874901], [106.6525632, 10.9872972], [106.6526326, 10.9871204], [106.6526477, 10.9870566], [106.6526563, 10.9869823], [106.6526527, 10.9869177], [106.6526465, 10.9868394], [106.6526328, 10.9867618], [106.6526147, 10.9867087], [106.6526048, 10.9866576], [106.652561, 10.9864646], [106.6524737, 10.9861136], [106.6524663, 10.9859849], [106.6524562, 10.9858528], [106.6524613, 10.9856068], [106.6524642, 10.9855344], [106.6524743, 10.985491], [106.6525098, 10.9853129], [106.6525235, 10.985219], [106.6525533, 10.9850778], [106.6525827, 10.9848578], [106.6525845, 10.9848496], [106.6525914, 10.9848192], [106.6526095, 10.9846861], [106.652634, 10.9845557], [106.6526402, 10.9844116], [106.6526429, 10.9842666], [106.6526434, 10.9842625]]}}, {"type": "Feature", "properties": {"name": "Hẻm 312 Đường Cách Mạng Tháng 8", "fclass": "service"}, "geometry": {"type": "LineString", "coordinates": [[106.6522877, 10.9877828], [106.6524228, 10.987865], [106.652454, 10.9878896], [106.6524812, 10.9879109], [106.6525349, 10.9879705]]}}, {"type": "Feature", "properties": {"name": "Hẻm 308 Đường Cách Mạng Tháng 8", "fclass": "service"}, "geometry": {"type": "LineString", "coordinates": [[106.6522035, 10.9879089], [106.6522987, 10.9879503], [106.6523611, 10.9879873], [106.6524081, 10.9880108], [106.65243, 10.9880115], [106.6524535, 10.9880062]]}}, {"type": "Feature", "properties": {"name": "", "fclass": "service"}, "geometry": {"type": "LineString", "coordinates": [[106.6482192, 10.9877687], [106.6474521, 10.9877739]]}}, {"type": "Feature", "properties": {"name": "", "fclass": "tertiary"}, "geometry": {"type": "LineString", "coordinates": [[106.6488373, 10.9902307], [106.6486916, 10.9899949], [106.6486375, 10.9898571], [106.6485966, 10.9897418], [106.6485685, 10.9895688], [106.6485813, 10.989283], [106.6486338, 10.9890852], [106.6486732, 10.9889371], [106.6487396, 10.9886137], [106.6487779, 10.988358], [106.6487856, 10.9882226], [106.6487524, 10.9879719], [106.6486554, 10.9876661], [106.6485218, 10.9873248], [106.6485017, 10.9872863], [106.6482989, 10.9868975], [106.6477609, 10.9858656], [106.6476541, 10.9856657]]}}, {"type": "Feature", "properties": {"name": "", "fclass": "service"}, "geometry": {"type": "LineString", "coordinates": [[106.6471159, 10.9881115], [106.6470785, 10.988092], [106.6470391, 10.9880767], [106.6469987, 10.9880661], [106.6469574, 10.9880599], [106.6469157, 10.9880583], [106.6468677, 10.9880496], [106.6468218, 10.9880336], [106.6467789, 10.9880109], [106.6467524, 10.98799], [106.6467226, 10.987974], [106.646683, 10.9879618], [106.6466418, 10.9879581], [106.6466007, 10.9879632], [106.6465616, 10.9879767]]}}, {"type": "Feature", "properties": {"name": "", "fclass": "service"}, "geometry": {"type": "LineString", "coordinates": [[106.6471773, 10.9884744], [106.6471513, 10.9884052], [106.647132, 10.9883338], [106.6471195, 10.988261], [106.6471141, 10.9881864], [106.6471159, 10.9881115], [106.6471249, 10.9880372], [106.6471325, 10.9879391], [106.6471351, 10.9878407], [106.647136, 10.9877915], [106.6471329, 10.9877423], [106.6471247, 10.9876866], [106.6471115, 10.9876317]]}}, {"type": "Feature", "properties": {"name": "", "fclass": "service"}, "geometry": {"type": "LineString", "coordinates": [[106.6481891, 10.9896942], [106.6479711, 10.9896203], [106.6477558, 10.9895393], [106.6475433, 10.9894512], [106.6473624, 10.9893695], [106.6471839, 10.9892826], [106.6469371, 10.9891457], [106.646827, 10.9890764], [106.6453761, 10.9881636], [106.6453199, 10.9881275], [106.6452597, 10.9880984], [106.6451964, 10.9880767], [106.6451445, 10.988065], [106.645073, 10.9880557], [106.6448052, 10.9880479], [106.6444346, 10.9880372], [106.6444421, 10.9871979], [106.644448, 10.9865278]]}}, {"type": "Feature", "properties": {"name": "", "fclass": "residential"}, "geometry": {"type": "LineString", "coordinates": [[106.6489094, 10.9887445], [106.6491494, 10.9883148]]}}, {"type": "Feature", "properties": {"name": "", "fclass": "service"}, "geometry": {"type": "LineString", "coordinates": [[106.6482495, 10.9891283], [106.6470468, 10.9886987]]}}, {"type": "Feature", "properties": {"name": "", "fclass": "residential"}, "geometry": {"type": "LineString", "coordinates": [[106.6486338, 10.9890852], [106.6486954, 10.9890884], [106.6487402, 10.9890604], [106.6487625, 10.9890245], [106.6489094, 10.9887445]]}}, {"type": "Feature", "properties": {"name": "", "fclass": "service"}, "geometry": {"type": "LineString", "coordinates": [[106.6466406, 10.9894115], [106.646827, 10.9890764], [106.6470468, 10.9886987], [106.6471773, 10.9884744], [106.6472188, 10.9884032], [106.6472357, 10.9883831], [106.6472565, 10.9883671], [106.6472805, 10.9883558], [106.6473069, 10.9883498], [106.647334, 10.9883495], [106.6473605, 10.9883552], [106.6473851, 10.9883664], [106.6474381, 10.9883877], [106.6474923, 10.9884058], [106.6475683, 10.9884276], [106.6476533, 10.9884532], [106.6482541, 10.9886455], [106.6482816, 10.9886638], [106.6483051, 10.9886869], [106.6483238, 10.9887139], [106.6483361, 10.9887412], [106.6483435, 10.9887702], [106.6483457, 10.9888], [106.6483426, 10.9888298], [106.648336, 10.9888761], [106.6483265, 10.9889219], [106.6483092, 10.9889833], [106.6482868, 10.9890431], [106.6482595, 10.989101], [106.6482495, 10.9891283], [106.6482316, 10.9891778], [106.6482118, 10.9892571], [106.6482005, 10.989338], [106.6481978, 10.9894196], [106.6481986, 10.9895421], [106.6481891, 10.9896942], [106.6481777, 10.9897966], [106.6481757, 10.9898412], [106.648168, 10.9898851], [106.6481549, 10.9899277], [106.6481361, 10.9899692], [106.6481121, 10.990008], [106.6480833, 10.9900435], [106.6480502, 10.9900752]]}}, {"type": "Feature", "properties": {"name": "", "fclass": "service"}, "geometry": {"type": "LineString", "coordinates": [[106.6476291, 10.9897566], [106.6475051, 10.9896891], [106.6473776, 10.9896279], [106.6472472, 10.9895731], [106.6471142, 10.9895249], [106.6469702, 10.989481], [106.646824, 10.9894448], [106.6466406, 10.9894115]]}}, {"type": "Feature", "properties": {"name": "", "fclass": "primary"}, "geometry": {"type": "LineString", "coordinates": [[106.6487597, 10.9905665], [106.6487359, 10.9905974], [106.6483816, 10.9906401], [106.6482914, 10.9906485], [106.6481958, 10.9906526], [106.6481078, 10.9906498], [106.6480465, 10.9906421], [106.6479862, 10.9906281], [106.647923, 10.9906036], [106.6478995, 10.9905899], [106.6475416, 10.9903803], [106.6473187, 10.9902538], [106.6472231, 10.9902149], [106.6471133, 10.9901898], [106.6469622, 10.9901735], [106.6467749, 10.9901626], [106.646407, 10.9901496], [106.6461129, 10.9901248], [106.6458665, 10.9900922], [106.6456947, 10.9900606], [106.6455362, 10.9900306], [106.6453677, 10.989989], [106.6452541, 10.9899553], [106.6451235, 10.9899011], [106.645073, 10.9898734], [106.6450455, 10.989848], [106.6450251, 10.9898186], [106.6449513, 10.9896964], [106.644682, 10.9892098], [106.6446248, 10.9891254], [106.6445608, 10.9890362], [106.6444637, 10.9889143], [106.6442551, 10.9886588], [106.6440538, 10.9884185], [106.643749, 10.9880283], [106.6436893, 10.9879565], [106.6435912, 10.98785], [106.6435114, 10.9877735], [106.6433547, 10.987626], [106.6430161, 10.9872819], [106.6429985, 10.9872624], [106.6428369, 10.986999], [106.6427027, 10.9866997], [106.6426143, 10.9864034], [106.6426032, 10.9863311], [106.6425879, 10.9862318], [106.642597, 10.9859574], [106.6426245, 10.9857658], [106.6426572, 10.9856035], [106.6426803, 10.9855174], [106.6427048, 10.9854461]]}}, {"type": "Feature", "properties": {"name": "Huỳnh Văn Cù", "fclass": "residential"}, "geometry": {"type": "LineString", "coordinates": [[106.6441869, 10.9887393], [106.644098, 10.9886254], [106.6436677, 10.9880784], [106.6436893, 10.9879565]]}}, {"type": "Feature", "properties": {"name": "", "fclass": "primary_link"}, "geometry": {"type": "LineString", "coordinates": [[106.6442551, 10.9886588], [106.644298, 10.9886163]]}}, {"type": "Feature", "properties": {"name": "", "fclass": "service"}, "geometry": {"type": "LineString", "coordinates": [[106.6448052, 10.9880479], [106.6448037, 10.9890606], [106.6448034, 10.9892826]]}}, {"type": "Feature", "properties": {"name": "Nguyễn Văn Lộng", "fclass": "residential"}, "geometry": {"type": "LineString", "coordinates": [[106.6441869, 10.9887393], [106.6442551, 10.9886588]]}}, {"type": "Feature", "properties": {"name": "", "fclass": "service"}, "geometry": {"type": "LineString", "coordinates": [[106.644239, 10.9895172], [106.6438106, 10.9895262]]}}, {"type": "Feature", "properties": {"name": "Nguyễn Văn Lộng", "fclass": "residential"}, "geometry": {"type": "LineString", "coordinates": [[106.64415542444743, 10.990683967786705], [106.6441927, 10.9906833], [106.644215, 10.9900778], [106.6442222, 10.9899229], [106.6442337, 10.9896736], [106.644239, 10.9895172], [106.6442468, 10.989284], [106.6441869, 10.9887393]]}}, {"type": "Feature", "properties": {"name": "", "fclass": "primary_link"}, "geometry": {"type": "LineString", "coordinates": [[106.645073, 10.9898734], [106.6451765, 10.9898544]]}}, {"type": "Feature", "properties": {"name": "", "fclass": "residential"}, "geometry": {"type": "LineString", "coordinates": [[106.6442222, 10.9899229], [106.6447817, 10.9899057], [106.6448773, 10.9899013], [106.6449632, 10.9898926], [106.645073, 10.9898734]]}}, {"type": "Feature", "properties": {"name": "", "fclass": "residential"}, "geometry": {"type": "LineString", "coordinates": [[106.6441877, 10.9911365], [106.6441407893527, 10.99113751979668]]}}, {"type": "Feature", "properties": {"name": "", "fclass": "residential"}, "geometry": {"type": "LineString", "coordinates": [[106.6500565, 10.9898277], [106.6500118, 10.9898573], [106.6499599, 10.9898701], [106.6494092, 10.9896354]]}}, {"type": "Feature", "properties": {"name": "Lạc Long Quân", "fclass": "residential"}, "geometry": {"type": "LineString", "coordinates": [[106.6500565, 10.9898277], [106.6501999, 10.9898794], [106.6505018, 10.9899883], [106.6510757, 10.9901726]]}}, {"type": "Feature", "properties": {"name": "", "fclass": "service"}, "geometry": {"type": "LineString", "coordinates": [[106.6497016, 10.990047], [106.6499892, 10.9901973], [106.6500561, 10.9900768], [106.6500931, 10.9900939], [106.6501999, 10.9898794]]}}, {"type": "Feature", "properties": {"name": "", "fclass": "service"}, "geometry": {"type": "LineString", "coordinates": [[106.6500931, 10.9900939], [106.6502674, 10.9901805], [106.6503134, 10.9902401], [106.6503311, 10.9902934], [106.6503653, 10.9904173], [106.650416, 10.9904891]]}}, {"type": "Feature", "properties": {"name": "", "fclass": "residential"}, "geometry": {"type": "LineString", "coordinates": [[106.6524354, 10.9906731], [106.6524188, 10.9906359], [106.6524169, 10.9903848], [106.6524299, 10.9903485], [106.6528215, 10.989935], [106.6528344, 10.9899114]]}}, {"type": "Feature", "properties": {"name": "", "fclass": "residential"}, "geometry": {"type": "LineString", "coordinates": [[106.6525324, 10.9907373], [106.6524875, 10.990719], [106.6524586, 10.9907004], [106.6524354, 10.9906731]]}}, {"type": "Feature", "properties": {"name": "", "fclass": "residential"}, "geometry": {"type": "LineString", "coordinates": [[106.6497151, 10.991009], [106.6502734, 10.9905891]]}}, {"type": "Feature", "properties": {"name": "", "fclass": "service"}, "geometry": {"type": "LineString", "coordinates": [[106.6510424, 10.9908702], [106.6508518, 10.9908635], [106.6506935, 10.9908543], [106.6504803, 10.9908214]]}}, {"type": "Feature", "properties": {"name": "", "fclass": "residential"}, "geometry": {"type": "LineString", "coordinates": [[106.651038, 10.9910283], [106.6512837, 10.9910454], [106.6514218, 10.991056], [106.6515693, 10.9910731], [106.6517182, 10.9910823], [106.6518523, 10.9910718], [106.6519327, 10.9910665], [106.6519676, 10.991056], [106.651985, 10.9910428], [106.6520025, 10.9910099], [106.6520105, 10.9909625], [106.6520266, 10.9909191], [106.6520534, 10.9909072], [106.6521111, 10.9909019], [106.6522546, 10.9908954]]}}, {"type": "Feature", "properties": {"name": "Huỳnh Văn Cù", "fclass": "primary"}, "geometry": {"type": "LineString", "coordinates": [[106.6492516, 10.9906557], [106.6492997, 10.990648], [106.6493957, 10.9907248], [106.6494865, 10.9908049], [106.6496262, 10.9909308], [106.6497151, 10.991009], [106.6497922, 10.9910767], [106.6498323, 10.9911067], [106.6499485, 10.9911937], [106.6500782, 10.9912618], [106.6502789, 10.9913277], [106.6504489, 10.9913604], [106.6507773, 10.9914281], [106.6508146, 10.9914733]]}}, {"type": "Feature", "properties": {"name": "", "fclass": "service"}, "geometry": {"type": "LineString", "coordinates": [[106.6494715, 10.9900829], [106.6494939, 10.9902187]]}}, {"type": "Feature", "properties": {"name": "", "fclass": "service"}, "geometry": {"type": "LineString", "coordinates": [[106.6490822, 10.9904537], [106.6491856, 10.9903556], [106.6493134, 10.9902214], [106.6494359, 10.9901099], [106.6494715, 10.9900829], [106.6495003, 10.9900649], [106.6495267, 10.9900646], [106.649567, 10.9900735]]}}, {"type": "Feature", "properties": {"name": "", "fclass": "tertiary"}, "geometry": {"type": "LineString", "coordinates": [[106.6488373, 10.9902307], [106.6488864, 10.9902753], [106.6489548, 10.9903707], [106.6490251, 10.9905532]]}}, {"type": "Feature", "properties": {"name": "", "fclass": "tertiary"}, "geometry": {"type": "LineString", "coordinates": [[106.6489326, 10.9905566], [106.6488764, 10.9903666], [106.6488373, 10.9902307]]}}, {"type": "Feature", "properties": {"name": "", "fclass": "primary_link"}, "geometry": {"type": "LineString", "coordinates": [[106.6487751, 10.9905624], [106.6488115, 10.9904844], [106.6488348, 10.9904405], [106.648865, 10.9903872], [106.6488764, 10.9903666]]}}, {"type": "Feature", "properties": {"name": "", "fclass": "primary_link"}, "geometry": {"type": "LineString", "coordinates": [[106.6489548, 10.9903707], [106.6490273, 10.9904043], [106.6490822, 10.9904537], [106.6491976, 10.9906263]]}}, {"type": "Feature", "properties": {"name": "Huỳnh Văn Cù", "fclass": "primary"}, "geometry": {"type": "LineString", "coordinates": [[106.6487597, 10.9905665], [106.6487751, 10.9905624], [106.6489326, 10.9905566], [106.6490251, 10.9905532], [106.6491186, 10.9905813], [106.6491976, 10.9906263], [106.6492516, 10.9906557]]}}, {"type": "Feature", "properties": {"name": "", "fclass": "residential"}, "geometry": {"type": "LineString", "coordinates": [[106.6483873, 10.9916929], [106.6481146, 10.9915564], [106.6480432, 10.9915421], [106.647983, 10.991513], [106.6477665, 10.9914083], [106.6475944, 10.9913303], [106.6475878, 10.9913109], [106.6475865, 10.9912771], [106.6475935, 10.9912614], [106.647605, 10.9912355], [106.647752, 10.9909275], [106.6478565, 10.9906807], [106.6478995, 10.9905899]]}}, {"type": "Feature", "properties": {"name": "", "fclass": "residential"}, "geometry": {"type": "LineString", "coordinates": [[106.6472523, 10.9912311], [106.6473059, 10.9912403], [106.6473542, 10.9912271], [106.6473985, 10.9912166], [106.6474763, 10.9912245], [106.647542, 10.9912403], [106.6475935, 10.9912614]]}}, {"type": "Feature", "properties": {"name": "", "fclass": "residential"}, "geometry": {"type": "LineString", "coordinates": [[106.6487989, 10.9910044], [106.6484295, 10.9915469]]}}, {"type": "Feature", "properties": {"name": "", "fclass": "primary"}, "geometry": {"type": "LineString", "coordinates": [[106.6508146, 10.9914733], [106.6507725, 10.9915043], [106.6502809, 10.9914127], [106.6501875, 10.9913845], [106.6500924, 10.991351], [106.6500223, 10.9913225], [106.649937, 10.991277], [106.6499064, 10.9912588], [106.6498802, 10.9912403], [106.6497893, 10.9911666], [106.6496919, 10.9910875], [106.6495173, 10.9909386], [106.6493765, 10.9908065], [106.6492496, 10.9907003], [106.6492516, 10.9906557]]}}, {"type": "Feature", "properties": {"name": "", "fclass": "primary_link"}, "geometry": {"type": "LineString", "coordinates": [[106.6497893, 10.9911666], [106.6498323, 10.9911067]]}}, {"type": "Feature", "properties": {"name": "Ngã tư Chợ Cây Dừa", "fclass": "primary"}, "geometry": {"type": "LineString", "coordinates": [[106.6509335, 10.9914892], [106.6509348, 10.991478], [106.6509413, 10.9914624], [106.6509598, 10.9914392], [106.6509961, 10.9914202], [106.6510257, 10.9914161]]}}, {"type": "Feature", "properties": {"name": "", "fclass": "residential"}, "geometry": {"type": "LineString", "coordinates": [[106.6523122, 10.9917521], [106.6523685, 10.9916506], [106.6523813, 10.9916048], [106.6523823, 10.9915506], [106.6523791, 10.99146], [106.6523802, 10.9913704], [106.6523823, 10.9912599], [106.6523803, 10.9911561]]}}, {"type": "Feature", "properties": {"name": "Ngã tư Chợ Cây Dừa", "fclass": "primary"}, "geometry": {"type": "LineString", "coordinates": [[106.6510257, 10.9914161], [106.6510549, 10.991426], [106.6510749, 10.9914392], [106.6510933, 10.9914643], [106.6511029, 10.9914902], [106.6510998, 10.9915213]]}}, {"type": "Feature", "properties": {"name": "", "fclass": "primary"}, "geometry": {"type": "LineString", "coordinates": [[106.6508146, 10.9914733], [106.6509335, 10.9914892]]}}, {"type": "Feature", "properties": {"name": "Ngã tư Chợ Cây Dừa", "fclass": "primary"}, "geometry": {"type": "LineString", "coordinates": [[106.6509854, 10.9915856], [106.650958, 10.9915638], [106.6509382, 10.9915359], [106.6509313, 10.9915072], [106.6509335, 10.9914892]]}}, {"type": "Feature", "properties": {"name": "Ngã tư Chợ Cây Dừa", "fclass": "primary"}, "geometry": {"type": "LineString", "coordinates": [[106.6510998, 10.9915213], [106.6510944, 10.9915402], [106.6510823, 10.9915582], [106.651059, 10.9915766], [106.6510451, 10.9915826], [106.6510155, 10.991587], [106.6509854, 10.9915856]]}}, {"type": "Feature", "properties": {"name": "", "fclass": "residential"}, "geometry": {"type": "LineString", "coordinates": [[106.6522124, 10.9916961], [106.6520804, 10.9919317], [106.6520197, 10.9920529]]}}, {"type": "Feature", "properties": {"name": "", "fclass": "residential"}, "geometry": {"type": "LineString", "coordinates": [[106.6526597, 10.991922], [106.652506, 10.992241]]}}, {"type": "Feature", "properties": {"name": "", "fclass": "residential"}, "geometry": {"type": "LineString", "coordinates": [[106.6499196, 10.9922506], [106.6495985, 10.9920198], [106.6494032, 10.9918558], [106.6493618, 10.9917901], [106.6491881, 10.991514], [106.6490907, 10.9912866], [106.6489679, 10.9911199], [106.6487989, 10.9910044], [106.6487394, 10.990964], [106.6482997, 10.9907216], [106.6482914, 10.9906485], [106.6482855, 10.9905846]]}}, {"type": "Feature", "properties": {"name": "", "fclass": "residential"}, "geometry": {"type": "LineString", "coordinates": [[106.6458904, 10.9926911], [106.6459028, 10.9926427], [106.6459214, 10.9925842], [106.6459531, 10.9924855], [106.6460497, 10.9922477], [106.6460737, 10.992189], [106.6461795, 10.9919306], [106.6462708, 10.9916175], [106.6463105, 10.9913914], [106.646319, 10.9912181], [106.6463251, 10.9910952], [106.6463621, 10.9908301], [106.6464415, 10.990821], [106.6465832, 10.990782], [106.6466997, 10.9907573], [106.6467844, 10.9907482], [106.646832, 10.9907105], [106.646836, 10.9906599], [106.6468016, 10.9904455], [106.6467725, 10.9902869], [106.6467749, 10.9901626]]}}, {"type": "Feature", "properties": {"name": "", "fclass": "residential"}, "geometry": {"type": "LineString", "coordinates": [[106.6473895, 10.9919572], [106.6474652, 10.9916206], [106.6475187, 10.9914466], [106.6475878, 10.9913109]]}}, {"type": "Feature", "properties": {"name": "", "fclass": "residential"}, "geometry": {"type": "LineString", "coordinates": [[106.6483873, 10.9916929], [106.648389, 10.9917557], [106.6487007, 10.9918771]]}}, {"type": "Feature", "properties": {"name": "", "fclass": "residential"}, "geometry": {"type": "LineString", "coordinates": [[106.647983, 10.991513], [106.6479215, 10.9916813], [106.6479181, 10.9917024], [106.6479215, 10.991755], [106.6479168, 10.991813], [106.647884, 10.9919183], [106.6478612, 10.9919986], [106.6478249, 10.9920578], [106.6477887, 10.9921513], [106.6477686, 10.9922211]]}}, {"type": "Feature", "properties": {"name": "", "fclass": "residential"}, "geometry": {"type": "LineString", "coordinates": [[106.6493618, 10.9917901], [106.6491792, 10.9920177], [106.6489108, 10.9925143]]}}, {"type": "Feature", "properties": {"name": "", "fclass": "residential"}, "geometry": {"type": "LineString", "coordinates": [[106.6495985, 10.9920198], [106.6495319, 10.9922065], [106.6494421, 10.9924365], [106.6492099, 10.9928437], [106.6491595, 10.9930435], [106.6491302, 10.9930674], [106.6490978, 10.9930938], [106.6489779, 10.9931363], [106.6487547, 10.9931228], [106.6484134, 10.9930211], [106.6484021, 10.9930088], [106.6483243, 10.9929612], [106.6482724, 10.9928731], [106.6482947, 10.9927602], [106.6484217, 10.9924497], [106.6487007, 10.9918771], [106.6487106, 10.9918568], [106.6491881, 10.991514]]}}, {"type": "Feature", "properties": {"name": "", "fclass": "residential"}, "geometry": {"type": "LineString", "coordinates": [[106.6482724, 10.9928731], [106.6480087, 10.9927714], [106.6478464, 10.9927042], [106.6478102, 10.9926726], [106.6477834, 10.9926174], [106.6477485, 10.9925739]]}}, {"type": "Feature", "properties": {"name": "", "fclass": "residential"}, "geometry": {"type": "LineString", "coordinates": [[106.64772593819706, 10.99300881796965], [106.6472017, 10.9927797]]}}, {"type": "Feature", "properties": {"name": "", "fclass": "residential"}, "geometry": {"type": "MultiLineString", "coordinates": [[[106.64537973792487, 10.9926702921288], [106.6453956, 10.992667], [106.6454358341929, 10.992664047836191]], [[106.6455602464323, 10.992654919150263], [106.6456709, 10.9926468], [106.6458443, 10.992672], [106.6458904, 10.9926911], [106.6459925, 10.9927332], [106.646214, 10.9928373], [106.6464565, 10.9928981], [106.6465919, 10.9929256], [106.6466794, 10.9929928], [106.646727, 10.9930896], [106.6467537, 10.9931866], [106.6468079, 10.9932459], [106.6468745, 10.9932735], [106.646939, 10.9932768], [106.64752837789888, 10.99337225267361]], [[106.64774789189347, 10.993017025047786], [106.647845, 10.993034], [106.6479536, 10.9930934], [106.6482044, 10.9932721], [106.6482533, 10.9933013]]]}}, {"type": "Feature", "properties": {"name": "", "fclass": "residential"}, "geometry": {"type": "LineString", "coordinates": [[106.646319, 10.9912181], [106.6458267, 10.9912811], [106.6455477, 10.9912916]]}}, {"type": "Feature", "properties": {"name": "", "fclass": "residential"}, "geometry": {"type": "LineString", "coordinates": [[106.6441798, 10.9914444], [106.64413984147417, 10.991443015472132]]}}, {"type": "Feature", "properties": {"name": "", "fclass": "residential"}, "geometry": {"type": "LineString", "coordinates": [[106.6463621, 10.9908301], [106.6463515, 10.9907989], [106.6463171, 10.9907768], [106.6462615, 10.9907586], [106.6461543, 10.9907404], [106.6459531, 10.9907391], [106.6456182, 10.9907508], [106.6448307, 10.9907248], [106.6444084, 10.9907001], [106.6441927, 10.9906833], [106.6441877, 10.9911365], [106.6441798, 10.9914444], [106.6441914, 10.9915711], [106.6442066, 10.9916682], [106.6442096, 10.9917336], [106.6442235, 10.992032], [106.6442345, 10.9924723], [106.64423395190862, 10.99265982555183]]}}, {"type": "Feature", "properties": {"name": "", "fclass": "residential"}, "geometry": {"type": "LineString", "coordinates": [[106.6441914, 10.9915711], [106.644668, 10.9916445], [106.6448933, 10.9917814], [106.6451079, 10.9918288], [106.6454136, 10.9917761], [106.6454767, 10.9917643], [106.6455169, 10.9917959], [106.645537, 10.9918551], [106.6455585, 10.9920289], [106.6457194, 10.9921026], [106.6459286, 10.99215], [106.6460737, 10.992189]]}}, {"type": "Feature", "properties": {"name": "", "fclass": "residential"}, "geometry": {"type": "LineString", "coordinates": [[106.6442345, 10.9924723], [106.64418208507806, 10.99246129390226]]}}, {"type": "Feature", "properties": {"name": "", "fclass": "service"}, "geometry": {"type": "LineString", "coordinates": [[106.64588913626838, 10.992712185411932], [106.6458904, 10.9926911]]}}, {"type": "Feature", "properties": {"name": "", "fclass": "residential"}, "geometry": {"type": "LineString", "coordinates": [[106.6456709, 10.9926468], [106.64567116371882, 10.992657904810736]]}}, {"type": "Feature", "properties": {"name": "", "fclass": "service"}, "geometry": {"type": "LineString", "coordinates": [[106.6506163, 10.9925358], [106.6503229, 10.9924664], [106.650044, 10.9923401], [106.6499196, 10.9922506]]}}, {"type": "Feature", "properties": {"name": "", "fclass": "residential"}, "geometry": {"type": "LineString", "coordinates": [[106.6507167, 10.9923359], [106.6508116, 10.9923626], [106.6508713, 10.9923764], [106.6508994, 10.9923817], [106.6509195, 10.9923771], [106.650941, 10.9923758], [106.6510127, 10.9923935], [106.6512193, 10.9924574], [106.6515411, 10.9925535]]}}, {"type": "Feature", "properties": {"name": "", "fclass": "residential"}, "geometry": {"type": "LineString", "coordinates": [[106.6499196, 10.9922506], [106.6498366, 10.9924179], [106.6497823, 10.9925568], [106.6497032, 10.9927319]]}}, {"type": "Feature", "properties": {"name": "", "fclass": "service"}, "geometry": {"type": "LineString", "coordinates": [[106.6504866, 10.9929528], [106.6508605, 10.9930998], [106.6509624, 10.9931406], [106.6511093, 10.9931393], [106.6513604, 10.9931036], [106.6515378, 10.9930884], [106.6518885, 10.9930744], [106.6519906, 10.9930726]]}}, {"type": "Feature", "properties": {"name": "", "fclass": "residential"}, "geometry": {"type": "LineString", "coordinates": [[106.6491302, 10.9930674], [106.6494171, 10.9931837], [106.6495204, 10.9932155], [106.6495491, 10.9932198], [106.6495872, 10.9932254], [106.6496621, 10.9932294], [106.6498625, 10.9932234], [106.6499071, 10.9932393], [106.6499491, 10.9932814], [106.6500204, 10.9933029], [106.6501561, 10.9933049], [106.650406, 10.9933022]]}}, {"type": "Feature", "properties": {"name": "", "fclass": "residential"}, "geometry": {"type": "LineString", "coordinates": [[106.6499491, 10.9932814], [106.6499553, 10.9933401], [106.6499258, 10.9935375], [106.6499097, 10.9935507]]}}, {"type": "Feature", "properties": {"name": "", "fclass": "residential"}, "geometry": {"type": "LineString", "coordinates": [[106.6499097, 10.9935507], [106.6497367, 10.993608], [106.6495959, 10.9936706], [106.6495576, 10.9936726], [106.6495389, 10.9936607], [106.6494792, 10.993608]]}}, {"type": "Feature", "properties": {"name": "", "fclass": "service"}, "geometry": {"type": "LineString", "coordinates": [[106.6489793, 10.9940469], [106.6492731, 10.9939559], [106.6494391, 10.9939107], [106.6495174, 10.9938904], [106.6496357, 10.9938681], [106.6497557, 10.993833], [106.649863, 10.9937829], [106.6499626, 10.9937353], [106.6501005, 10.9936851], [106.6502511, 10.993645], [106.650457, 10.9935885]]}}, {"type": "Feature", "properties": {"name": "Cách Mạng Tháng Tám", "fclass": "secondary"}, "geometry": {"type": "LineString", "coordinates": [[106.6509854, 10.9915856], [106.6509646, 10.9917146], [106.6509395, 10.991778], [106.6507167, 10.9923359], [106.6506163, 10.9925358], [106.6505283, 10.9928049], [106.6504866, 10.9929528], [106.6504787, 10.9929814], [106.6504582, 10.9930545], [106.650406, 10.9933022], [106.650457, 10.9935885], [106.6504602, 10.9936299], [106.6505273, 10.9939943], [106.6506, 10.9944439], [106.6506257, 10.9945615], [106.650637, 10.9947476], [106.6505928, 10.9949901], [106.6505527, 10.9951555], [106.650489, 10.9952614], [106.6503334, 10.9955154], [106.650156, 10.9957509], [106.6499234, 10.9960271], [106.6498744, 10.9960769]]}}, {"type": "Feature", "properties": {"name": "", "fclass": "residential"}, "geometry": {"type": "LineString", "coordinates": [[106.6519415, 10.9939286], [106.6518623, 10.9939918], [106.6518047, 10.9940267], [106.6517638, 10.9940398], [106.6517135, 10.9940411], [106.6516699, 10.9940346], [106.6516478, 10.9940181], [106.6516317, 10.9940095], [106.6516149, 10.9940076], [106.6516003, 10.9940076]]}}, {"type": "Feature", "properties": {"name": "", "fclass": "residential"}, "geometry": {"type": "LineString", "coordinates": [[106.6486444, 10.9938139], [106.6483971, 10.9937303], [106.6483156, 10.9936405], [106.6482533, 10.9933013], [106.6484134, 10.9930211]]}}, {"type": "Feature", "properties": {"name": "", "fclass": "residential"}, "geometry": {"type": "LineString", "coordinates": [[106.6495491, 10.9932198], [106.6495121, 10.9933335], [106.6494866, 10.9934151], [106.6494812, 10.9934625], [106.6494879, 10.9935428], [106.6494893, 10.993579], [106.6494792, 10.993608], [106.6494195, 10.9936804], [106.6494008, 10.9937726], [106.64939, 10.9937982], [106.6493766, 10.9938114], [106.6493578, 10.99382], [106.6493022, 10.9938318]]}}, {"type": "Feature", "properties": {"name": "", "fclass": "residential"}, "geometry": {"type": "LineString", "coordinates": [[106.646717281668, 10.993258217418537], [106.6467537, 10.9931866]]}}, {"type": "Feature", "properties": {"name": "", "fclass": "residential"}, "geometry": {"type": "LineString", "coordinates": [[106.64946216404738, 10.99625202619351], [106.6494288, 10.9961969], [106.6493395, 10.996044], [106.6493185, 10.9959871], [106.6492756, 10.9958761], [106.6492118, 10.9957031], [106.6491965, 10.9956078], [106.649185, 10.9955674], [106.6491658, 10.9955001], [106.6490918, 10.9953171], [106.6490637, 10.9951692], [106.6490458, 10.9950614], [106.6490458, 10.994921], [106.6490535, 10.9947881], [106.6490458, 10.9946678], [106.6490151, 10.9945299], [106.6489692, 10.9944497], [106.6488287, 10.9943444], [106.6487893, 10.9943237], [106.6487189, 10.9942868], [106.6486091, 10.9942191], [106.6484633, 10.9941477]]}}, {"type": "Feature", "properties": {"name": "", "fclass": "residential"}, "geometry": {"type": "LineString", "coordinates": [[106.64845543746024, 10.994160750901749], [106.6484633, 10.9941477], [106.6484773, 10.9941244], [106.6485842, 10.9939815], [106.6486444, 10.9938139]]}}, {"type": "Feature", "properties": {"name": "", "fclass": "residential"}, "geometry": {"type": "LineString", "coordinates": [[106.64914256256313, 10.995577454992656], [106.6491556, 10.9955753], [106.649185, 10.9955674]]}}, {"type": "Feature", "properties": {"name": "", "fclass": "residential"}, "geometry": {"type": "LineString", "coordinates": [[106.64929841005412, 10.99600070282945], [106.6493185, 10.9959871]]}}, {"type": "Feature", "properties": {"name": "Cách Mạng Tháng Tám", "fclass": "secondary"}, "geometry": {"type": "MultiLineString", "coordinates": [[[106.648752, 10.9972336], [106.649017, 10.9969296]], [[106.6495565, 10.9963669], [106.6497584, 10.9961806]]]}}, {"type": "Feature", "properties": {"name": "", "fclass": "residential"}, "geometry": {"type": "MultiLineString", "coordinates": [[[106.64197035058747, 10.989789507025145], [106.6420267, 10.9897875], [106.6421768, 10.9898048], [106.6423861, 10.9898977], [106.642504, 10.9899455], [106.6425808, 10.9899676], [106.64276121097754, 10.989969252619641]], [[106.6429988261494, 10.989965961939864], [106.6430169, 10.9899657], [106.64308945079168, 10.989969386523969]], [[106.64328353149041, 10.989979250464451], [106.6434868, 10.9899896], [106.6438537, 10.9900337], [106.6441944, 10.9900723], [106.644215, 10.9900778]]]}}, {"type": "Feature", "properties": {"name": "", "fclass": "residential"}, "geometry": {"type": "LineString", "coordinates": [[106.64414517760947, 10.991728435615148], [106.6442096, 10.9917336]]}}, {"type": "Feature", "properties": {"name": "", "fclass": "residential"}, "geometry": {"type": "LineString", "coordinates": [[106.6506, 10.9944439], [106.6506815, 10.9944426], [106.6507872, 10.9944146], [106.6508929, 10.9943907], [106.6509864, 10.9943707], [106.6510677, 10.9943508], [106.6511856, 10.9942989], [106.6512751, 10.994247], [106.6513211, 10.9942203], [106.6513848, 10.9941832], [106.6514824, 10.9941033], [106.6516003, 10.9940076]]}}, {"type": "Feature", "properties": {"name": "", "fclass": "residential"}, "geometry": {"type": "LineString", "coordinates": [[106.6513211, 10.9942203], [106.6513711, 10.9942512], [106.6514165, 10.9942852], [106.651426, 10.9942939], [106.651496, 10.9944009], [106.651543, 10.9945009], [106.6515646, 10.9945591], [106.6515761, 10.9946187]]}}, {"type": "Feature", "properties": {"name": "", "fclass": "residential"}, "geometry": {"type": "LineString", "coordinates": [[106.6505928, 10.9949901], [106.6507768, 10.9949479], [106.6508573, 10.9949347], [106.6509351, 10.9949189], [106.6510209, 10.9948899], [106.6511014, 10.9948583], [106.6511818, 10.9948188], [106.6512677, 10.9947793], [106.6513589, 10.994732], [106.651434, 10.9946951], [106.6514691, 10.9946773], [106.6515118, 10.9946556], [106.6515761, 10.9946187]]}}, {"type": "Feature", "properties": {"name": "", "fclass": "service"}, "geometry": {"type": "LineString", "coordinates": [[106.6514691, 10.9946773], [106.6515291, 10.9948172], [106.6516256, 10.9949818], [106.6517289, 10.9951371], [106.6518343, 10.9953167]]}}, {"type": "Feature", "properties": {"name": "", "fclass": "service"}, "geometry": {"type": "LineString", "coordinates": [[106.650489, 10.9952614], [106.6506332, 10.9952464], [106.6507177, 10.9952767], [106.6507687, 10.9952885], [106.6508129, 10.9952925], [106.6508505, 10.9952859], [106.6508867, 10.9952556], [106.6509725, 10.9951516], [106.6510825, 10.9950199]]}}, {"type": "Feature", "properties": {"name": "", "fclass": "residential"}, "geometry": {"type": "LineString", "coordinates": [[106.6503334, 10.9955154], [106.6502751, 10.9954412], [106.6502215, 10.9953899], [106.6501853, 10.9953293], [106.6501558, 10.9952846]]}}, {"type": "Feature", "properties": {"name": "Cách Mạng Tháng Tám", "fclass": "secondary"}, "geometry": {"type": "LineString", "coordinates": [[106.6497584, 10.9961806], [106.6498744, 10.9960769]]}}, {"type": "Feature", "properties": {"name": "", "fclass": "trunk_link"}, "geometry": {"type": "LineString", "coordinates": [[106.6498744, 10.9960769], [106.6498668, 10.9962021], [106.6498685, 10.9962579], [106.6498794, 10.9963099], [106.6498903, 10.9963391], [106.6499069, 10.9963729], [106.6499292, 10.9964035]]}}, {"type": "Feature", "properties": {"name": "", "fclass": "trunk_link"}, "geometry": {"type": "LineString", "coordinates": [[106.64988435252405, 10.996494895034406], [106.6498566, 10.9964552], [106.6497977, 10.9963546], [106.6497825, 10.9963158], [106.6497734, 10.9962761], [106.6497677, 10.9962431], [106.6497584, 10.9961806]]}}, {"type": "Feature", "properties": {"name": "", "fclass": "trunk_link"}, "geometry": {"type": "LineString", "coordinates": [[106.6499292, 10.9964035], [106.64996280770691, 10.996446065132922]]}}, {"type": "Feature", "properties": {"name": "Đại lộ Bình Dương", "fclass": "trunk"}, "geometry": {"type": "LineString", "coordinates": [[106.648752, 10.9972336], [106.6497191, 10.9965436], [106.6498566, 10.9964552], [106.6499292, 10.9964035]]}}, {"type": "Feature", "properties": {"name": "", "fclass": "residential"}, "geometry": {"type": "LineString", "coordinates": [[106.6526341, 10.9840401], [106.652814, 10.9840958], [106.6528254, 10.9840993], [106.6529976, 10.9841541], [106.6531522, 10.9841771], [106.6532002, 10.9841907], [106.6534336, 10.984225], [106.6536591, 10.9842446], [106.653882, 10.9842825], [106.6540406, 10.9843719], [106.6541184, 10.984441], [106.6542598, 10.9844468], [106.6544536, 10.984446], [106.6544598, 10.9844451], [106.6546498, 10.9844176], [106.6548974, 10.9843667], [106.6553391, 10.984319], [106.6556584, 10.984314], [106.6558218, 10.9842764], [106.6559279, 10.9842447], [106.6562355, 10.9842137], [106.6562893, 10.9842094], [106.6565189, 10.9841912], [106.6568918, 10.9842012], [106.6570642, 10.9842137], [106.6571078, 10.9842177], [106.6574, 10.9842965], [106.6575889, 10.9843792], [106.6577575, 10.9845622], [106.6578928, 10.9847101], [106.6580895, 10.9848405], [106.6584112, 10.9850561], [106.6586819, 10.9852516], [106.6589194, 10.9854647], [106.6590573, 10.9856226], [106.6591084, 10.9857129], [106.6591135, 10.9858558], [106.6591594, 10.9859961], [106.6593408, 10.9861716], [106.6595502, 10.9863722], [106.6599613, 10.9868034], [106.6603137, 10.9870616], [106.6606359, 10.9872599], [106.66109, 10.9875329], [106.6612228, 10.9876557], [106.6612841, 10.987771], [106.6617642, 10.9880718], [106.6621983, 10.9883802], [106.6623486, 10.9884822], [106.6625048, 10.9885882], [106.662944, 10.9887913], [106.6630477, 10.9888193], [106.6631737, 10.988854], [106.6632861, 10.9889341], [106.6634906, 10.9890465], [106.6640255, 10.9892229]]}}, {"type": "Feature", "properties": {"name": "", "fclass": "service"}, "geometry": {"type": "LineString", "coordinates": [[106.6597212, 10.9875676], [106.6590714, 10.988032], [106.6587846, 10.9876275]]}}, {"type": "Feature", "properties": {"name": "", "fclass": "service"}, "geometry": {"type": "LineString", "coordinates": [[106.658771, 10.9888219], [106.6587067, 10.9882637], [106.6587764, 10.9881689], [106.6589373, 10.9880846], [106.6590714, 10.988032], [106.6592056, 10.9886481]]}}, {"type": "Feature", "properties": {"name": "", "fclass": "service"}, "geometry": {"type": "LineString", "coordinates": [[106.6586584, 10.9888166], [106.6580273, 10.9888321], [106.657994, 10.9888328]]}}, {"type": "Feature", "properties": {"name": "", "fclass": "service"}, "geometry": {"type": "LineString", "coordinates": [[106.6587278, 10.9895349], [106.6588797, 10.9895196], [106.6589481, 10.9895222], [106.6590071, 10.9895222], [106.6590621, 10.9895183], [106.6590755, 10.9894946], [106.6590741, 10.9894512], [106.6590701, 10.9893801], [106.6590585, 10.9893303], [106.6590486, 10.9892879], [106.6590084, 10.9892603], [106.6589494, 10.9892484], [106.6588837, 10.9892287], [106.6588461, 10.9891694], [106.6588354, 10.9890799], [106.6588019, 10.9888095]]}}, {"type": "Feature", "properties": {"name": "", "fclass": "service"}, "geometry": {"type": "LineString", "coordinates": [[106.6588239, 10.9899381], [106.6588874, 10.9898391], [106.6590341, 10.9898171], [106.6593226, 10.9897488], [106.659611, 10.9896633], [106.6597826, 10.9896096], [106.6599095, 10.9895413], [106.6601059, 10.9894168], [106.6602402, 10.9893338], [106.6602601, 10.989302], [106.660265, 10.989255], [106.6602691, 10.989201], [106.6602731, 10.9891523], [106.6602774, 10.9891391], [106.6602875, 10.9891332], [106.6603281, 10.9891299], [106.6604005, 10.9891141], [106.6604407, 10.9891036], [106.6604716, 10.9890667], [106.6605037, 10.9889812], [106.6605386, 10.9888732], [106.6605762, 10.9888047], [106.6606097, 10.9887745], [106.6606446, 10.9887429], [106.6606741, 10.9887113], [106.6606888, 10.9886612], [106.6606982, 10.9886191], [106.6606982, 10.9885704], [106.6606781, 10.9885296], [106.6606499, 10.9884625]]}}, {"type": "Feature", "properties": {"name": "", "fclass": "service"}, "geometry": {"type": "LineString", "coordinates": [[106.658767, 10.9899411], [106.6587278, 10.9895349], [106.658709, 10.9893407], [106.6586584, 10.9888166], [106.658771, 10.9888219], [106.6588019, 10.9888095], [106.6592056, 10.9886481]]}}, {"type": "Feature", "properties": {"name": "", "fclass": "service"}, "geometry": {"type": "LineString", "coordinates": [[106.658709, 10.9893407], [106.6588797, 10.9893393], [106.6590585, 10.9893303]]}}, {"type": "Feature", "properties": {"name": "", "fclass": "residential"}, "geometry": {"type": "LineString", "coordinates": [[106.6577848, 10.9899993], [106.6579644, 10.9899505], [106.6581847, 10.9899523], [106.6585585, 10.9899523], [106.658767, 10.9899411], [106.6588239, 10.9899381], [106.6591255, 10.9898796], [106.6594117, 10.9898068]]}}, {"type": "Feature", "properties": {"name": "", "fclass": "service"}, "geometry": {"type": "LineString", "coordinates": [[106.6594117, 10.9898068], [106.659427, 10.9899151], [106.6594866, 10.9900516], [106.6595516, 10.9901225], [106.659613, 10.990142], [106.6596834, 10.9901562], [106.6597539, 10.9901491], [106.6598712, 10.9900994], [106.6600338, 10.990064], [106.660141, 10.9900558], [106.6602032, 10.9900617], [106.6602835, 10.9900775], [106.6603678, 10.990107], [106.66042, 10.9901445], [106.6604802, 10.9901918], [106.6605544, 10.9902784], [106.6606207, 10.9903632], [106.6606628, 10.9904518], [106.660705, 10.9905385], [106.6607168, 10.990595]]}}, {"type": "Feature", "properties": {"name": "", "fclass": "residential"}, "geometry": {"type": "LineString", "coordinates": [[106.6570642, 10.9842137], [106.6570634, 10.9842345]]}}, {"type": "Feature", "properties": {"name": "", "fclass": "residential"}, "geometry": {"type": "LineString", "coordinates": [[106.6570634, 10.9842345], [106.6570612, 10.9843364]]}}, {"type": "Feature", "properties": {"name": "", "fclass": "residential"}, "geometry": {"type": "LineString", "coordinates": [[106.6570612, 10.9843364], [106.65706, 10.9843664]]}}, {"type": "Feature", "properties": {"name": "", "fclass": "residential"}, "geometry": {"type": "LineString", "coordinates": [[106.6564771, 10.9843182], [106.6564791, 10.984994]]}}, {"type": "Feature", "properties": {"name": "", "fclass": "residential"}, "geometry": {"type": "LineString", "coordinates": [[106.6555061, 10.9855772], [106.655572, 10.9853507], [106.6556449, 10.9851225], [106.6557092, 10.9849164], [106.6557529, 10.984732], [106.6557728, 10.984603], [106.6557851, 10.9844114]]}}, {"type": "Feature", "properties": {"name": "", "fclass": "residential"}, "geometry": {"type": "LineString", "coordinates": [[106.6554658, 10.9878212], [106.6558608, 10.9877594]]}}, {"type": "Feature", "properties": {"name": "", "fclass": "residential"}, "geometry": {"type": "LineString", "coordinates": [[106.6556257, 10.9882764], [106.6556852, 10.9882564], [106.6557234, 10.9882531], [106.6557717, 10.9882617], [106.6559165, 10.9882992], [106.6559889, 10.9883288], [106.6560835, 10.9883617]]}}, {"type": "Feature", "properties": {"name": "", "fclass": "residential"}, "geometry": {"type": "LineString", "coordinates": [[106.6569436, 10.9876109], [106.657157, 10.9880764], [106.657323, 10.9883823], [106.6574009, 10.9885419], [106.6574314, 10.9888212], [106.6574653, 10.989074], [106.6575916, 10.9894224]]}}, {"type": "Feature", "properties": {"name": "Phạm Ngũ Lão", "fclass": "tertiary"}, "geometry": {"type": "LineString", "coordinates": [[106.6573125, 10.992535], [106.6572676, 10.9921798], [106.6571628, 10.9915539], [106.6571578, 10.9915243], [106.6570301, 10.9910693], [106.6569376, 10.9908431], [106.6569178, 10.9907948], [106.6568246, 10.9906548], [106.6568093, 10.9906318], [106.6566611, 10.9904927], [106.6564262, 10.9902734], [106.6563011, 10.990138], [106.6561198, 10.9898773], [106.6560661, 10.9896504], [106.656047, 10.9893182], [106.6559985, 10.9890613], [106.6559225, 10.9888679], [106.6558772, 10.9887529], [106.6557522, 10.9885223], [106.6556257, 10.9882764], [106.6555717, 10.9881713], [106.6554658, 10.9878212], [106.6553947, 10.9875863], [106.6553496, 10.987442], [106.655177, 10.9868902], [106.6551274, 10.9867319], [106.6550676, 10.9865461], [106.6549853, 10.98629], [106.6549541, 10.986193], [106.6549072, 10.985913], [106.6548356, 10.9854038], [106.6548277, 10.9853475], [106.6547248, 10.9847076], [106.654684, 10.984552], [106.6546828, 10.9845446]]}}, {"type": "Feature", "properties": {"name": "", "fclass": "residential"}, "geometry": {"type": "LineString", "coordinates": [[106.6575546, 10.9895038], [106.6574201, 10.989324], [106.6572435, 10.9891311], [106.6571316, 10.9889725], [106.6569883, 10.9886754], [106.6569374, 10.9886154], [106.6564643, 10.9887103], [106.6562864, 10.9887624], [106.6561743, 10.9887952], [106.6559225, 10.9888679]]}}, {"type": "Feature", "properties": {"name": "", "fclass": "residential"}, "geometry": {"type": "LineString", "coordinates": [[106.6553496, 10.987442], [106.6548443, 10.9875541]]}}, {"type": "Feature", "properties": {"name": "", "fclass": "residential"}, "geometry": {"type": "LineString", "coordinates": [[106.6530503, 10.9882015], [106.6532027, 10.9881205], [106.6533444, 10.9880754], [106.6535002, 10.9879989], [106.6535692, 10.9879312], [106.6536164, 10.987851], [106.6536662, 10.9877633], [106.6537786, 10.9876592], [106.6538169, 10.9876254], [106.6539163, 10.9875298], [106.6539332, 10.9875136], [106.6541174, 10.9873895], [106.6542871, 10.9873203], [106.6545074, 10.9872335], [106.6547061, 10.9871307], [106.654892, 10.9870314], [106.6551448, 10.986902], [106.655177, 10.9868902]]}}, {"type": "Feature", "properties": {"name": "", "fclass": "residential"}, "geometry": {"type": "LineString", "coordinates": [[106.6527936, 10.9877614], [106.6528789, 10.9876962], [106.6529889, 10.9876186], [106.653064, 10.9875646], [106.6531451, 10.9875205], [106.6532021, 10.9874902], [106.6532484, 10.9874737], [106.6532973, 10.9874757], [106.6533671, 10.9874882], [106.6534207, 10.9874961], [106.6534931, 10.9875053], [106.653534, 10.9875014], [106.6535823, 10.9874889], [106.6536567, 10.9874612], [106.6537017, 10.9874211], [106.6537345, 10.9873948], [106.653758, 10.9873954], [106.6538049, 10.9874171], [106.6538599, 10.987456], [106.6539163, 10.9875298]]}}, {"type": "Feature", "properties": {"name": "", "fclass": "residential"}, "geometry": {"type": "LineString", "coordinates": [[106.6529479, 10.9888746], [106.6529238, 10.9887995], [106.6528822, 10.9887468], [106.6528447, 10.9887021], [106.6528165, 10.9886441], [106.6527803, 10.9885454], [106.6527334, 10.9884625], [106.6526905, 10.9884032], [106.6526234, 10.9883176]]}}, {"type": "Feature", "properties": {"name": "", "fclass": "residential"}, "geometry": {"type": "LineString", "coordinates": [[106.6540448, 10.9893347], [106.6540312, 10.9893037], [106.6540177, 10.9892417], [106.6539966, 10.9891708], [106.6539786, 10.9891323], [106.6539741, 10.9891013], [106.6540192, 10.9890659], [106.6541005, 10.9890038], [106.6541757, 10.9889595], [106.65426, 10.9888856], [106.654275, 10.9888664]]}}, {"type": "Feature", "properties": {"name": "", "fclass": "residential"}, "geometry": {"type": "LineString", "coordinates": [[106.6528738, 10.9889071], [106.6529171, 10.989047], [106.6529962, 10.9892945]]}}, {"type": "Feature", "properties": {"name": "", "fclass": "residential"}, "geometry": {"type": "LineString", "coordinates": [[106.6559225, 10.9888679], [106.6557378, 10.9889181], [106.6555903, 10.988961], [106.6554579, 10.9889684], [106.6553345, 10.9889654], [106.6551975, 10.9889905], [106.6550726, 10.9890215], [106.654886, 10.989057], [106.6547762, 10.9890969], [106.6546482, 10.9891619], [106.6544466, 10.9892446], [106.6543127, 10.989283], [106.6541667, 10.98932], [106.6540914, 10.9893303], [106.6540448, 10.9893347]]}}, {"type": "Feature", "properties": {"name": "", "fclass": "residential"}, "geometry": {"type": "LineString", "coordinates": [[106.6535678, 10.9891085], [106.6533181, 10.9892543]]}}, {"type": "Feature", "properties": {"name": "", "fclass": "residential"}, "geometry": {"type": "LineString", "coordinates": [[106.6537436, 10.9894132], [106.6538928, 10.9893037], [106.653962, 10.9892491], [106.6540177, 10.9892417]]}}, {"type": "Feature", "properties": {"name": "", "fclass": "residential"}, "geometry": {"type": "LineString", "coordinates": [[106.653114, 10.990126], [106.6531505, 10.9900791], [106.6531974, 10.9900423], [106.6532738, 10.9900304], [106.653349, 10.9900265], [106.6534026, 10.9900357], [106.6534428, 10.9900462], [106.6535233, 10.9900449], [106.6536344, 10.9900298]]}}, {"type": "Feature", "properties": {"name": "", "fclass": "residential"}, "geometry": {"type": "LineString", "coordinates": [[106.6511896, 10.9882209], [106.6511871, 10.9880214], [106.6511844, 10.9878318]]}}, {"type": "Feature", "properties": {"name": "Hẻm 84 Lạc Long Quân", "fclass": "residential"}, "geometry": {"type": "LineString", "coordinates": [[106.6520254, 10.9881755], [106.6518747, 10.9881873], [106.6517528, 10.9881947], [106.6516339, 10.9881947], [106.6515601, 10.9882036], [106.6514713, 10.9882316], [106.6513826, 10.9882509], [106.6512682, 10.9882361], [106.651211, 10.9882302], [106.6511896, 10.9882209], [106.6511117, 10.9882021], [106.6510154, 10.9882021], [106.650901, 10.9882051], [106.6507806, 10.9882184], [106.6507008, 10.9882272], [106.6505985, 10.9882435], [106.6505398, 10.9882494], [106.65046, 10.9882346], [106.6503682, 10.9882021], [106.6503231, 10.9881991], [106.6502494, 10.9881696]]}}, {"type": "Feature", "properties": {"name": "", "fclass": "residential"}, "geometry": {"type": "LineString", "coordinates": [[106.6520097, 10.9882029], [106.6520749, 10.9882176], [106.6521849, 10.9882321], [106.6522466, 10.9882426], [106.6523109, 10.9882465], [106.6523968, 10.9882531]]}}, {"type": "Feature", "properties": {"name": "", "fclass": "residential"}, "geometry": {"type": "LineString", "coordinates": [[106.6491494, 10.9883148], [106.6491933, 10.9883239], [106.6492976, 10.9883394], [106.6493883, 10.9883839], [106.6496213, 10.9884802], [106.649844, 10.9885368], [106.6500146, 10.9885829], [106.6500427, 10.9885905]]}}, {"type": "Feature", "properties": {"name": "", "fclass": "residential"}, "geometry": {"type": "LineString", "coordinates": [[106.6500875, 10.9884992], [106.6503, 10.9885935], [106.6503255, 10.9885985], [106.6503595, 10.9885952], [106.6506738, 10.9885018], [106.6506959, 10.9885101], [106.6507078, 10.9885302], [106.6507639, 10.9885935], [106.6508012, 10.9886202], [106.6513466, 10.988752], [106.6516389, 10.9888463]]}}, {"type": "Feature", "properties": {"name": "Nguyễn Văn Tiết", "fclass": "tertiary"}, "geometry": {"type": "LineString", "coordinates": [[106.655852, 10.9924776], [106.6558182, 10.9924177], [106.6558106, 10.9924042], [106.6554635, 10.991916], [106.6552987, 10.9916947], [106.6550482, 10.9913369], [106.6546008, 10.9906983], [106.654357, 10.9903792], [106.6541961, 10.9901506], [106.6541187, 10.9900406], [106.6539074, 10.989695], [106.6538855, 10.9896573], [106.6537436, 10.9894132], [106.6536528, 10.9892571], [106.6535678, 10.9891085], [106.6533639, 10.9887519], [106.6533481, 10.9887242], [106.6530876, 10.9882662], [106.6530503, 10.9882015], [106.6529016, 10.9879436], [106.6527936, 10.9877614], [106.6527409, 10.9876724], [106.6526786, 10.9875671], [106.6526308, 10.9874863], [106.6525632, 10.9872972], [106.6524306, 10.9871555], [106.652335, 10.9870533], [106.6520841, 10.9867865], [106.6520592, 10.98676], [106.6517681, 10.9864491], [106.651713, 10.9863993], [106.651657, 10.9863178], [106.6516173, 10.9861512], [106.6516218, 10.9860679], [106.6515641, 10.9858738], [106.6514981, 10.9856389], [106.6514553, 10.9854632], [106.6512927, 10.9852469], [106.6511374, 10.9851211], [106.651011, 10.9850325], [106.6508792, 10.984958], [106.6504549, 10.9849757], [106.6504025, 10.9849847], [106.6501998, 10.9850194], [106.6497416, 10.985098], [106.6492193, 10.9852256], [106.64866, 10.9853622], [106.6486331, 10.9853669], [106.6481674, 10.9854475], [106.6481165, 10.9854579], [106.6478618, 10.9855085]]}}, {"type": "Feature", "properties": {"name": "", "fclass": "service"}, "geometry": {"type": "LineString", "coordinates": [[106.6500146, 10.9885829], [106.6499814, 10.9887165], [106.6499452, 10.9888258], [106.6498902, 10.9889904], [106.649846, 10.9890536], [106.6497856, 10.9890667], [106.6496904, 10.9890654], [106.6494276, 10.988943], [106.649221, 10.9888521]]}}, {"type": "Feature", "properties": {"name": "", "fclass": "residential"}, "geometry": {"type": "LineString", "coordinates": [[106.6536393, 10.988554], [106.6533481, 10.9887242], [106.6532048, 10.9887741], [106.6530427, 10.9888318], [106.6529479, 10.9888746], [106.6528738, 10.9889071], [106.6527081, 10.9889747], [106.652606, 10.9890074], [106.6525865, 10.989014], [106.6525381, 10.98901], [106.6524696, 10.9889962], [106.6523932, 10.9889918], [106.6523208, 10.9890132], [106.6522204, 10.9890564], [106.6521515, 10.9890819], [106.6520795, 10.9890934], [106.6519598, 10.9891058], [106.6518944, 10.9891052], [106.6518288, 10.9890993], [106.6517454, 10.9890902], [106.6516686, 10.9890642], [106.6515446, 10.9890062]]}}, {"type": "Feature", "properties": {"name": "", "fclass": "residential"}, "geometry": {"type": "LineString", "coordinates": [[106.651459, 10.9891693], [106.6513644, 10.9891302], [106.6512851, 10.9890993], [106.6512211, 10.9890774], [106.6511022, 10.9890474], [106.6510188, 10.9890245]]}}, {"type": "Feature", "properties": {"name": "", "fclass": "residential"}, "geometry": {"type": "LineString", "coordinates": [[106.6528344, 10.9899114], [106.6528344, 10.9898788], [106.6528067, 10.9897809], [106.6527254, 10.9894998], [106.6526663, 10.9892368], [106.6526141, 10.9890903], [106.6525865, 10.989014]]}}, {"type": "Feature", "properties": {"name": "", "fclass": "residential"}, "geometry": {"type": "LineString", "coordinates": [[106.6562864, 10.9887624], [106.6564236, 10.9890599], [106.6566678, 10.9893445], [106.656917, 10.9896492], [106.6570086, 10.9898289], [106.6571409, 10.9901635], [106.6572531, 10.9903796]]}}, {"type": "Feature", "properties": {"name": "", "fclass": "residential"}, "geometry": {"type": "LineString", "coordinates": [[106.6569376, 10.9908431], [106.6569354, 10.9906921], [106.6570017, 10.9905718], [106.6572009, 10.9904163], [106.6572531, 10.9903796], [106.6575214, 10.9901907], [106.6575482, 10.9901721], [106.6577244, 10.9900503], [106.6577848, 10.9899993], [106.6577299, 10.9899254], [106.6576644, 10.9897896], [106.6575942, 10.9896731], [106.6575546, 10.9895038], [106.6575916, 10.9894224], [106.6576374, 10.9893766], [106.6578436, 10.9890709], [106.6579139, 10.9889647], [106.6579551, 10.9888978], [106.657994, 10.9888328], [106.6579992, 10.9887709], [106.6579818, 10.9886666], [106.6579538, 10.9885904], [106.6579288, 10.9885382], [106.6578771, 10.9884533]]}}, {"type": "Feature", "properties": {"name": "", "fclass": "service"}, "geometry": {"type": "LineString", "coordinates": [[106.6562913, 10.9908695], [106.6562296, 10.9908072], [106.6561331, 10.9907532], [106.656058, 10.9906966], [106.6559789, 10.9906215], [106.655889, 10.9905241], [106.6558253, 10.9904399], [106.6557482, 10.990349], [106.6557012, 10.9902977], [106.6556744, 10.9902865], [106.6556449, 10.9902825], [106.6556168, 10.9902898], [106.6555557, 10.9903082], [106.6554867, 10.9903148], [106.6554511, 10.9903095], [106.655429, 10.9902924]]}}, {"type": "Feature", "properties": {"name": "", "fclass": "service"}, "geometry": {"type": "LineString", "coordinates": [[106.6575482, 10.9901721], [106.6577263, 10.9905136], [106.6578631, 10.9907874], [106.658016, 10.9911587]]}}, {"type": "Feature", "properties": {"name": "", "fclass": "service"}, "geometry": {"type": "LineString", "coordinates": [[106.6560385, 10.9914437], [106.6561076, 10.9913989], [106.6561592, 10.9913917], [106.6562665, 10.9913923], [106.6563061, 10.9913759], [106.6563919, 10.991341], [106.656416, 10.9913114], [106.6562819, 10.9910652], [106.6562619, 10.9910072], [106.6562498, 10.9909546], [106.656243, 10.9909125], [106.6562297, 10.9908677], [106.6562913, 10.9908695], [106.6568246, 10.9906548]]}}, {"type": "Feature", "properties": {"name": "", "fclass": "service"}, "geometry": {"type": "LineString", "coordinates": [[106.6552987, 10.9916947], [106.6555926, 10.9915484], [106.6555738, 10.9910784], [106.6556114, 10.9910415], [106.6557777, 10.9910073], [106.6561009, 10.9909085], [106.6561773, 10.9908737], [106.6562297, 10.9908677]]}}, {"type": "Feature", "properties": {"name": "", "fclass": "service"}, "geometry": {"type": "LineString", "coordinates": [[106.6571628, 10.9915539], [106.656864, 10.9916063], [106.6565924, 10.9916879], [106.6565602, 10.9917228], [106.6564891, 10.9917439], [106.6563007, 10.9917972], [106.6559782, 10.9919282]]}}, {"type": "Feature", "properties": {"name": "", "fclass": "service"}, "geometry": {"type": "LineString", "coordinates": [[106.6577879, 10.99249], [106.6576914, 10.9916379]]}}, {"type": "Feature", "properties": {"name": "", "fclass": "trunk_link"}, "geometry": {"type": "LineString", "coordinates": [[106.655852, 10.9924776], [106.6560093, 10.9926204], [106.6561863, 10.9926599], [106.656429, 10.9926899]]}}, {"type": "Feature", "properties": {"name": "", "fclass": "primary_link"}, "geometry": {"type": "LineString", "coordinates": [[106.6554807, 10.9927555], [106.6555496, 10.9927421], [106.6556268, 10.9927121], [106.6556669, 10.9926824], [106.6557717, 10.9926048], [106.6558199, 10.9925416], [106.655852, 10.9924776]]}}, {"type": "Feature", "properties": {"name": "", "fclass": "residential"}, "geometry": {"type": "LineString", "coordinates": [[106.6528344, 10.9898788], [106.6528903, 10.9898817], [106.6529345, 10.989904], [106.6530056, 10.989987], [106.6530995, 10.9901094], [106.653114, 10.990126], [106.6532553, 10.9902871]]}}, {"type": "Feature", "properties": {"name": "", "fclass": "residential"}, "geometry": {"type": "LineString", "coordinates": [[106.6527337, 10.9907117], [106.6527688, 10.9906218], [106.652825, 10.9905541], [106.6528939, 10.9904902], [106.6529654, 10.9904187], [106.6531225, 10.9903372], [106.6532553, 10.9902871], [106.6533459, 10.9902771], [106.6533919, 10.9902808], [106.6535132, 10.9902332], [106.6536217, 10.9902019], [106.6536472, 10.9901442], [106.653646, 10.9900602], [106.6536344, 10.9900298], [106.6536268, 10.9900101], [106.6536294, 10.9899349], [106.6536728, 10.9898472], [106.6537226, 10.989777], [106.653803, 10.9897318], [106.6538745, 10.9896667], [106.6538855, 10.9896573]]}}, {"type": "Feature", "properties": {"name": "", "fclass": "residential"}, "geometry": {"type": "LineString", "coordinates": [[106.6537066, 10.9908224], [106.6536893, 10.9907997], [106.6536758, 10.9907563], [106.653672, 10.9905957], [106.6536566, 10.9905031], [106.6536447, 10.99043]]}}, {"type": "Feature", "properties": {"name": "", "fclass": "residential"}, "geometry": {"type": "LineString", "coordinates": [[106.6538463, 10.9911797], [106.6538655, 10.9911283], [106.6538706, 10.9910543], [106.653868, 10.990949], [106.6539024, 10.9908468], [106.6539089, 10.9908275], [106.6539753, 10.9907021], [106.6540251, 10.9905417], [106.6540583, 10.9904452], [106.6540889, 10.9903637], [106.6541566, 10.9902095], [106.6541961, 10.9901506]]}}, {"type": "Feature", "properties": {"name": "", "fclass": "residential"}, "geometry": {"type": "LineString", "coordinates": [[106.6523803, 10.9911561], [106.6524217, 10.9911154], [106.6524414, 10.9910831], [106.6524546, 10.9910613], [106.6524716, 10.9909946], [106.6524981, 10.9908893], [106.6525324, 10.9907373], [106.6526909, 10.9907195], [106.6527337, 10.9907117], [106.6528007, 10.9906995], [106.6529054, 10.9906782], [106.6530267, 10.9906481], [106.6531518, 10.9905967], [106.6532731, 10.9905441], [106.6534353, 10.9904977], [106.6535796, 10.9904563], [106.6536447, 10.99043]]}}, {"type": "Feature", "properties": {"name": "", "fclass": "residential"}, "geometry": {"type": "LineString", "coordinates": [[106.6533699, 10.990845], [106.6535354, 10.9908186], [106.6536758, 10.9907563]]}}, {"type": "Feature", "properties": {"name": "", "fclass": "residential"}, "geometry": {"type": "LineString", "coordinates": [[106.6539024, 10.9908468], [106.6537316, 10.9908337], [106.6537066, 10.9908224]]}}, {"type": "Feature", "properties": {"name": "", "fclass": "service"}, "geometry": {"type": "LineString", "coordinates": [[106.6556114, 10.9910415], [106.6555256, 10.9910007], [106.6554813, 10.9909665], [106.6554357, 10.990927], [106.6553673, 10.9908638], [106.6553271, 10.9908361], [106.6552345, 10.9907953], [106.6551527, 10.9907624]]}}, {"type": "Feature", "properties": {"name": "", "fclass": "residential"}, "geometry": {"type": "LineString", "coordinates": [[106.6524414, 10.9910831], [106.652513, 10.9911259], [106.652582, 10.9911613], [106.6526489, 10.9911905], [106.6527115, 10.9912071], [106.6528017, 10.991229], [106.6529047, 10.9912405], [106.6530724, 10.9912384], [106.6531499, 10.9912175]]}}, {"type": "Feature", "properties": {"name": "", "fclass": "residential"}, "geometry": {"type": "LineString", "coordinates": [[106.6538128, 10.9917281], [106.6539192, 10.9916306], [106.6539528, 10.9915698], [106.6539775, 10.9914813], [106.6539775, 10.9914257], [106.6539616, 10.9913789], [106.6538537, 10.9912747], [106.6538378, 10.9912417], [106.6538378, 10.9912122], [106.6538463, 10.9911797]]}}, {"type": "Feature", "properties": {"name": "", "fclass": "service"}, "geometry": {"type": "LineString", "coordinates": [[106.6589276, 10.9903635], [106.6594107, 10.9902253]]}}, {"type": "Feature", "properties": {"name": "", "fclass": "service"}, "geometry": {"type": "LineString", "coordinates": [[106.6602691, 10.9907194], [106.6601242, 10.9907802], [106.6597199, 10.9909461]]}}, {"type": "Feature", "properties": {"name": "", "fclass": "residential"}, "geometry": {"type": "LineString", "coordinates": [[106.6595479, 10.9923339], [106.6594885, 10.9918893], [106.6594663, 10.9918134], [106.6594242, 10.9916695], [106.6589276, 10.9903635], [106.658767, 10.9899411]]}}, {"type": "Feature", "properties": {"name": "", "fclass": "service"}, "geometry": {"type": "LineString", "coordinates": [[106.6600475, 10.9916403], [106.6599579, 10.9916919], [106.6598654, 10.9917379], [106.6597608, 10.9917656], [106.6596133, 10.9917959], [106.6594663, 10.9918134]]}}, {"type": "Feature", "properties": {"name": "", "fclass": "service"}, "geometry": {"type": "LineString", "coordinates": [[106.6586583, 10.9924189], [106.6586014, 10.9922291], [106.6585665, 10.9920387], [106.6585268, 10.991902]]}}, {"type": "Feature", "properties": {"name": "Đại lộ Bình Dương", "fclass": "trunk"}, "geometry": {"type": "LineString", "coordinates": [[106.6559694, 10.9928403], [106.6560236, 10.9928227], [106.6560778, 10.9928051], [106.656429, 10.9926899], [106.6564925, 10.9926691], [106.6568689, 10.9925806], [106.6573125, 10.992535], [106.6574779, 10.992518], [106.6577879, 10.99249], [106.6578191, 10.9924872], [106.6586583, 10.9924189], [106.6589263, 10.9923971], [106.6595479, 10.9923339], [106.6601146, 10.9922636], [106.6604926, 10.9922378], [106.6609251, 10.9921831], [106.6612421, 10.9921067], [106.6616033, 10.9919843]]}}, {"type": "Feature", "properties": {"name": "Nguyễn Văn Tiết", "fclass": "tertiary"}, "geometry": {"type": "LineString", "coordinates": [[106.655852, 10.9924776], [106.6559694, 10.9928403]]}}, {"type": "Feature", "properties": {"name": "", "fclass": "tertiary"}, "geometry": {"type": "LineString", "coordinates": [[106.6558739, 10.9928777], [106.6558743, 10.9927837], [106.6558747, 10.9926867], [106.6558721, 10.9926001], [106.6558651, 10.9925256], [106.655852, 10.9924776]]}}, {"type": "Feature", "properties": {"name": "", "fclass": "primary"}, "geometry": {"type": "LineString", "coordinates": [[106.6554807, 10.9927555], [106.6555844, 10.9927565], [106.6556858, 10.9927613], [106.655791, 10.9927726], [106.6558743, 10.9927837], [106.6558937, 10.9927863], [106.6559369, 10.9928024], [106.6559694, 10.9928403]]}}, {"type": "Feature", "properties": {"name": "", "fclass": "primary"}, "geometry": {"type": "LineString", "coordinates": [[106.6558152, 10.9928945], [106.6557681, 10.9928478], [106.6557185, 10.9928148], [106.6556964, 10.9928057], [106.6556581, 10.9927898], [106.6555803, 10.9927714], [106.6554807, 10.9927555]]}}, {"type": "Feature", "properties": {"name": "Đại lộ Bình Dương", "fclass": "trunk"}, "geometry": {"type": "LineString", "coordinates": [[106.6558739, 10.9928777], [106.6559694, 10.9928403]]}}, {"type": "Feature", "properties": {"name": "Đại lộ Bình Dương", "fclass": "trunk"}, "geometry": {"type": "LineString", "coordinates": [[106.6558152, 10.9928945], [106.6558739, 10.9928777]]}}, {"type": "Feature", "properties": {"name": "", "fclass": "trunk_link"}, "geometry": {"type": "LineString", "coordinates": [[106.6559694, 10.9928403], [106.65598173379124, 10.992869716306954]]}}, {"type": "Feature", "properties": {"name": "", "fclass": "trunk_link"}, "geometry": {"type": "LineString", "coordinates": [[106.6558728222665, 10.992922061840753], [106.6558739, 10.9928777]]}}, {"type": "Feature", "properties": {"name": "", "fclass": "primary"}, "geometry": {"type": "LineString", "coordinates": [[106.65584033980888, 10.992939831889398], [106.6558152, 10.9928945]]}}, {"type": "Feature", "properties": {"name": "", "fclass": "residential"}, "geometry": {"type": "LineString", "coordinates": [[106.6535137, 10.9922004], [106.6535286, 10.9921835], [106.6536287, 10.9919798], [106.6536851, 10.9918743], [106.6537808, 10.9917657], [106.6538128, 10.9917281]]}}, {"type": "Feature", "properties": {"name": "Huỳnh Văn Cù", "fclass": "primary"}, "geometry": {"type": "LineString", "coordinates": [[106.6543479, 10.9925704], [106.6541532, 10.9925208], [106.6540796, 10.9924928], [106.6539157, 10.9924306], [106.6537319, 10.9923153], [106.6536689, 10.9922778], [106.6535429, 10.9922125], [106.6535137, 10.9922004], [106.6533131, 10.9921172], [106.6530654, 10.9920546], [106.6528585, 10.9919994], [106.6527027, 10.9919418], [106.6526597, 10.991922], [106.6525444, 10.9918691], [106.6523554, 10.9917763], [106.6523122, 10.9917521], [106.6522124, 10.9916961], [106.6520758, 10.9916397], [106.6518843, 10.9915895], [106.6516851, 10.991562], [106.6513199, 10.9915331], [106.6512787, 10.9915309], [106.6510998, 10.9915213]]}}, {"type": "Feature", "properties": {"name": "Huỳnh Văn Cù", "fclass": "primary"}, "geometry": {"type": "LineString", "coordinates": [[106.6554807, 10.9927555], [106.6554592, 10.992751], [106.6554377, 10.9927464], [106.6549857, 10.9926763], [106.6549651, 10.9926731], [106.6547744, 10.9926431], [106.6543958, 10.9925835], [106.6543479, 10.9925704]]}}, {"type": "Feature", "properties": {"name": "", "fclass": "residential"}, "geometry": {"type": "LineString", "coordinates": [[106.6534857, 10.9929084], [106.6533784, 10.992861], [106.653298, 10.9928294], [106.6532068, 10.9927979], [106.6531022, 10.992761], [106.6530485, 10.9927452], [106.6530271, 10.992811], [106.653019, 10.9928321], [106.6528903, 10.9927926], [106.6527669, 10.9927452], [106.6526006, 10.992682]]}}, {"type": "Feature", "properties": {"name": "", "fclass": "residential"}, "geometry": {"type": "LineString", "coordinates": [[106.6536689, 10.9922778], [106.6535903, 10.992553], [106.6535313, 10.9927294], [106.6534857, 10.9929084], [106.6534294, 10.993098], [106.6533945, 10.9932244], [106.653365, 10.9933166], [106.6533409, 10.993385], [106.6533248, 10.9934271]]}}, {"type": "Feature", "properties": {"name": "", "fclass": "residential"}, "geometry": {"type": "LineString", "coordinates": [[106.6538553, 10.9933138], [106.6540796, 10.9924928]]}}, {"type": "Feature", "properties": {"name": "", "fclass": "trunk_link"}, "geometry": {"type": "LineString", "coordinates": [[106.6551682, 10.9932878], [106.6552109, 10.9931713], [106.655225, 10.9931035], [106.6552144, 10.9930219], [106.6551861, 10.9929385], [106.6551365, 10.9928499], [106.6550764, 10.9927752], [106.6549651, 10.9926731]]}}, {"type": "Feature", "properties": {"name": "", "fclass": "service"}, "geometry": {"type": "LineString", "coordinates": [[106.6547744, 10.9926431], [106.6547446, 10.9927969], [106.6547334, 10.9928682], [106.6547342, 10.9931156], [106.6547395, 10.9932762], [106.6547416, 10.9933131], [106.6547483, 10.9933368], [106.6547644, 10.9933631], [106.6548386, 10.9934786]]}}, {"type": "Feature", "properties": {"name": "", "fclass": "residential"}, "geometry": {"type": "LineString", "coordinates": [[106.653298, 10.9928294], [106.653133, 10.9933348]]}}, {"type": "Feature", "properties": {"name": "", "fclass": "trunk_link"}, "geometry": {"type": "LineString", "coordinates": [[106.653937, 10.9940328], [106.65394708707655, 10.99404864864857]]}}, {"type": "Feature", "properties": {"name": "Đại lộ Bình Dương", "fclass": "trunk"}, "geometry": {"type": "MultiLineString", "coordinates": [[[106.6499292, 10.9964035], [106.6500552, 10.9963331], [106.6502761, 10.9962097], [106.6509061, 10.9958608], [106.6518343, 10.9953167], [106.65195416414164, 10.995246424777623]], [[106.65276931113584, 10.994756509390418], [106.6533424, 10.9944033], [106.653937, 10.9940328], [106.6540278, 10.9939763], [106.6546885, 10.9935655], [106.6548386, 10.9934786], [106.6550484, 10.9933571], [106.6551682, 10.9932878], [106.6555541, 10.9930532], [106.6557293, 10.9929433], [106.6558152, 10.9928945]]]}}]}